timestamp,url,domain,category,browser
2026-02-01 00:01:14,https://amazon.com/page21,amazon.com,shopping,chrome
2026-02-01 00:02:30,https://amazon.com/page8,amazon.com,shopping,chrome
2026-02-01 00:04:27,https://stackoverflow.com/page8,stackoverflow.com,learning,chrome
2026-02-01 00:06:25,https://kaggle.com/page71,kaggle.com,learning,chrome
2026-02-01 00:06:47,https://primevideo.com/page5,primevideo.com,video,edge
2026-02-01 00:08:20,https://instagram.com/page77,instagram.com,social,edge
2026-02-01 00:35:20,https://youtube.com/page40,youtube.com,video,edge
2026-02-01 00:36:05,https://hotstar.com/page35,hotstar.com,video,edge
2026-02-01 00:37:25,https://github.com/page12,github.com,learning,edge
2026-02-01 00:38:31,https://youtube.com/page77,youtube.com,video,edge
2026-02-01 00:39:35,https://instagram.com/page62,instagram.com,social,chrome
2026-02-01 00:40:51,https://amazon.com/page15,amazon.com,shopping,edge
2026-02-01 00:41:10,https://amazon.com/page57,amazon.com,shopping,chrome
2026-02-01 00:42:52,https://medium.com/page88,medium.com,learning,chrome
2026-02-01 00:44:08,https://x.com/page21,x.com,social,chrome
2026-02-01 00:45:18,https://stackoverflow.com/page81,stackoverflow.com,learning,edge
2026-02-01 00:46:01,https://netflix.com/page95,netflix.com,video,chrome
2026-02-01 00:46:32,https://github.com/page76,github.com,learning,edge
2026-02-01 00:46:48,https://coursera.org/page27,coursera.org,learning,edge
2026-02-01 00:47:35,https://coursera.org/page11,coursera.org,learning,edge
2026-02-01 00:48:25,https://flipkart.com/page41,flipkart.com,shopping,edge
2026-02-01 00:48:41,https://coursera.org/page8,coursera.org,learning,chrome
2026-02-01 00:48:54,https://netflix.com/page49,netflix.com,video,edge
2026-02-01 00:49:08,https://youtube.com/page99,youtube.com,video,edge
2026-02-01 00:49:33,https://stackoverflow.com/page17,stackoverflow.com,learning,chrome
2026-02-01 00:50:07,https://coursera.org/page52,coursera.org,learning,chrome
2026-02-01 00:51:34,https://primevideo.com/page86,primevideo.com,video,chrome
2026-02-01 00:51:53,https://kaggle.com/page17,kaggle.com,learning,edge
2026-02-01 00:53:39,https://kaggle.com/page84,kaggle.com,learning,chrome
2026-02-01 00:54:44,https://netflix.com/page12,netflix.com,video,edge
2026-02-01 00:55:27,https://kaggle.com/page92,kaggle.com,learning,edge
2026-02-01 00:57:00,https://kaggle.com/page73,kaggle.com,learning,chrome
2026-02-01 01:37:00,https://x.com/page20,x.com,social,chrome
2026-02-01 01:38:10,https://kaggle.com/page52,kaggle.com,learning,chrome
2026-02-01 01:39:21,https://hotstar.com/page31,hotstar.com,video,edge
2026-02-01 01:40:01,https://kaggle.com/page19,kaggle.com,learning,chrome
2026-02-01 01:40:35,https://instagram.com/page59,instagram.com,social,chrome
2026-02-01 01:41:26,https://reddit.com/page15,reddit.com,social,chrome
2026-02-01 01:42:51,https://medium.com/page37,medium.com,learning,chrome
2026-02-01 01:43:48,https://flipkart.com/page52,flipkart.com,shopping,chrome
2026-02-01 01:44:27,https://amazon.com/page48,amazon.com,shopping,edge
2026-02-01 01:46:05,https://hotstar.com/page85,hotstar.com,video,chrome
2026-02-01 01:47:41,https://stackoverflow.com/page49,stackoverflow.com,learning,chrome
2026-02-01 01:48:05,https://netflix.com/page8,netflix.com,video,edge
2026-02-01 01:48:21,https://flipkart.com/page28,flipkart.com,shopping,chrome
2026-02-01 01:48:33,https://youtube.com/page77,youtube.com,video,chrome
2026-02-01 01:49:34,https://reddit.com/page18,reddit.com,social,edge
2026-02-01 01:49:47,https://x.com/page46,x.com,social,chrome
2026-02-01 01:50:59,https://hotstar.com/page28,hotstar.com,video,chrome
2026-02-01 02:40:59,https://coursera.org/page52,coursera.org,learning,chrome
2026-02-01 02:42:39,https://hotstar.com/page20,hotstar.com,video,chrome
2026-02-01 02:43:05,https://stackoverflow.com/page6,stackoverflow.com,learning,edge
2026-02-01 02:44:51,https://kaggle.com/page82,kaggle.com,learning,chrome
2026-02-01 02:46:49,https://netflix.com/page58,netflix.com,video,edge
2026-02-01 02:47:46,https://stackoverflow.com/page90,stackoverflow.com,learning,edge
2026-02-01 02:48:29,https://coursera.org/page69,coursera.org,learning,chrome
2026-02-01 02:49:32,https://facebook.com/page94,facebook.com,social,edge
2026-02-01 02:49:45,https://amazon.com/page81,amazon.com,shopping,edge
2026-02-01 02:50:13,https://amazon.com/page27,amazon.com,shopping,chrome
2026-02-01 02:51:29,https://youtube.com/page74,youtube.com,video,chrome
2026-02-01 02:52:59,https://amazon.com/page77,amazon.com,shopping,chrome
2026-02-01 03:45:59,https://reddit.com/page70,reddit.com,social,chrome
2026-02-01 03:47:08,https://primevideo.com/page89,primevideo.com,video,chrome
2026-02-01 03:48:11,https://netflix.com/page49,netflix.com,video,edge
2026-02-01 03:49:39,https://coursera.org/page64,coursera.org,learning,chrome
2026-02-01 03:50:28,https://flipkart.com/page5,flipkart.com,shopping,chrome
2026-02-01 03:51:19,https://flipkart.com/page42,flipkart.com,shopping,edge
2026-02-01 03:51:42,https://facebook.com/page51,facebook.com,social,edge
2026-02-01 03:53:08,https://primevideo.com/page63,primevideo.com,video,chrome
2026-02-01 03:53:39,https://amazon.com/page87,amazon.com,shopping,chrome
2026-02-01 03:54:18,https://primevideo.com/page71,primevideo.com,video,chrome
2026-02-01 03:56:16,https://reddit.com/page94,reddit.com,social,chrome
2026-02-01 03:57:46,https://reddit.com/page42,reddit.com,social,edge
2026-02-01 03:59:45,https://coursera.org/page50,coursera.org,learning,edge
2026-02-01 04:00:41,https://wikipedia.org/page95,wikipedia.org,other,edge
2026-02-01 04:02:18,https://netflix.com/page57,netflix.com,video,chrome
2026-02-01 04:50:18,https://instagram.com/page84,instagram.com,social,chrome
2026-02-01 04:52:12,https://kaggle.com/page73,kaggle.com,learning,chrome
2026-02-01 04:53:25,https://medium.com/page64,medium.com,learning,edge
2026-02-01 05:30:25,https://stackoverflow.com/page91,stackoverflow.com,learning,edge
2026-02-01 05:31:30,https://instagram.com/page41,instagram.com,social,chrome
2026-02-01 05:33:11,https://x.com/page77,x.com,social,chrome
2026-02-01 06:05:11,https://youtube.com/page31,youtube.com,video,chrome
2026-02-01 06:26:11,https://stackoverflow.com/page44,stackoverflow.com,learning,edge
2026-02-01 06:28:00,https://coursera.org/page65,coursera.org,learning,chrome
2026-02-01 06:29:05,https://instagram.com/page31,instagram.com,social,chrome
2026-02-01 06:29:43,https://coursera.org/page33,coursera.org,learning,edge
2026-02-01 06:30:01,https://flipkart.com/page95,flipkart.com,shopping,chrome
2026-02-01 06:31:19,https://x.com/page67,x.com,social,chrome
2026-02-01 06:31:32,https://flipkart.com/page89,flipkart.com,shopping,chrome
2026-02-01 07:27:32,https://wikipedia.org/page94,wikipedia.org,other,edge
2026-02-01 07:28:18,https://wikipedia.org/page92,wikipedia.org,other,edge
2026-02-01 07:28:55,https://flipkart.com/page3,flipkart.com,shopping,edge
2026-02-01 07:29:19,https://instagram.com/page93,instagram.com,social,edge
2026-02-01 07:29:57,https://github.com/page34,github.com,learning,chrome
2026-02-01 07:31:03,https://reddit.com/page7,reddit.com,social,edge
2026-02-01 07:32:22,https://kaggle.com/page42,kaggle.com,learning,chrome
2026-02-01 07:33:20,https://youtube.com/page8,youtube.com,video,chrome
2026-02-01 07:33:45,https://netflix.com/page40,netflix.com,video,chrome
2026-02-01 08:12:45,https://hotstar.com/page88,hotstar.com,video,edge
2026-02-01 08:42:45,https://wikipedia.org/page59,wikipedia.org,other,edge
2026-02-01 08:44:05,https://kaggle.com/page1,kaggle.com,learning,chrome
2026-02-01 08:44:57,https://reddit.com/page94,reddit.com,social,chrome
2026-02-01 08:46:28,https://instagram.com/page31,instagram.com,social,chrome
2026-02-01 08:46:44,https://hotstar.com/page92,hotstar.com,video,edge
2026-02-01 09:10:44,https://x.com/page80,x.com,social,chrome
2026-02-01 09:11:15,https://facebook.com/page2,facebook.com,social,chrome
2026-02-01 09:12:22,https://kaggle.com/page94,kaggle.com,learning,edge
2026-02-01 09:13:53,https://stackoverflow.com/page99,stackoverflow.com,learning,edge
2026-02-01 09:15:35,https://coursera.org/page53,coursera.org,learning,edge
2026-02-01 09:17:20,https://stackoverflow.com/page66,stackoverflow.com,learning,edge
2026-02-01 09:18:46,https://github.com/page46,github.com,learning,edge
2026-02-01 09:19:28,https://stackoverflow.com/page43,stackoverflow.com,learning,edge
2026-02-01 09:20:46,https://reddit.com/page22,reddit.com,social,chrome
2026-02-01 09:22:46,https://hotstar.com/page41,hotstar.com,video,chrome
2026-02-01 09:23:57,https://x.com/page25,x.com,social,chrome
2026-02-01 09:25:57,https://instagram.com/page82,instagram.com,social,chrome
2026-02-01 09:26:35,https://coursera.org/page78,coursera.org,learning,edge
2026-02-01 09:27:51,https://medium.com/page6,medium.com,learning,edge
2026-02-01 09:28:38,https://flipkart.com/page67,flipkart.com,shopping,chrome
2026-02-01 09:29:56,https://github.com/page85,github.com,learning,chrome
2026-02-01 09:31:35,https://primevideo.com/page58,primevideo.com,video,chrome
2026-02-01 09:32:38,https://wikipedia.org/page2,wikipedia.org,other,chrome
2026-02-01 10:10:38,https://x.com/page77,x.com,social,edge
2026-02-01 10:11:32,https://coursera.org/page69,coursera.org,learning,edge
2026-02-01 10:12:44,https://github.com/page93,github.com,learning,chrome
2026-02-01 10:14:19,https://flipkart.com/page36,flipkart.com,shopping,edge
2026-02-01 10:48:19,https://instagram.com/page67,instagram.com,social,chrome
2026-02-01 10:48:50,https://flipkart.com/page59,flipkart.com,shopping,chrome
2026-02-01 11:28:50,https://github.com/page83,github.com,learning,chrome
2026-02-01 11:30:28,https://youtube.com/page64,youtube.com,video,edge
2026-02-01 11:30:58,https://stackoverflow.com/page94,stackoverflow.com,learning,edge
2026-02-01 11:31:37,https://kaggle.com/page12,kaggle.com,learning,chrome
2026-02-01 11:32:38,https://medium.com/page78,medium.com,learning,chrome
2026-02-01 11:32:50,https://github.com/page43,github.com,learning,chrome
2026-02-01 11:33:20,https://coursera.org/page43,coursera.org,learning,chrome
2026-02-01 11:34:46,https://github.com/page17,github.com,learning,edge
2026-02-01 11:35:13,https://coursera.org/page4,coursera.org,learning,edge
2026-02-01 11:35:42,https://kaggle.com/page47,kaggle.com,learning,edge
2026-02-01 11:37:06,https://coursera.org/page64,coursera.org,learning,chrome
2026-02-01 11:38:56,https://netflix.com/page6,netflix.com,video,chrome
2026-02-01 11:40:00,https://facebook.com/page36,facebook.com,social,chrome
2026-02-01 11:41:28,https://medium.com/page50,medium.com,learning,edge
2026-02-01 11:42:00,https://instagram.com/page38,instagram.com,social,chrome
2026-02-01 11:42:48,https://primevideo.com/page2,primevideo.com,video,chrome
2026-02-01 11:43:08,https://kaggle.com/page13,kaggle.com,learning,chrome
2026-02-01 11:44:00,https://kaggle.com/page87,kaggle.com,learning,edge
2026-02-01 11:45:11,https://hotstar.com/page60,hotstar.com,video,edge
2026-02-01 11:46:26,https://coursera.org/page50,coursera.org,learning,chrome
2026-02-01 11:47:49,https://wikipedia.org/page10,wikipedia.org,other,edge
2026-02-01 11:49:13,https://coursera.org/page93,coursera.org,learning,edge
2026-02-01 11:51:07,https://wikipedia.org/page81,wikipedia.org,other,edge
2026-02-01 11:52:08,https://x.com/page22,x.com,social,chrome
2026-02-01 11:52:59,https://youtube.com/page32,youtube.com,video,edge
2026-02-01 11:54:41,https://x.com/page48,x.com,social,chrome
2026-02-01 11:56:38,https://github.com/page61,github.com,learning,chrome
2026-02-01 11:57:57,https://medium.com/page57,medium.com,learning,edge
2026-02-01 11:59:24,https://medium.com/page51,medium.com,learning,edge
2026-02-01 12:00:05,https://amazon.com/page31,amazon.com,shopping,chrome
2026-02-01 12:00:29,https://kaggle.com/page66,kaggle.com,learning,chrome
2026-02-01 12:01:52,https://x.com/page8,x.com,social,chrome
2026-02-01 12:03:10,https://wikipedia.org/page90,wikipedia.org,other,chrome
2026-02-01 12:05:04,https://youtube.com/page15,youtube.com,video,edge
2026-02-01 12:05:43,https://x.com/page63,x.com,social,chrome
2026-02-01 12:07:22,https://reddit.com/page14,reddit.com,social,chrome
2026-02-01 12:07:58,https://coursera.org/page98,coursera.org,learning,edge
2026-02-01 12:09:06,https://github.com/page29,github.com,learning,edge
2026-02-01 12:10:25,https://netflix.com/page29,netflix.com,video,chrome
2026-02-01 12:11:29,https://youtube.com/page25,youtube.com,video,chrome
2026-02-01 12:13:15,https://reddit.com/page97,reddit.com,social,chrome
2026-02-01 12:41:15,https://x.com/page12,x.com,social,edge
2026-02-01 12:42:05,https://youtube.com/page3,youtube.com,video,chrome
2026-02-01 12:42:59,https://primevideo.com/page72,primevideo.com,video,edge
2026-02-01 12:44:29,https://flipkart.com/page5,flipkart.com,shopping,chrome
2026-02-01 12:45:40,https://instagram.com/page47,instagram.com,social,edge
2026-02-01 13:45:40,https://amazon.com/page53,amazon.com,shopping,edge
2026-02-01 13:46:40,https://amazon.com/page2,amazon.com,shopping,edge
2026-02-01 13:47:54,https://reddit.com/page63,reddit.com,social,edge
2026-02-01 13:48:51,https://x.com/page27,x.com,social,chrome
2026-02-01 13:50:17,https://amazon.com/page41,amazon.com,shopping,chrome
2026-02-01 14:29:17,https://x.com/page4,x.com,social,edge
2026-02-01 14:29:32,https://instagram.com/page9,instagram.com,social,chrome
2026-02-01 14:30:39,https://youtube.com/page96,youtube.com,video,chrome
2026-02-01 14:31:37,https://medium.com/page76,medium.com,learning,chrome
2026-02-01 14:32:34,https://kaggle.com/page54,kaggle.com,learning,chrome
2026-02-01 14:33:48,https://youtube.com/page38,youtube.com,video,chrome
2026-02-01 14:34:35,https://instagram.com/page43,instagram.com,social,edge
2026-02-01 14:36:32,https://hotstar.com/page79,hotstar.com,video,edge
2026-02-01 14:38:31,https://hotstar.com/page70,hotstar.com,video,chrome
2026-02-01 14:39:59,https://youtube.com/page92,youtube.com,video,edge
2026-02-01 14:40:59,https://flipkart.com/page6,flipkart.com,shopping,chrome
2026-02-01 14:41:42,https://stackoverflow.com/page38,stackoverflow.com,learning,edge
2026-02-01 14:42:21,https://facebook.com/page67,facebook.com,social,chrome
2026-02-01 14:42:59,https://amazon.com/page88,amazon.com,shopping,chrome
2026-02-01 14:43:13,https://coursera.org/page80,coursera.org,learning,chrome
2026-02-01 14:44:43,https://hotstar.com/page9,hotstar.com,video,chrome
2026-02-01 14:45:47,https://reddit.com/page60,reddit.com,social,chrome
2026-02-01 14:47:04,https://hotstar.com/page99,hotstar.com,video,chrome
2026-02-01 14:48:41,https://primevideo.com/page27,primevideo.com,video,chrome
2026-02-01 14:49:23,https://flipkart.com/page53,flipkart.com,shopping,chrome
2026-02-01 14:50:43,https://x.com/page92,x.com,social,chrome
2026-02-01 14:51:50,https://hotstar.com/page97,hotstar.com,video,chrome
2026-02-01 14:52:06,https://facebook.com/page89,facebook.com,social,edge
2026-02-01 14:53:36,https://medium.com/page94,medium.com,learning,edge
2026-02-01 15:33:36,https://netflix.com/page99,netflix.com,video,edge
2026-02-01 15:34:07,https://github.com/page18,github.com,learning,chrome
2026-02-01 15:35:25,https://flipkart.com/page83,flipkart.com,shopping,chrome
2026-02-01 15:36:43,https://flipkart.com/page31,flipkart.com,shopping,edge
2026-02-01 15:37:33,https://coursera.org/page13,coursera.org,learning,edge
2026-02-01 15:38:00,https://wikipedia.org/page60,wikipedia.org,other,chrome
2026-02-01 16:16:00,https://instagram.com/page70,instagram.com,social,chrome
2026-02-01 16:17:49,https://coursera.org/page61,coursera.org,learning,edge
2026-02-01 16:19:11,https://facebook.com/page45,facebook.com,social,edge
2026-02-01 16:20:46,https://hotstar.com/page9,hotstar.com,video,chrome
2026-02-01 16:21:49,https://coursera.org/page60,coursera.org,learning,chrome
2026-02-01 16:54:49,https://kaggle.com/page32,kaggle.com,learning,edge
2026-02-01 16:56:05,https://instagram.com/page43,instagram.com,social,edge
2026-02-01 16:56:21,https://instagram.com/page40,instagram.com,social,chrome
2026-02-01 16:56:39,https://reddit.com/page90,reddit.com,social,chrome
2026-02-01 16:58:25,https://netflix.com/page68,netflix.com,video,edge
2026-02-01 16:58:52,https://stackoverflow.com/page22,stackoverflow.com,learning,edge
2026-02-01 17:00:24,https://netflix.com/page35,netflix.com,video,chrome
2026-02-01 17:01:00,https://facebook.com/page7,facebook.com,social,edge
2026-02-01 17:02:57,https://instagram.com/page95,instagram.com,social,chrome
2026-02-01 17:04:46,https://netflix.com/page2,netflix.com,video,chrome
2026-02-01 17:05:38,https://kaggle.com/page4,kaggle.com,learning,chrome
2026-02-01 17:06:58,https://netflix.com/page44,netflix.com,video,edge
2026-02-01 17:08:02,https://github.com/page72,github.com,learning,edge
2026-02-01 17:09:18,https://reddit.com/page99,reddit.com,social,chrome
2026-02-01 17:09:53,https://wikipedia.org/page18,wikipedia.org,other,edge
2026-02-01 17:45:53,https://coursera.org/page63,coursera.org,learning,edge
2026-02-01 17:47:34,https://wikipedia.org/page43,wikipedia.org,other,edge
2026-02-01 17:49:03,https://netflix.com/page91,netflix.com,video,edge
2026-02-01 17:50:58,https://amazon.com/page15,amazon.com,shopping,chrome
2026-02-01 17:51:41,https://facebook.com/page31,facebook.com,social,edge
2026-02-01 17:53:14,https://x.com/page48,x.com,social,edge
2026-02-01 17:53:27,https://youtube.com/page4,youtube.com,video,edge
2026-02-01 17:54:07,https://reddit.com/page44,reddit.com,social,chrome
2026-02-01 17:55:14,https://youtube.com/page83,youtube.com,video,edge
2026-02-01 17:55:39,https://youtube.com/page62,youtube.com,video,chrome
2026-02-01 17:56:36,https://medium.com/page78,medium.com,learning,chrome
2026-02-01 17:58:12,https://youtube.com/page74,youtube.com,video,chrome
2026-02-01 18:27:12,https://reddit.com/page62,reddit.com,social,edge
2026-02-01 18:28:28,https://medium.com/page86,medium.com,learning,edge
2026-02-01 18:28:52,https://flipkart.com/page45,flipkart.com,shopping,edge
2026-02-01 18:29:49,https://primevideo.com/page14,primevideo.com,video,chrome
2026-02-01 18:31:06,https://hotstar.com/page56,hotstar.com,video,edge
2026-02-01 18:32:53,https://facebook.com/page6,facebook.com,social,edge
2026-02-01 18:33:33,https://kaggle.com/page33,kaggle.com,learning,edge
2026-02-01 18:34:39,https://stackoverflow.com/page95,stackoverflow.com,learning,edge
2026-02-01 18:35:01,https://hotstar.com/page63,hotstar.com,video,edge
2026-02-01 18:36:56,https://youtube.com/page83,youtube.com,video,chrome
2026-02-01 18:38:50,https://youtube.com/page2,youtube.com,video,chrome
2026-02-01 18:39:40,https://amazon.com/page62,amazon.com,shopping,edge
2026-02-01 18:40:44,https://youtube.com/page60,youtube.com,video,edge
2026-02-01 18:42:01,https://amazon.com/page34,amazon.com,shopping,edge
2026-02-01 18:42:12,https://instagram.com/page57,instagram.com,social,edge
2026-02-01 18:43:51,https://facebook.com/page77,facebook.com,social,edge
2026-02-01 18:44:55,https://reddit.com/page16,reddit.com,social,edge
2026-02-01 18:45:44,https://x.com/page41,x.com,social,chrome
2026-02-01 18:47:18,https://youtube.com/page35,youtube.com,video,chrome
2026-02-01 18:47:35,https://primevideo.com/page34,primevideo.com,video,edge
2026-02-01 18:48:34,https://wikipedia.org/page3,wikipedia.org,other,chrome
2026-02-01 18:49:26,https://reddit.com/page47,reddit.com,social,edge
2026-02-01 18:50:04,https://youtube.com/page91,youtube.com,video,edge
2026-02-01 18:51:55,https://primevideo.com/page69,primevideo.com,video,chrome
2026-02-01 18:53:47,https://medium.com/page90,medium.com,learning,chrome
2026-02-01 18:55:20,https://reddit.com/page74,reddit.com,social,edge
2026-02-01 18:55:32,https://reddit.com/page8,reddit.com,social,chrome
2026-02-01 18:55:49,https://netflix.com/page67,netflix.com,video,chrome
2026-02-01 18:56:25,https://medium.com/page87,medium.com,learning,chrome
2026-02-01 18:58:01,https://coursera.org/page33,coursera.org,learning,chrome
2026-02-01 18:59:33,https://facebook.com/page98,facebook.com,social,chrome
2026-02-01 19:00:56,https://primevideo.com/page70,primevideo.com,video,chrome
2026-02-01 19:01:56,https://medium.com/page57,medium.com,learning,chrome
2026-02-01 19:03:32,https://kaggle.com/page69,kaggle.com,learning,edge
2026-02-01 19:04:44,https://hotstar.com/page75,hotstar.com,video,chrome
2026-02-01 19:06:16,https://x.com/page84,x.com,social,chrome
2026-02-01 19:55:16,https://primevideo.com/page70,primevideo.com,video,edge
2026-02-01 19:57:11,https://instagram.com/page7,instagram.com,social,edge
2026-02-01 19:58:44,https://wikipedia.org/page47,wikipedia.org,other,chrome
2026-02-01 19:59:39,https://reddit.com/page23,reddit.com,social,chrome
2026-02-01 20:00:08,https://instagram.com/page34,instagram.com,social,edge
2026-02-01 20:00:36,https://github.com/page55,github.com,learning,chrome
2026-02-01 20:01:26,https://medium.com/page99,medium.com,learning,chrome
2026-02-01 20:01:40,https://stackoverflow.com/page53,stackoverflow.com,learning,edge
2026-02-01 20:02:25,https://x.com/page29,x.com,social,edge
2026-02-01 20:02:43,https://coursera.org/page76,coursera.org,learning,edge
2026-02-01 20:03:03,https://medium.com/page4,medium.com,learning,edge
2026-02-01 20:04:47,https://youtube.com/page10,youtube.com,video,chrome
2026-02-01 20:05:02,https://amazon.com/page82,amazon.com,shopping,chrome
2026-02-01 20:05:38,https://amazon.com/page49,amazon.com,shopping,chrome
2026-02-01 20:06:10,https://netflix.com/page47,netflix.com,video,chrome
2026-02-01 20:08:07,https://stackoverflow.com/page49,stackoverflow.com,learning,chrome
2026-02-01 20:09:25,https://wikipedia.org/page71,wikipedia.org,other,chrome
2026-02-01 20:09:37,https://wikipedia.org/page75,wikipedia.org,other,chrome
2026-02-01 20:11:13,https://wikipedia.org/page22,wikipedia.org,other,chrome
2026-02-01 20:11:57,https://youtube.com/page49,youtube.com,video,chrome
2026-02-01 20:32:57,https://stackoverflow.com/page75,stackoverflow.com,learning,edge
2026-02-01 20:33:18,https://netflix.com/page91,netflix.com,video,chrome
2026-02-01 20:35:12,https://youtube.com/page57,youtube.com,video,edge
2026-02-01 20:35:48,https://github.com/page31,github.com,learning,chrome
2026-02-01 20:36:23,https://flipkart.com/page76,flipkart.com,shopping,edge
2026-02-01 20:36:54,https://youtube.com/page71,youtube.com,video,edge
2026-02-01 20:37:09,https://github.com/page63,github.com,learning,chrome
2026-02-01 20:38:57,https://reddit.com/page46,reddit.com,social,edge
2026-02-01 20:39:33,https://flipkart.com/page1,flipkart.com,shopping,chrome
2026-02-01 20:40:57,https://github.com/page23,github.com,learning,edge
2026-02-01 20:42:52,https://hotstar.com/page53,hotstar.com,video,chrome
2026-02-01 20:43:47,https://netflix.com/page7,netflix.com,video,chrome
2026-02-01 20:44:47,https://github.com/page50,github.com,learning,chrome
2026-02-01 20:45:44,https://coursera.org/page1,coursera.org,learning,chrome
2026-02-01 20:46:44,https://facebook.com/page35,facebook.com,social,edge
2026-02-01 20:47:55,https://x.com/page58,x.com,social,edge
2026-02-01 21:25:55,https://instagram.com/page28,instagram.com,social,edge
2026-02-01 21:27:23,https://x.com/page46,x.com,social,edge
2026-02-01 21:28:30,https://youtube.com/page25,youtube.com,video,edge
2026-02-01 21:30:00,https://reddit.com/page50,reddit.com,social,chrome
2026-02-01 21:31:14,https://youtube.com/page10,youtube.com,video,chrome
2026-02-01 21:33:08,https://kaggle.com/page53,kaggle.com,learning,chrome
2026-02-01 21:33:41,https://instagram.com/page49,instagram.com,social,chrome
2026-02-01 21:35:16,https://kaggle.com/page74,kaggle.com,learning,edge
2026-02-01 21:36:14,https://x.com/page42,x.com,social,edge
2026-02-01 21:36:34,https://x.com/page30,x.com,social,edge
2026-02-01 21:37:31,https://reddit.com/page20,reddit.com,social,chrome
2026-02-01 21:38:32,https://medium.com/page15,medium.com,learning,chrome
2026-02-01 21:39:12,https://stackoverflow.com/page70,stackoverflow.com,learning,edge
2026-02-01 21:39:56,https://wikipedia.org/page24,wikipedia.org,other,edge
2026-02-01 21:41:32,https://youtube.com/page83,youtube.com,video,chrome
2026-02-01 21:41:58,https://kaggle.com/page80,kaggle.com,learning,chrome
2026-02-01 21:43:18,https://amazon.com/page4,amazon.com,shopping,edge
2026-02-01 21:44:55,https://amazon.com/page10,amazon.com,shopping,chrome
2026-02-01 21:46:34,https://youtube.com/page80,youtube.com,video,chrome
2026-02-01 21:47:47,https://facebook.com/page77,facebook.com,social,edge
2026-02-01 21:48:05,https://amazon.com/page20,amazon.com,shopping,chrome
2026-02-01 21:49:26,https://stackoverflow.com/page98,stackoverflow.com,learning,chrome
2026-02-01 21:50:05,https://flipkart.com/page85,flipkart.com,shopping,chrome
2026-02-01 21:51:26,https://netflix.com/page14,netflix.com,video,edge
2026-02-01 21:52:03,https://hotstar.com/page12,hotstar.com,video,edge
2026-02-01 21:53:52,https://x.com/page24,x.com,social,chrome
2026-02-01 21:55:51,https://flipkart.com/page1,flipkart.com,shopping,edge
2026-02-01 21:56:51,https://netflix.com/page27,netflix.com,video,chrome
2026-02-01 21:57:48,https://reddit.com/page38,reddit.com,social,chrome
2026-02-01 21:59:07,https://github.com/page31,github.com,learning,chrome
2026-02-01 22:01:06,https://primevideo.com/page41,primevideo.com,video,edge
2026-02-01 22:02:01,https://hotstar.com/page88,hotstar.com,video,edge
2026-02-01 22:02:59,https://reddit.com/page94,reddit.com,social,chrome
2026-02-01 22:03:53,https://youtube.com/page54,youtube.com,video,edge
2026-02-01 22:04:52,https://reddit.com/page19,reddit.com,social,edge
2026-02-01 22:06:13,https://instagram.com/page58,instagram.com,social,chrome
2026-02-01 22:06:34,https://hotstar.com/page6,hotstar.com,video,edge
2026-02-01 22:07:09,https://kaggle.com/page59,kaggle.com,learning,edge
2026-02-01 22:08:19,https://wikipedia.org/page87,wikipedia.org,other,chrome
2026-02-01 22:10:12,https://wikipedia.org/page92,wikipedia.org,other,edge
2026-02-01 22:10:56,https://primevideo.com/page71,primevideo.com,video,chrome
2026-02-01 22:11:25,https://hotstar.com/page75,hotstar.com,video,edge
2026-02-01 22:12:06,https://facebook.com/page46,facebook.com,social,edge
2026-02-01 22:13:40,https://primevideo.com/page82,primevideo.com,video,edge
2026-02-01 22:15:38,https://stackoverflow.com/page61,stackoverflow.com,learning,chrome
2026-02-01 22:16:21,https://reddit.com/page46,reddit.com,social,chrome
2026-02-01 22:18:15,https://reddit.com/page75,reddit.com,social,chrome
2026-02-01 22:18:58,https://primevideo.com/page14,primevideo.com,video,edge
2026-02-01 22:20:03,https://instagram.com/page20,instagram.com,social,edge
2026-02-01 22:20:54,https://wikipedia.org/page47,wikipedia.org,other,edge
2026-02-01 22:22:19,https://instagram.com/page28,instagram.com,social,chrome
2026-02-01 22:22:48,https://wikipedia.org/page38,wikipedia.org,other,edge
2026-02-01 22:24:16,https://coursera.org/page11,coursera.org,learning,edge
2026-02-01 22:24:54,https://flipkart.com/page46,flipkart.com,shopping,chrome
2026-02-01 22:25:26,https://netflix.com/page66,netflix.com,video,chrome
2026-02-01 22:26:20,https://youtube.com/page84,youtube.com,video,chrome
2026-02-01 22:26:52,https://amazon.com/page63,amazon.com,shopping,chrome
2026-02-01 22:27:49,https://facebook.com/page58,facebook.com,social,chrome
2026-02-01 22:28:51,https://medium.com/page16,medium.com,learning,edge
2026-02-01 22:29:28,https://hotstar.com/page45,hotstar.com,video,chrome
2026-02-01 22:30:32,https://kaggle.com/page63,kaggle.com,learning,edge
2026-02-01 22:31:34,https://youtube.com/page4,youtube.com,video,edge
2026-02-01 22:33:34,https://coursera.org/page34,coursera.org,learning,edge
2026-02-01 22:33:50,https://kaggle.com/page45,kaggle.com,learning,chrome
2026-02-01 22:34:00,https://flipkart.com/page69,flipkart.com,shopping,edge
2026-02-01 22:35:05,https://amazon.com/page36,amazon.com,shopping,edge
2026-02-01 22:36:24,https://wikipedia.org/page49,wikipedia.org,other,chrome
2026-02-01 22:36:34,https://hotstar.com/page57,hotstar.com,video,chrome
2026-02-01 22:37:35,https://reddit.com/page88,reddit.com,social,edge
2026-02-01 22:38:42,https://kaggle.com/page45,kaggle.com,learning,edge
2026-02-01 22:39:25,https://medium.com/page25,medium.com,learning,chrome
2026-02-01 22:39:44,https://medium.com/page93,medium.com,learning,edge
2026-02-01 22:40:29,https://flipkart.com/page43,flipkart.com,shopping,edge
2026-02-01 22:42:26,https://github.com/page12,github.com,learning,chrome
2026-02-01 22:43:08,https://github.com/page97,github.com,learning,edge
2026-02-01 22:44:12,https://medium.com/page49,medium.com,learning,chrome
2026-02-01 22:45:49,https://youtube.com/page81,youtube.com,video,edge
2026-02-01 22:46:46,https://flipkart.com/page41,flipkart.com,shopping,edge
2026-02-01 22:48:12,https://hotstar.com/page47,hotstar.com,video,edge
2026-02-01 22:49:08,https://primevideo.com/page46,primevideo.com,video,edge
2026-02-01 22:50:56,https://flipkart.com/page94,flipkart.com,shopping,chrome
2026-02-01 22:52:10,https://reddit.com/page47,reddit.com,social,edge
2026-02-01 22:53:53,https://reddit.com/page59,reddit.com,social,chrome
2026-02-01 22:54:59,https://kaggle.com/page20,kaggle.com,learning,edge
2026-02-01 22:55:22,https://instagram.com/page35,instagram.com,social,edge
2026-02-01 22:55:35,https://instagram.com/page37,instagram.com,social,chrome
2026-02-01 22:55:51,https://wikipedia.org/page47,wikipedia.org,other,edge
2026-02-01 22:57:47,https://primevideo.com/page24,primevideo.com,video,chrome
2026-02-01 22:59:30,https://primevideo.com/page16,primevideo.com,video,edge
2026-02-01 23:00:21,https://wikipedia.org/page25,wikipedia.org,other,chrome
2026-02-01 23:01:36,https://coursera.org/page23,coursera.org,learning,edge
2026-02-01 23:03:11,https://wikipedia.org/page51,wikipedia.org,other,edge
2026-02-01 23:03:36,https://github.com/page71,github.com,learning,edge
2026-02-01 23:04:25,https://kaggle.com/page13,kaggle.com,learning,chrome
2026-02-01 23:06:07,https://medium.com/page8,medium.com,learning,edge
2026-02-01 23:06:27,https://primevideo.com/page94,primevideo.com,video,chrome
2026-02-01 23:07:22,https://hotstar.com/page82,hotstar.com,video,chrome
2026-02-01 23:08:33,https://instagram.com/page4,instagram.com,social,edge
2026-02-01 23:09:00,https://wikipedia.org/page23,wikipedia.org,other,chrome
2026-02-01 23:09:55,https://facebook.com/page91,facebook.com,social,edge
2026-02-01 23:11:21,https://medium.com/page38,medium.com,learning,edge
2026-02-01 23:12:06,https://reddit.com/page23,reddit.com,social,chrome
2026-02-01 23:40:06,https://amazon.com/page65,amazon.com,shopping,edge
2026-02-01 23:41:29,https://kaggle.com/page56,kaggle.com,learning,chrome
2026-02-01 23:42:38,https://reddit.com/page87,reddit.com,social,edge
2026-02-01 23:44:04,https://flipkart.com/page71,flipkart.com,shopping,chrome
2026-02-02 00:40:04,https://instagram.com/page98,instagram.com,social,edge
2026-02-02 00:40:27,https://x.com/page3,x.com,social,edge
2026-02-02 00:40:45,https://flipkart.com/page77,flipkart.com,shopping,chrome
2026-02-02 00:41:46,https://stackoverflow.com/page58,stackoverflow.com,learning,edge
2026-02-02 00:43:20,https://wikipedia.org/page84,wikipedia.org,other,edge
2026-02-02 00:44:23,https://instagram.com/page56,instagram.com,social,edge
2026-02-02 00:45:29,https://flipkart.com/page26,flipkart.com,shopping,chrome
2026-02-02 00:45:47,https://facebook.com/page12,facebook.com,social,chrome
2026-02-02 00:47:06,https://stackoverflow.com/page55,stackoverflow.com,learning,chrome
2026-02-02 01:11:06,https://primevideo.com/page24,primevideo.com,video,chrome
2026-02-02 01:11:41,https://flipkart.com/page91,flipkart.com,shopping,edge
2026-02-02 01:13:28,https://reddit.com/page25,reddit.com,social,chrome
2026-02-02 01:14:11,https://amazon.com/page29,amazon.com,shopping,chrome
2026-02-02 01:16:02,https://medium.com/page51,medium.com,learning,chrome
2026-02-02 01:17:45,https://github.com/page25,github.com,learning,chrome
2026-02-02 01:19:13,https://medium.com/page32,medium.com,learning,edge
2026-02-02 01:19:39,https://netflix.com/page74,netflix.com,video,edge
2026-02-02 01:21:16,https://kaggle.com/page5,kaggle.com,learning,chrome
2026-02-02 01:21:42,https://hotstar.com/page44,hotstar.com,video,edge
2026-02-02 01:23:25,https://github.com/page14,github.com,learning,chrome
2026-02-02 01:24:13,https://hotstar.com/page97,hotstar.com,video,chrome
2026-02-02 01:24:45,https://instagram.com/page43,instagram.com,social,edge
2026-02-02 01:26:17,https://reddit.com/page5,reddit.com,social,edge
2026-02-02 02:15:17,https://hotstar.com/page38,hotstar.com,video,edge
2026-02-02 02:15:28,https://wikipedia.org/page100,wikipedia.org,other,edge
2026-02-02 02:15:57,https://reddit.com/page63,reddit.com,social,edge
2026-02-02 02:16:36,https://medium.com/page70,medium.com,learning,edge
2026-02-02 02:17:10,https://primevideo.com/page85,primevideo.com,video,edge
2026-02-02 02:18:39,https://medium.com/page58,medium.com,learning,chrome
2026-02-02 02:20:12,https://x.com/page85,x.com,social,edge
2026-02-02 02:20:22,https://kaggle.com/page77,kaggle.com,learning,edge
2026-02-02 02:21:20,https://reddit.com/page56,reddit.com,social,edge
2026-02-02 02:23:06,https://instagram.com/page35,instagram.com,social,edge
2026-02-02 02:24:59,https://hotstar.com/page82,hotstar.com,video,edge
2026-02-02 02:25:28,https://reddit.com/page69,reddit.com,social,edge
2026-02-02 02:56:28,https://youtube.com/page23,youtube.com,video,edge
2026-02-02 02:56:38,https://reddit.com/page2,reddit.com,social,chrome
2026-02-02 02:58:29,https://coursera.org/page79,coursera.org,learning,chrome
2026-02-02 02:58:40,https://instagram.com/page89,instagram.com,social,chrome
2026-02-02 03:00:00,https://wikipedia.org/page27,wikipedia.org,other,chrome
2026-02-02 03:00:21,https://primevideo.com/page71,primevideo.com,video,edge
2026-02-02 03:01:28,https://netflix.com/page62,netflix.com,video,edge
2026-02-02 03:34:28,https://reddit.com/page73,reddit.com,social,chrome
2026-02-02 03:35:44,https://stackoverflow.com/page1,stackoverflow.com,learning,chrome
2026-02-02 03:37:21,https://wikipedia.org/page88,wikipedia.org,other,edge
2026-02-02 03:38:51,https://github.com/page59,github.com,learning,chrome
2026-02-02 03:40:26,https://reddit.com/page10,reddit.com,social,chrome
2026-02-02 03:40:47,https://flipkart.com/page58,flipkart.com,shopping,edge
2026-02-02 03:40:57,https://netflix.com/page74,netflix.com,video,chrome
2026-02-02 03:42:45,https://hotstar.com/page81,hotstar.com,video,chrome
2026-02-02 03:43:25,https://hotstar.com/page43,hotstar.com,video,chrome
2026-02-02 03:45:17,https://netflix.com/page73,netflix.com,video,chrome
2026-02-02 03:47:16,https://primevideo.com/page10,primevideo.com,video,chrome
2026-02-02 03:48:33,https://flipkart.com/page45,flipkart.com,shopping,chrome
2026-02-02 03:50:31,https://reddit.com/page72,reddit.com,social,edge
2026-02-02 04:50:31,https://kaggle.com/page70,kaggle.com,learning,edge
2026-02-02 04:52:21,https://youtube.com/page90,youtube.com,video,chrome
2026-02-02 05:50:21,https://flipkart.com/page62,flipkart.com,shopping,edge
2026-02-02 05:50:46,https://coursera.org/page13,coursera.org,learning,edge
2026-02-02 05:51:14,https://amazon.com/page3,amazon.com,shopping,chrome
2026-02-02 05:53:06,https://flipkart.com/page89,flipkart.com,shopping,chrome
2026-02-02 05:53:50,https://reddit.com/page16,reddit.com,social,edge
2026-02-02 05:55:30,https://x.com/page39,x.com,social,chrome
2026-02-02 05:57:00,https://coursera.org/page88,coursera.org,learning,chrome
2026-02-02 05:58:55,https://primevideo.com/page55,primevideo.com,video,chrome
2026-02-02 06:00:49,https://coursera.org/page14,coursera.org,learning,edge
2026-02-02 06:02:42,https://medium.com/page77,medium.com,learning,edge
2026-02-02 06:03:34,https://instagram.com/page14,instagram.com,social,chrome
2026-02-02 06:04:50,https://instagram.com/page91,instagram.com,social,chrome
2026-02-02 06:05:58,https://coursera.org/page6,coursera.org,learning,chrome
2026-02-02 06:07:48,https://facebook.com/page37,facebook.com,social,chrome
2026-02-02 06:08:34,https://medium.com/page37,medium.com,learning,edge
2026-02-02 06:09:35,https://instagram.com/page84,instagram.com,social,chrome
2026-02-02 06:11:30,https://x.com/page27,x.com,social,chrome
2026-02-02 06:12:18,https://facebook.com/page14,facebook.com,social,edge
2026-02-02 06:14:07,https://wikipedia.org/page99,wikipedia.org,other,chrome
2026-02-02 06:15:57,https://kaggle.com/page78,kaggle.com,learning,edge
2026-02-02 06:16:27,https://primevideo.com/page29,primevideo.com,video,edge
2026-02-02 06:18:16,https://coursera.org/page34,coursera.org,learning,chrome
2026-02-02 06:19:31,https://facebook.com/page22,facebook.com,social,edge
2026-02-02 06:19:46,https://youtube.com/page57,youtube.com,video,chrome
2026-02-02 06:21:07,https://facebook.com/page34,facebook.com,social,edge
2026-02-02 06:49:07,https://coursera.org/page34,coursera.org,learning,edge
2026-02-02 06:50:06,https://primevideo.com/page5,primevideo.com,video,edge
2026-02-02 06:50:23,https://youtube.com/page2,youtube.com,video,edge
2026-02-02 06:50:47,https://hotstar.com/page97,hotstar.com,video,chrome
2026-02-02 06:51:36,https://wikipedia.org/page84,wikipedia.org,other,edge
2026-02-02 06:52:07,https://flipkart.com/page26,flipkart.com,shopping,edge
2026-02-02 06:54:00,https://facebook.com/page85,facebook.com,social,chrome
2026-02-02 06:55:04,https://netflix.com/page53,netflix.com,video,edge
2026-02-02 06:55:26,https://wikipedia.org/page81,wikipedia.org,other,chrome
2026-02-02 06:56:36,https://primevideo.com/page53,primevideo.com,video,edge
2026-02-02 06:57:20,https://medium.com/page25,medium.com,learning,chrome
2026-02-02 06:57:52,https://facebook.com/page92,facebook.com,social,chrome
2026-02-02 06:58:21,https://coursera.org/page9,coursera.org,learning,edge
2026-02-02 06:58:40,https://github.com/page77,github.com,learning,edge
2026-02-02 06:59:22,https://flipkart.com/page66,flipkart.com,shopping,chrome
2026-02-02 07:00:00,https://coursera.org/page100,coursera.org,learning,chrome
2026-02-02 07:00:20,https://primevideo.com/page22,primevideo.com,video,edge
2026-02-02 07:01:12,https://hotstar.com/page65,hotstar.com,video,chrome
2026-02-02 07:02:15,https://reddit.com/page64,reddit.com,social,edge
2026-02-02 07:03:03,https://amazon.com/page50,amazon.com,shopping,edge
2026-02-02 07:05:00,https://x.com/page22,x.com,social,chrome
2026-02-02 07:05:54,https://netflix.com/page97,netflix.com,video,edge
2026-02-02 07:07:39,https://primevideo.com/page10,primevideo.com,video,chrome
2026-02-02 07:08:26,https://primevideo.com/page43,primevideo.com,video,chrome
2026-02-02 07:35:26,https://stackoverflow.com/page44,stackoverflow.com,learning,chrome
2026-02-02 07:36:00,https://x.com/page2,x.com,social,edge
2026-02-02 07:37:37,https://wikipedia.org/page69,wikipedia.org,other,edge
2026-02-02 07:39:36,https://instagram.com/page93,instagram.com,social,chrome
2026-02-02 07:41:17,https://coursera.org/page95,coursera.org,learning,chrome
2026-02-02 07:41:32,https://flipkart.com/page59,flipkart.com,shopping,chrome
2026-02-02 07:43:00,https://instagram.com/page51,instagram.com,social,edge
2026-02-02 07:44:00,https://youtube.com/page95,youtube.com,video,edge
2026-02-02 07:44:40,https://github.com/page68,github.com,learning,chrome
2026-02-02 07:46:36,https://instagram.com/page34,instagram.com,social,chrome
2026-02-02 07:48:18,https://github.com/page63,github.com,learning,edge
2026-02-02 07:49:57,https://reddit.com/page85,reddit.com,social,chrome
2026-02-02 07:51:30,https://coursera.org/page54,coursera.org,learning,edge
2026-02-02 07:51:59,https://instagram.com/page12,instagram.com,social,chrome
2026-02-02 07:53:54,https://stackoverflow.com/page37,stackoverflow.com,learning,chrome
2026-02-02 07:54:37,https://instagram.com/page61,instagram.com,social,edge
2026-02-02 07:56:31,https://youtube.com/page31,youtube.com,video,edge
2026-02-02 07:57:29,https://x.com/page8,x.com,social,edge
2026-02-02 07:57:59,https://kaggle.com/page45,kaggle.com,learning,chrome
2026-02-02 07:59:46,https://reddit.com/page64,reddit.com,social,chrome
2026-02-02 08:01:00,https://hotstar.com/page85,hotstar.com,video,edge
2026-02-02 08:02:21,https://kaggle.com/page87,kaggle.com,learning,edge
2026-02-02 08:02:49,https://flipkart.com/page18,flipkart.com,shopping,chrome
2026-02-02 08:04:38,https://medium.com/page76,medium.com,learning,chrome
2026-02-02 08:05:39,https://netflix.com/page44,netflix.com,video,edge
2026-02-02 08:06:25,https://amazon.com/page96,amazon.com,shopping,edge
2026-02-02 08:07:51,https://kaggle.com/page7,kaggle.com,learning,chrome
2026-02-02 08:08:46,https://primevideo.com/page6,primevideo.com,video,chrome
2026-02-02 08:09:28,https://wikipedia.org/page86,wikipedia.org,other,edge
2026-02-02 08:11:05,https://primevideo.com/page37,primevideo.com,video,chrome
2026-02-02 08:11:26,https://youtube.com/page45,youtube.com,video,chrome
2026-02-02 08:12:15,https://github.com/page24,github.com,learning,edge
2026-02-02 08:13:52,https://coursera.org/page22,coursera.org,learning,edge
2026-02-02 08:15:44,https://youtube.com/page15,youtube.com,video,edge
2026-02-02 08:16:02,https://amazon.com/page38,amazon.com,shopping,edge
2026-02-02 08:17:57,https://kaggle.com/page27,kaggle.com,learning,edge
2026-02-02 08:19:27,https://github.com/page47,github.com,learning,edge
2026-02-02 08:19:49,https://primevideo.com/page70,primevideo.com,video,chrome
2026-02-02 08:21:30,https://netflix.com/page18,netflix.com,video,chrome
2026-02-02 08:22:55,https://wikipedia.org/page35,wikipedia.org,other,edge
2026-02-02 08:50:55,https://amazon.com/page63,amazon.com,shopping,edge
2026-02-02 08:52:34,https://flipkart.com/page76,flipkart.com,shopping,chrome
2026-02-02 08:53:52,https://kaggle.com/page97,kaggle.com,learning,edge
2026-02-02 08:54:03,https://primevideo.com/page28,primevideo.com,video,chrome
2026-02-02 08:54:39,https://kaggle.com/page23,kaggle.com,learning,edge
2026-02-02 08:56:07,https://github.com/page22,github.com,learning,chrome
2026-02-02 08:56:20,https://stackoverflow.com/page11,stackoverflow.com,learning,edge
2026-02-02 08:57:58,https://stackoverflow.com/page16,stackoverflow.com,learning,chrome
2026-02-02 08:59:42,https://flipkart.com/page88,flipkart.com,shopping,chrome
2026-02-02 09:01:32,https://reddit.com/page22,reddit.com,social,edge
2026-02-02 09:02:22,https://youtube.com/page35,youtube.com,video,chrome
2026-02-02 09:04:12,https://hotstar.com/page22,hotstar.com,video,chrome
2026-02-02 09:05:45,https://flipkart.com/page63,flipkart.com,shopping,chrome
2026-02-02 10:03:45,https://primevideo.com/page51,primevideo.com,video,edge
2026-02-02 10:05:14,https://x.com/page72,x.com,social,chrome
2026-02-02 10:06:17,https://stackoverflow.com/page44,stackoverflow.com,learning,chrome
2026-02-02 10:07:30,https://wikipedia.org/page89,wikipedia.org,other,chrome
2026-02-02 10:09:11,https://primevideo.com/page64,primevideo.com,video,chrome
2026-02-02 10:10:44,https://coursera.org/page28,coursera.org,learning,chrome
2026-02-02 10:38:44,https://flipkart.com/page47,flipkart.com,shopping,chrome
2026-02-02 10:40:39,https://reddit.com/page45,reddit.com,social,chrome
2026-02-02 10:42:38,https://stackoverflow.com/page66,stackoverflow.com,learning,chrome
2026-02-02 10:44:24,https://x.com/page17,x.com,social,chrome
2026-02-02 10:44:51,https://coursera.org/page11,coursera.org,learning,edge
2026-02-02 10:46:30,https://flipkart.com/page61,flipkart.com,shopping,edge
2026-02-02 10:48:26,https://flipkart.com/page49,flipkart.com,shopping,edge
2026-02-02 10:48:37,https://kaggle.com/page68,kaggle.com,learning,edge
2026-02-02 10:50:28,https://stackoverflow.com/page13,stackoverflow.com,learning,edge
2026-02-02 10:51:17,https://facebook.com/page69,facebook.com,social,chrome
2026-02-02 11:38:17,https://x.com/page58,x.com,social,chrome
2026-02-02 11:39:07,https://netflix.com/page76,netflix.com,video,edge
2026-02-02 11:39:35,https://reddit.com/page57,reddit.com,social,chrome
2026-02-02 11:39:57,https://stackoverflow.com/page50,stackoverflow.com,learning,chrome
2026-02-02 11:40:55,https://facebook.com/page40,facebook.com,social,chrome
2026-02-02 11:42:20,https://flipkart.com/page31,flipkart.com,shopping,chrome
2026-02-02 11:43:45,https://hotstar.com/page3,hotstar.com,video,chrome
2026-02-02 11:44:56,https://stackoverflow.com/page73,stackoverflow.com,learning,chrome
2026-02-02 11:46:21,https://amazon.com/page25,amazon.com,shopping,edge
2026-02-02 11:46:50,https://wikipedia.org/page27,wikipedia.org,other,edge
2026-02-02 11:47:56,https://stackoverflow.com/page47,stackoverflow.com,learning,chrome
2026-02-02 11:49:49,https://medium.com/page23,medium.com,learning,chrome
2026-02-02 12:49:49,https://coursera.org/page63,coursera.org,learning,chrome
2026-02-02 12:51:11,https://kaggle.com/page37,kaggle.com,learning,edge
2026-02-02 12:52:54,https://reddit.com/page66,reddit.com,social,chrome
2026-02-02 12:54:23,https://flipkart.com/page4,flipkart.com,shopping,edge
2026-02-02 12:55:12,https://youtube.com/page15,youtube.com,video,chrome
2026-02-02 12:56:48,https://wikipedia.org/page9,wikipedia.org,other,edge
2026-02-02 12:57:08,https://github.com/page98,github.com,learning,chrome
2026-02-02 12:57:50,https://github.com/page55,github.com,learning,edge
2026-02-02 12:59:16,https://github.com/page95,github.com,learning,chrome
2026-02-02 12:59:40,https://netflix.com/page80,netflix.com,video,edge
2026-02-02 12:59:58,https://reddit.com/page30,reddit.com,social,edge
2026-02-02 13:00:56,https://medium.com/page96,medium.com,learning,chrome
2026-02-02 13:39:56,https://netflix.com/page96,netflix.com,video,chrome
2026-02-02 13:41:16,https://amazon.com/page35,amazon.com,shopping,chrome
2026-02-02 13:41:30,https://primevideo.com/page86,primevideo.com,video,chrome
2026-02-02 14:16:30,https://netflix.com/page2,netflix.com,video,chrome
2026-02-02 14:18:21,https://kaggle.com/page74,kaggle.com,learning,edge
2026-02-02 14:18:51,https://github.com/page62,github.com,learning,edge
2026-02-02 14:20:36,https://github.com/page90,github.com,learning,edge
2026-02-02 14:20:55,https://hotstar.com/page19,hotstar.com,video,chrome
2026-02-02 14:22:40,https://hotstar.com/page93,hotstar.com,video,edge
2026-02-02 14:22:50,https://instagram.com/page66,instagram.com,social,chrome
2026-02-02 14:24:50,https://youtube.com/page75,youtube.com,video,chrome
2026-02-02 14:25:29,https://stackoverflow.com/page35,stackoverflow.com,learning,edge
2026-02-02 14:26:22,https://youtube.com/page8,youtube.com,video,edge
2026-02-02 14:26:43,https://youtube.com/page71,youtube.com,video,chrome
2026-02-02 14:27:34,https://flipkart.com/page84,flipkart.com,shopping,edge
2026-02-02 14:27:48,https://stackoverflow.com/page96,stackoverflow.com,learning,chrome
2026-02-02 14:28:10,https://flipkart.com/page71,flipkart.com,shopping,edge
2026-02-02 14:29:53,https://hotstar.com/page45,hotstar.com,video,chrome
2026-02-02 14:31:04,https://instagram.com/page2,instagram.com,social,chrome
2026-02-02 14:31:16,https://medium.com/page68,medium.com,learning,edge
2026-02-02 14:32:02,https://stackoverflow.com/page34,stackoverflow.com,learning,edge
2026-02-02 14:32:43,https://flipkart.com/page28,flipkart.com,shopping,chrome
2026-02-02 14:34:09,https://stackoverflow.com/page28,stackoverflow.com,learning,edge
2026-02-02 14:35:21,https://reddit.com/page78,reddit.com,social,edge
2026-02-02 14:35:52,https://reddit.com/page12,reddit.com,social,edge
2026-02-02 14:36:50,https://primevideo.com/page3,primevideo.com,video,edge
2026-02-02 14:37:08,https://medium.com/page16,medium.com,learning,chrome
2026-02-02 14:38:49,https://x.com/page92,x.com,social,chrome
2026-02-02 14:38:59,https://youtube.com/page50,youtube.com,video,edge
2026-02-02 14:39:54,https://x.com/page4,x.com,social,chrome
2026-02-02 14:41:34,https://github.com/page5,github.com,learning,chrome
2026-02-02 14:42:24,https://primevideo.com/page35,primevideo.com,video,edge
2026-02-02 15:22:24,https://instagram.com/page83,instagram.com,social,edge
2026-02-02 15:23:30,https://wikipedia.org/page33,wikipedia.org,other,chrome
2026-02-02 15:24:49,https://primevideo.com/page1,primevideo.com,video,chrome
2026-02-02 15:26:40,https://primevideo.com/page67,primevideo.com,video,edge
2026-02-02 15:28:04,https://instagram.com/page88,instagram.com,social,edge
2026-02-02 15:29:30,https://reddit.com/page45,reddit.com,social,edge
2026-02-02 15:30:10,https://primevideo.com/page8,primevideo.com,video,edge
2026-02-02 15:30:35,https://netflix.com/page59,netflix.com,video,chrome
2026-02-02 15:31:40,https://amazon.com/page84,amazon.com,shopping,chrome
2026-02-02 15:32:15,https://coursera.org/page71,coursera.org,learning,chrome
2026-02-02 15:33:31,https://primevideo.com/page48,primevideo.com,video,chrome
2026-02-02 15:34:28,https://primevideo.com/page65,primevideo.com,video,chrome
2026-02-02 15:35:41,https://flipkart.com/page81,flipkart.com,shopping,chrome
2026-02-02 15:36:32,https://primevideo.com/page74,primevideo.com,video,edge
2026-02-02 15:38:08,https://coursera.org/page22,coursera.org,learning,chrome
2026-02-02 15:40:03,https://flipkart.com/page54,flipkart.com,shopping,chrome
2026-02-02 15:40:41,https://youtube.com/page63,youtube.com,video,edge
2026-02-02 15:41:21,https://youtube.com/page98,youtube.com,video,chrome
2026-02-02 15:43:12,https://hotstar.com/page54,hotstar.com,video,chrome
2026-02-02 15:43:29,https://stackoverflow.com/page60,stackoverflow.com,learning,edge
2026-02-02 16:26:29,https://youtube.com/page70,youtube.com,video,chrome
2026-02-02 16:27:00,https://x.com/page79,x.com,social,chrome
2026-02-02 16:27:34,https://reddit.com/page20,reddit.com,social,edge
2026-02-02 16:28:35,https://facebook.com/page41,facebook.com,social,edge
2026-02-02 16:29:40,https://github.com/page34,github.com,learning,edge
2026-02-02 16:31:30,https://netflix.com/page86,netflix.com,video,edge
2026-02-02 16:33:14,https://wikipedia.org/page80,wikipedia.org,other,edge
2026-02-02 16:33:39,https://medium.com/page58,medium.com,learning,chrome
2026-02-02 16:34:11,https://medium.com/page53,medium.com,learning,chrome
2026-02-02 16:34:44,https://coursera.org/page2,coursera.org,learning,edge
2026-02-02 16:36:08,https://kaggle.com/page17,kaggle.com,learning,chrome
2026-02-02 16:36:48,https://hotstar.com/page43,hotstar.com,video,chrome
2026-02-02 16:38:24,https://wikipedia.org/page58,wikipedia.org,other,edge
2026-02-02 16:40:05,https://youtube.com/page14,youtube.com,video,chrome
2026-02-02 16:40:16,https://youtube.com/page100,youtube.com,video,edge
2026-02-02 16:40:43,https://wikipedia.org/page57,wikipedia.org,other,chrome
2026-02-02 16:41:16,https://coursera.org/page96,coursera.org,learning,edge
2026-02-02 16:42:27,https://hotstar.com/page65,hotstar.com,video,edge
2026-02-02 16:43:34,https://github.com/page63,github.com,learning,edge
2026-02-02 16:45:05,https://kaggle.com/page6,kaggle.com,learning,chrome
2026-02-02 16:45:27,https://reddit.com/page68,reddit.com,social,chrome
2026-02-02 16:46:27,https://kaggle.com/page87,kaggle.com,learning,chrome
2026-02-02 16:47:18,https://netflix.com/page5,netflix.com,video,edge
2026-02-02 16:47:57,https://facebook.com/page67,facebook.com,social,edge
2026-02-02 16:49:55,https://kaggle.com/page53,kaggle.com,learning,edge
2026-02-02 16:50:53,https://medium.com/page25,medium.com,learning,edge
2026-02-02 16:52:48,https://facebook.com/page84,facebook.com,social,chrome
2026-02-02 16:53:41,https://kaggle.com/page13,kaggle.com,learning,chrome
2026-02-02 16:55:05,https://flipkart.com/page78,flipkart.com,shopping,chrome
2026-02-02 16:56:37,https://reddit.com/page16,reddit.com,social,edge
2026-02-02 16:58:15,https://netflix.com/page61,netflix.com,video,chrome
2026-02-02 16:59:31,https://facebook.com/page38,facebook.com,social,chrome
2026-02-02 17:01:20,https://wikipedia.org/page43,wikipedia.org,other,edge
2026-02-02 17:03:04,https://x.com/page49,x.com,social,edge
2026-02-02 17:04:30,https://medium.com/page14,medium.com,learning,chrome
2026-02-02 17:05:55,https://medium.com/page50,medium.com,learning,edge
2026-02-02 17:06:24,https://kaggle.com/page3,kaggle.com,learning,chrome
2026-02-02 17:07:59,https://flipkart.com/page16,flipkart.com,shopping,chrome
2026-02-02 17:08:11,https://github.com/page64,github.com,learning,chrome
2026-02-02 17:09:35,https://coursera.org/page21,coursera.org,learning,edge
2026-02-02 17:11:19,https://github.com/page69,github.com,learning,chrome
2026-02-02 17:12:17,https://facebook.com/page89,facebook.com,social,chrome
2026-02-02 17:13:34,https://kaggle.com/page38,kaggle.com,learning,chrome
2026-02-02 17:14:17,https://x.com/page54,x.com,social,chrome
2026-02-02 17:14:55,https://flipkart.com/page46,flipkart.com,shopping,chrome
2026-02-02 17:38:55,https://medium.com/page47,medium.com,learning,chrome
2026-02-02 17:39:40,https://kaggle.com/page40,kaggle.com,learning,chrome
2026-02-02 17:40:10,https://youtube.com/page11,youtube.com,video,edge
2026-02-02 17:41:48,https://reddit.com/page36,reddit.com,social,edge
2026-02-02 17:43:35,https://coursera.org/page82,coursera.org,learning,edge
2026-02-02 17:45:28,https://netflix.com/page20,netflix.com,video,edge
2026-02-02 17:45:59,https://amazon.com/page100,amazon.com,shopping,edge
2026-02-02 17:46:56,https://amazon.com/page15,amazon.com,shopping,edge
2026-02-02 17:48:44,https://reddit.com/page59,reddit.com,social,edge
2026-02-02 17:50:23,https://coursera.org/page93,coursera.org,learning,edge
2026-02-02 17:51:40,https://amazon.com/page20,amazon.com,shopping,edge
2026-02-02 17:52:52,https://coursera.org/page28,coursera.org,learning,edge
2026-02-02 17:54:26,https://flipkart.com/page75,flipkart.com,shopping,edge
2026-02-02 17:55:48,https://instagram.com/page99,instagram.com,social,edge
2026-02-02 17:56:03,https://netflix.com/page34,netflix.com,video,chrome
2026-02-02 17:57:44,https://stackoverflow.com/page9,stackoverflow.com,learning,chrome
2026-02-02 17:59:30,https://coursera.org/page61,coursera.org,learning,chrome
2026-02-02 18:01:25,https://x.com/page16,x.com,social,chrome
2026-02-02 18:03:23,https://x.com/page81,x.com,social,edge
2026-02-02 18:04:47,https://instagram.com/page53,instagram.com,social,edge
2026-02-02 18:39:47,https://youtube.com/page90,youtube.com,video,edge
2026-02-02 18:41:16,https://hotstar.com/page88,hotstar.com,video,chrome
2026-02-02 18:42:30,https://flipkart.com/page7,flipkart.com,shopping,edge
2026-02-02 18:43:17,https://netflix.com/page31,netflix.com,video,chrome
2026-02-02 18:44:44,https://reddit.com/page48,reddit.com,social,chrome
2026-02-02 18:45:12,https://primevideo.com/page98,primevideo.com,video,chrome
2026-02-02 18:45:59,https://stackoverflow.com/page40,stackoverflow.com,learning,chrome
2026-02-02 19:41:59,https://instagram.com/page56,instagram.com,social,edge
2026-02-02 19:42:36,https://wikipedia.org/page35,wikipedia.org,other,edge
2026-02-02 19:44:32,https://coursera.org/page63,coursera.org,learning,chrome
2026-02-02 19:45:20,https://reddit.com/page6,reddit.com,social,chrome
2026-02-02 19:45:39,https://netflix.com/page1,netflix.com,video,edge
2026-02-02 19:46:20,https://github.com/page47,github.com,learning,edge
2026-02-02 19:47:55,https://github.com/page80,github.com,learning,chrome
2026-02-02 19:49:14,https://primevideo.com/page14,primevideo.com,video,edge
2026-02-02 19:49:57,https://netflix.com/page43,netflix.com,video,chrome
2026-02-02 19:51:09,https://wikipedia.org/page42,wikipedia.org,other,edge
2026-02-02 19:53:08,https://flipkart.com/page75,flipkart.com,shopping,chrome
2026-02-02 19:53:26,https://kaggle.com/page32,kaggle.com,learning,edge
2026-02-02 19:55:19,https://youtube.com/page37,youtube.com,video,chrome
2026-02-02 19:56:39,https://facebook.com/page93,facebook.com,social,edge
2026-02-02 19:57:29,https://github.com/page73,github.com,learning,edge
2026-02-02 19:59:19,https://wikipedia.org/page26,wikipedia.org,other,chrome
2026-02-02 20:00:58,https://netflix.com/page5,netflix.com,video,edge
2026-02-02 20:02:17,https://amazon.com/page38,amazon.com,shopping,chrome
2026-02-02 20:03:25,https://kaggle.com/page62,kaggle.com,learning,chrome
2026-02-02 20:05:17,https://github.com/page3,github.com,learning,edge
2026-02-02 20:06:50,https://coursera.org/page100,coursera.org,learning,edge
2026-02-02 20:07:10,https://netflix.com/page46,netflix.com,video,chrome
2026-02-02 20:08:13,https://coursera.org/page23,coursera.org,learning,chrome
2026-02-02 20:08:54,https://amazon.com/page44,amazon.com,shopping,edge
2026-02-02 20:10:42,https://coursera.org/page61,coursera.org,learning,edge
2026-02-02 20:11:49,https://facebook.com/page73,facebook.com,social,edge
2026-02-02 20:12:04,https://youtube.com/page28,youtube.com,video,chrome
2026-02-02 20:58:04,https://x.com/page49,x.com,social,chrome
2026-02-02 20:59:26,https://coursera.org/page51,coursera.org,learning,edge
2026-02-02 20:59:46,https://netflix.com/page24,netflix.com,video,chrome
2026-02-02 21:00:07,https://netflix.com/page94,netflix.com,video,edge
2026-02-02 21:01:12,https://wikipedia.org/page15,wikipedia.org,other,edge
2026-02-02 21:01:38,https://stackoverflow.com/page54,stackoverflow.com,learning,chrome
2026-02-02 21:03:17,https://github.com/page1,github.com,learning,chrome
2026-02-02 21:04:32,https://medium.com/page32,medium.com,learning,chrome
2026-02-02 21:04:58,https://coursera.org/page12,coursera.org,learning,chrome
2026-02-02 21:05:09,https://hotstar.com/page14,hotstar.com,video,edge
2026-02-02 21:05:59,https://stackoverflow.com/page9,stackoverflow.com,learning,chrome
2026-02-02 21:07:48,https://flipkart.com/page91,flipkart.com,shopping,edge
2026-02-02 21:09:38,https://youtube.com/page95,youtube.com,video,edge
2026-02-02 21:11:37,https://netflix.com/page81,netflix.com,video,edge
2026-02-02 21:12:25,https://wikipedia.org/page25,wikipedia.org,other,chrome
2026-02-02 21:14:02,https://flipkart.com/page87,flipkart.com,shopping,chrome
2026-02-02 21:15:23,https://x.com/page96,x.com,social,chrome
2026-02-02 21:15:37,https://amazon.com/page41,amazon.com,shopping,chrome
2026-02-02 21:17:02,https://primevideo.com/page54,primevideo.com,video,chrome
2026-02-02 21:17:51,https://coursera.org/page77,coursera.org,learning,chrome
2026-02-02 21:18:31,https://hotstar.com/page2,hotstar.com,video,edge
2026-02-02 21:19:30,https://reddit.com/page61,reddit.com,social,edge
2026-02-02 21:20:07,https://netflix.com/page21,netflix.com,video,edge
2026-02-02 21:21:09,https://stackoverflow.com/page49,stackoverflow.com,learning,chrome
2026-02-02 21:21:34,https://youtube.com/page27,youtube.com,video,edge
2026-02-02 21:22:05,https://kaggle.com/page81,kaggle.com,learning,chrome
2026-02-02 21:22:20,https://facebook.com/page83,facebook.com,social,chrome
2026-02-02 21:23:06,https://coursera.org/page31,coursera.org,learning,chrome
2026-02-02 21:23:52,https://facebook.com/page80,facebook.com,social,edge
2026-02-02 21:24:54,https://github.com/page86,github.com,learning,edge
2026-02-02 21:26:02,https://coursera.org/page50,coursera.org,learning,edge
2026-02-02 21:26:28,https://flipkart.com/page36,flipkart.com,shopping,chrome
2026-02-02 21:27:13,https://amazon.com/page71,amazon.com,shopping,chrome
2026-02-02 21:27:27,https://facebook.com/page12,facebook.com,social,chrome
2026-02-02 21:29:13,https://coursera.org/page93,coursera.org,learning,edge
2026-02-02 21:29:57,https://flipkart.com/page41,flipkart.com,shopping,chrome
2026-02-02 21:31:47,https://stackoverflow.com/page32,stackoverflow.com,learning,edge
2026-02-02 22:02:47,https://amazon.com/page52,amazon.com,shopping,chrome
2026-02-02 22:04:41,https://flipkart.com/page57,flipkart.com,shopping,edge
2026-02-02 22:05:06,https://amazon.com/page63,amazon.com,shopping,chrome
2026-02-02 22:07:01,https://flipkart.com/page60,flipkart.com,shopping,edge
2026-02-02 22:08:55,https://kaggle.com/page64,kaggle.com,learning,chrome
2026-02-02 22:09:49,https://reddit.com/page72,reddit.com,social,edge
2026-02-02 22:11:06,https://medium.com/page81,medium.com,learning,edge
2026-02-02 22:11:20,https://flipkart.com/page96,flipkart.com,shopping,edge
2026-02-02 22:12:27,https://kaggle.com/page98,kaggle.com,learning,chrome
2026-02-02 22:13:16,https://hotstar.com/page78,hotstar.com,video,edge
2026-02-02 22:13:45,https://facebook.com/page81,facebook.com,social,chrome
2026-02-02 22:14:00,https://stackoverflow.com/page40,stackoverflow.com,learning,edge
2026-02-02 22:14:23,https://flipkart.com/page64,flipkart.com,shopping,edge
2026-02-02 22:15:55,https://flipkart.com/page36,flipkart.com,shopping,chrome
2026-02-02 22:16:34,https://instagram.com/page2,instagram.com,social,chrome
2026-02-02 22:40:34,https://coursera.org/page10,coursera.org,learning,edge
2026-02-02 22:41:25,https://stackoverflow.com/page98,stackoverflow.com,learning,chrome
2026-02-02 22:42:19,https://kaggle.com/page47,kaggle.com,learning,edge
2026-02-02 22:44:13,https://kaggle.com/page55,kaggle.com,learning,edge
2026-02-02 22:46:04,https://hotstar.com/page65,hotstar.com,video,chrome
2026-02-02 23:30:04,https://wikipedia.org/page50,wikipedia.org,other,edge
2026-02-02 23:31:37,https://netflix.com/page87,netflix.com,video,chrome
2026-02-02 23:33:35,https://coursera.org/page33,coursera.org,learning,edge
2026-02-02 23:33:51,https://primevideo.com/page80,primevideo.com,video,edge
2026-02-02 23:34:05,https://kaggle.com/page1,kaggle.com,learning,edge
2026-02-02 23:35:00,https://wikipedia.org/page78,wikipedia.org,other,chrome
2026-02-02 23:35:45,https://wikipedia.org/page42,wikipedia.org,other,edge
2026-02-03 00:14:45,https://x.com/page30,x.com,social,edge
2026-02-03 00:16:09,https://primevideo.com/page12,primevideo.com,video,chrome
2026-02-03 00:17:58,https://reddit.com/page52,reddit.com,social,chrome
2026-02-03 00:19:14,https://flipkart.com/page39,flipkart.com,shopping,edge
2026-02-03 00:19:57,https://youtube.com/page91,youtube.com,video,edge
2026-02-03 00:20:32,https://primevideo.com/page17,primevideo.com,video,edge
2026-02-03 00:22:17,https://coursera.org/page78,coursera.org,learning,edge
2026-02-03 00:23:41,https://github.com/page4,github.com,learning,chrome
2026-02-03 00:24:50,https://hotstar.com/page91,hotstar.com,video,edge
2026-02-03 00:26:18,https://wikipedia.org/page93,wikipedia.org,other,chrome
2026-02-03 00:26:38,https://amazon.com/page43,amazon.com,shopping,chrome
2026-02-03 00:26:51,https://primevideo.com/page100,primevideo.com,video,edge
2026-02-03 00:28:34,https://reddit.com/page56,reddit.com,social,edge
2026-02-03 00:29:29,https://coursera.org/page83,coursera.org,learning,chrome
2026-02-03 00:31:26,https://coursera.org/page74,coursera.org,learning,chrome
2026-02-03 00:31:54,https://kaggle.com/page85,kaggle.com,learning,edge
2026-02-03 00:33:27,https://facebook.com/page5,facebook.com,social,edge
2026-02-03 00:34:09,https://amazon.com/page57,amazon.com,shopping,edge
2026-02-03 00:34:30,https://x.com/page40,x.com,social,edge
2026-02-03 00:36:19,https://amazon.com/page13,amazon.com,shopping,edge
2026-02-03 00:37:18,https://wikipedia.org/page36,wikipedia.org,other,edge
2026-02-03 00:39:14,https://reddit.com/page80,reddit.com,social,edge
2026-02-03 00:39:47,https://wikipedia.org/page93,wikipedia.org,other,edge
2026-02-03 00:39:58,https://instagram.com/page69,instagram.com,social,edge
2026-02-03 00:41:24,https://hotstar.com/page47,hotstar.com,video,edge
2026-02-03 00:42:05,https://coursera.org/page47,coursera.org,learning,edge
2026-02-03 00:43:50,https://primevideo.com/page62,primevideo.com,video,edge
2026-02-03 00:45:13,https://netflix.com/page21,netflix.com,video,edge
2026-02-03 00:45:40,https://x.com/page70,x.com,social,edge
2026-02-03 01:23:40,https://x.com/page37,x.com,social,chrome
2026-02-03 01:24:02,https://coursera.org/page66,coursera.org,learning,edge
2026-02-03 01:25:51,https://hotstar.com/page84,hotstar.com,video,edge
2026-02-03 01:27:13,https://amazon.com/page68,amazon.com,shopping,edge
2026-02-03 01:28:12,https://x.com/page9,x.com,social,edge
2026-02-03 01:29:08,https://netflix.com/page44,netflix.com,video,chrome
2026-02-03 01:29:38,https://facebook.com/page79,facebook.com,social,chrome
2026-02-03 01:30:51,https://facebook.com/page53,facebook.com,social,chrome
2026-02-03 01:31:50,https://reddit.com/page90,reddit.com,social,chrome
2026-02-03 01:33:23,https://coursera.org/page37,coursera.org,learning,edge
2026-02-03 01:33:52,https://github.com/page94,github.com,learning,edge
2026-02-03 01:34:23,https://x.com/page66,x.com,social,chrome
2026-02-03 01:35:29,https://hotstar.com/page31,hotstar.com,video,chrome
2026-02-03 01:36:30,https://github.com/page73,github.com,learning,edge
2026-02-03 01:36:45,https://primevideo.com/page81,primevideo.com,video,chrome
2026-02-03 01:38:23,https://facebook.com/page67,facebook.com,social,edge
2026-02-03 01:39:03,https://amazon.com/page55,amazon.com,shopping,edge
2026-02-03 01:39:17,https://x.com/page28,x.com,social,chrome
2026-02-03 01:40:28,https://x.com/page17,x.com,social,chrome
2026-02-03 01:40:47,https://github.com/page41,github.com,learning,chrome
2026-02-03 01:41:48,https://reddit.com/page100,reddit.com,social,chrome
2026-02-03 01:43:40,https://kaggle.com/page61,kaggle.com,learning,edge
2026-02-03 01:44:42,https://wikipedia.org/page90,wikipedia.org,other,chrome
2026-02-03 01:46:05,https://facebook.com/page35,facebook.com,social,edge
2026-02-03 01:46:33,https://wikipedia.org/page1,wikipedia.org,other,chrome
2026-02-03 02:36:33,https://wikipedia.org/page42,wikipedia.org,other,edge
2026-02-03 02:38:20,https://medium.com/page59,medium.com,learning,chrome
2026-02-03 02:38:35,https://x.com/page7,x.com,social,chrome
2026-02-03 02:40:32,https://flipkart.com/page28,flipkart.com,shopping,chrome
2026-02-03 02:42:22,https://youtube.com/page37,youtube.com,video,edge
2026-02-03 02:43:30,https://amazon.com/page87,amazon.com,shopping,chrome
2026-02-03 02:44:28,https://x.com/page100,x.com,social,chrome
2026-02-03 02:45:21,https://coursera.org/page14,coursera.org,learning,edge
2026-02-03 02:47:13,https://facebook.com/page90,facebook.com,social,edge
2026-02-03 03:11:13,https://kaggle.com/page2,kaggle.com,learning,edge
2026-02-03 03:13:06,https://instagram.com/page47,instagram.com,social,chrome
2026-02-03 03:14:31,https://hotstar.com/page19,hotstar.com,video,chrome
2026-02-03 03:14:41,https://flipkart.com/page4,flipkart.com,shopping,chrome
2026-02-03 03:16:13,https://github.com/page93,github.com,learning,edge
2026-02-03 03:17:38,https://hotstar.com/page85,hotstar.com,video,chrome
2026-02-03 03:18:04,https://netflix.com/page41,netflix.com,video,chrome
2026-02-03 03:19:52,https://primevideo.com/page76,primevideo.com,video,edge
2026-02-03 04:04:52,https://youtube.com/page52,youtube.com,video,edge
2026-02-03 04:05:40,https://primevideo.com/page11,primevideo.com,video,chrome
2026-02-03 04:06:43,https://medium.com/page35,medium.com,learning,chrome
2026-02-03 04:08:18,https://kaggle.com/page43,kaggle.com,learning,edge
2026-02-03 04:09:23,https://flipkart.com/page24,flipkart.com,shopping,edge
2026-02-03 04:10:36,https://netflix.com/page68,netflix.com,video,chrome
2026-02-03 04:11:10,https://medium.com/page32,medium.com,learning,chrome
2026-02-03 04:12:00,https://hotstar.com/page94,hotstar.com,video,edge
2026-02-03 04:13:07,https://wikipedia.org/page68,wikipedia.org,other,chrome
2026-02-03 04:14:45,https://reddit.com/page50,reddit.com,social,edge
2026-02-03 04:15:56,https://facebook.com/page17,facebook.com,social,edge
2026-02-03 04:17:24,https://kaggle.com/page71,kaggle.com,learning,edge
2026-02-03 04:18:09,https://kaggle.com/page40,kaggle.com,learning,chrome
2026-02-03 04:20:00,https://youtube.com/page65,youtube.com,video,edge
2026-02-03 04:21:13,https://github.com/page96,github.com,learning,chrome
2026-02-03 04:21:32,https://kaggle.com/page14,kaggle.com,learning,chrome
2026-02-03 04:22:56,https://medium.com/page99,medium.com,learning,chrome
2026-02-03 04:24:36,https://coursera.org/page67,coursera.org,learning,edge
2026-02-03 04:26:28,https://flipkart.com/page97,flipkart.com,shopping,chrome
2026-02-03 04:27:31,https://medium.com/page46,medium.com,learning,chrome
2026-02-03 04:27:44,https://instagram.com/page59,instagram.com,social,chrome
2026-02-03 04:29:21,https://hotstar.com/page59,hotstar.com,video,chrome
2026-02-03 04:31:05,https://medium.com/page34,medium.com,learning,edge
2026-02-03 04:32:00,https://netflix.com/page81,netflix.com,video,edge
2026-02-03 04:33:54,https://coursera.org/page2,coursera.org,learning,chrome
2026-02-03 04:34:30,https://amazon.com/page13,amazon.com,shopping,chrome
2026-02-03 04:35:29,https://github.com/page58,github.com,learning,edge
2026-02-03 04:36:25,https://coursera.org/page24,coursera.org,learning,edge
2026-02-03 04:37:23,https://coursera.org/page52,coursera.org,learning,edge
2026-02-03 04:39:12,https://coursera.org/page17,coursera.org,learning,chrome
2026-02-03 05:32:12,https://primevideo.com/page43,primevideo.com,video,edge
2026-02-03 05:33:38,https://stackoverflow.com/page96,stackoverflow.com,learning,edge
2026-02-03 05:35:05,https://reddit.com/page52,reddit.com,social,chrome
2026-02-03 05:36:30,https://github.com/page7,github.com,learning,edge
2026-02-03 05:38:12,https://x.com/page9,x.com,social,chrome
2026-02-03 05:38:39,https://medium.com/page33,medium.com,learning,edge
2026-02-03 05:39:15,https://amazon.com/page59,amazon.com,shopping,edge
2026-02-03 05:40:15,https://amazon.com/page63,amazon.com,shopping,chrome
2026-02-03 05:41:15,https://kaggle.com/page32,kaggle.com,learning,edge
2026-02-03 05:42:20,https://kaggle.com/page4,kaggle.com,learning,edge
2026-02-03 05:42:42,https://coursera.org/page79,coursera.org,learning,chrome
2026-02-03 05:43:12,https://medium.com/page5,medium.com,learning,chrome
2026-02-03 05:44:54,https://kaggle.com/page61,kaggle.com,learning,edge
2026-02-03 05:45:26,https://instagram.com/page86,instagram.com,social,edge
2026-02-03 05:46:22,https://youtube.com/page2,youtube.com,video,chrome
2026-02-03 05:47:26,https://hotstar.com/page50,hotstar.com,video,chrome
2026-02-03 05:47:54,https://kaggle.com/page5,kaggle.com,learning,chrome
2026-02-03 05:48:45,https://primevideo.com/page22,primevideo.com,video,chrome
2026-02-03 05:50:42,https://medium.com/page88,medium.com,learning,edge
2026-02-03 05:51:55,https://coursera.org/page36,coursera.org,learning,edge
2026-02-03 05:53:06,https://instagram.com/page8,instagram.com,social,edge
2026-02-03 05:54:23,https://primevideo.com/page73,primevideo.com,video,edge
2026-02-03 05:54:33,https://medium.com/page74,medium.com,learning,edge
2026-02-03 05:55:48,https://medium.com/page74,medium.com,learning,edge
2026-02-03 05:56:21,https://kaggle.com/page49,kaggle.com,learning,chrome
2026-02-03 05:57:57,https://youtube.com/page44,youtube.com,video,chrome
2026-02-03 05:59:37,https://coursera.org/page53,coursera.org,learning,chrome
2026-02-03 06:00:41,https://netflix.com/page58,netflix.com,video,chrome
2026-02-03 06:01:05,https://x.com/page29,x.com,social,edge
2026-02-03 06:01:49,https://kaggle.com/page42,kaggle.com,learning,edge
2026-02-03 06:02:25,https://amazon.com/page32,amazon.com,shopping,chrome
2026-02-03 06:04:07,https://youtube.com/page12,youtube.com,video,edge
2026-02-03 06:05:39,https://primevideo.com/page53,primevideo.com,video,edge
2026-02-03 06:06:32,https://instagram.com/page51,instagram.com,social,chrome
2026-02-03 06:07:34,https://netflix.com/page96,netflix.com,video,chrome
2026-02-03 06:08:33,https://primevideo.com/page57,primevideo.com,video,chrome
2026-02-03 06:09:30,https://medium.com/page81,medium.com,learning,chrome
2026-02-03 06:09:42,https://amazon.com/page26,amazon.com,shopping,edge
2026-02-03 06:11:13,https://wikipedia.org/page45,wikipedia.org,other,chrome
2026-02-03 06:12:51,https://facebook.com/page15,facebook.com,social,edge
2026-02-03 06:13:59,https://instagram.com/page26,instagram.com,social,chrome
2026-02-03 06:14:12,https://youtube.com/page90,youtube.com,video,chrome
2026-02-03 06:14:59,https://facebook.com/page52,facebook.com,social,edge
2026-02-03 06:16:28,https://youtube.com/page16,youtube.com,video,edge
2026-02-03 06:17:18,https://amazon.com/page44,amazon.com,shopping,chrome
2026-02-03 06:17:36,https://facebook.com/page24,facebook.com,social,edge
2026-02-03 06:18:33,https://wikipedia.org/page44,wikipedia.org,other,edge
2026-02-03 06:20:16,https://x.com/page65,x.com,social,chrome
2026-02-03 06:20:45,https://wikipedia.org/page52,wikipedia.org,other,edge
2026-02-03 06:22:29,https://netflix.com/page4,netflix.com,video,chrome
2026-02-03 06:23:45,https://amazon.com/page41,amazon.com,shopping,edge
2026-02-03 06:24:49,https://flipkart.com/page44,flipkart.com,shopping,chrome
2026-02-03 06:26:23,https://medium.com/page53,medium.com,learning,edge
2026-02-03 06:26:46,https://x.com/page22,x.com,social,edge
2026-02-03 06:27:31,https://reddit.com/page24,reddit.com,social,edge
2026-02-03 06:28:28,https://coursera.org/page94,coursera.org,learning,edge
2026-02-03 06:30:24,https://kaggle.com/page93,kaggle.com,learning,chrome
2026-02-03 07:24:24,https://wikipedia.org/page98,wikipedia.org,other,edge
2026-02-03 07:24:50,https://coursera.org/page57,coursera.org,learning,edge
2026-02-03 07:25:15,https://x.com/page47,x.com,social,edge
2026-02-03 07:26:17,https://stackoverflow.com/page80,stackoverflow.com,learning,chrome
2026-02-03 07:27:31,https://netflix.com/page56,netflix.com,video,edge
2026-02-03 07:28:32,https://medium.com/page47,medium.com,learning,chrome
2026-02-03 07:28:42,https://reddit.com/page35,reddit.com,social,edge
2026-02-03 07:28:58,https://kaggle.com/page11,kaggle.com,learning,edge
2026-02-03 07:30:43,https://github.com/page60,github.com,learning,edge
2026-02-03 07:31:26,https://primevideo.com/page26,primevideo.com,video,chrome
2026-02-03 07:32:34,https://coursera.org/page13,coursera.org,learning,edge
2026-02-03 07:33:08,https://flipkart.com/page49,flipkart.com,shopping,chrome
2026-02-03 07:35:03,https://wikipedia.org/page27,wikipedia.org,other,edge
2026-02-03 07:36:41,https://primevideo.com/page61,primevideo.com,video,edge
2026-02-03 07:36:51,https://coursera.org/page61,coursera.org,learning,chrome
2026-02-03 07:37:55,https://reddit.com/page85,reddit.com,social,chrome
2026-02-03 07:39:08,https://hotstar.com/page12,hotstar.com,video,edge
2026-02-03 07:40:40,https://facebook.com/page60,facebook.com,social,edge
2026-02-03 08:10:40,https://hotstar.com/page54,hotstar.com,video,chrome
2026-02-03 08:11:23,https://x.com/page41,x.com,social,chrome
2026-02-03 08:12:03,https://amazon.com/page12,amazon.com,shopping,chrome
2026-02-03 08:13:21,https://x.com/page35,x.com,social,edge
2026-02-03 08:14:00,https://wikipedia.org/page68,wikipedia.org,other,chrome
2026-02-03 08:15:53,https://x.com/page7,x.com,social,edge
2026-02-03 08:17:51,https://hotstar.com/page37,hotstar.com,video,chrome
2026-02-03 08:19:51,https://amazon.com/page34,amazon.com,shopping,chrome
2026-02-03 08:20:11,https://hotstar.com/page85,hotstar.com,video,chrome
2026-02-03 08:21:48,https://hotstar.com/page55,hotstar.com,video,chrome
2026-02-03 08:22:50,https://reddit.com/page73,reddit.com,social,chrome
2026-02-03 08:24:21,https://reddit.com/page50,reddit.com,social,chrome
2026-02-03 09:00:21,https://wikipedia.org/page95,wikipedia.org,other,chrome
2026-02-03 09:00:44,https://github.com/page6,github.com,learning,chrome
2026-02-03 09:01:56,https://amazon.com/page57,amazon.com,shopping,edge
2026-02-03 09:03:53,https://amazon.com/page62,amazon.com,shopping,chrome
2026-02-03 09:04:43,https://flipkart.com/page47,flipkart.com,shopping,chrome
2026-02-03 09:05:16,https://kaggle.com/page10,kaggle.com,learning,edge
2026-02-03 09:06:23,https://reddit.com/page30,reddit.com,social,edge
2026-02-03 09:07:10,https://stackoverflow.com/page37,stackoverflow.com,learning,edge
2026-02-03 10:01:10,https://youtube.com/page10,youtube.com,video,edge
2026-02-03 10:02:31,https://netflix.com/page96,netflix.com,video,chrome
2026-02-03 10:04:07,https://hotstar.com/page74,hotstar.com,video,chrome
2026-02-03 10:05:05,https://medium.com/page24,medium.com,learning,chrome
2026-02-03 10:06:55,https://medium.com/page23,medium.com,learning,chrome
2026-02-03 10:07:23,https://flipkart.com/page18,flipkart.com,shopping,edge
2026-02-03 10:07:40,https://youtube.com/page91,youtube.com,video,edge
2026-02-03 10:08:32,https://facebook.com/page83,facebook.com,social,chrome
2026-02-03 10:10:32,https://x.com/page47,x.com,social,edge
2026-02-03 10:12:04,https://flipkart.com/page16,flipkart.com,shopping,edge
2026-02-03 10:12:38,https://reddit.com/page6,reddit.com,social,edge
2026-02-03 10:13:09,https://stackoverflow.com/page49,stackoverflow.com,learning,edge
2026-02-03 10:14:42,https://instagram.com/page72,instagram.com,social,chrome
2026-02-03 10:16:23,https://facebook.com/page89,facebook.com,social,chrome
2026-02-03 10:17:56,https://wikipedia.org/page20,wikipedia.org,other,chrome
2026-02-03 10:19:34,https://kaggle.com/page36,kaggle.com,learning,edge
2026-02-03 10:19:47,https://netflix.com/page78,netflix.com,video,edge
2026-02-03 10:20:09,https://stackoverflow.com/page57,stackoverflow.com,learning,edge
2026-02-03 10:20:47,https://primevideo.com/page60,primevideo.com,video,edge
2026-02-03 10:21:26,https://wikipedia.org/page99,wikipedia.org,other,chrome
2026-02-03 10:23:18,https://medium.com/page53,medium.com,learning,chrome
2026-02-03 10:24:34,https://reddit.com/page7,reddit.com,social,chrome
2026-02-03 10:25:51,https://facebook.com/page38,facebook.com,social,chrome
2026-02-03 10:27:49,https://kaggle.com/page27,kaggle.com,learning,edge
2026-02-03 11:20:49,https://netflix.com/page20,netflix.com,video,edge
2026-02-03 11:21:08,https://primevideo.com/page45,primevideo.com,video,edge
2026-02-03 11:22:08,https://primevideo.com/page65,primevideo.com,video,edge
2026-02-03 11:24:04,https://facebook.com/page38,facebook.com,social,chrome
2026-02-03 11:25:07,https://kaggle.com/page96,kaggle.com,learning,edge
2026-02-03 11:25:54,https://reddit.com/page24,reddit.com,social,edge
2026-02-03 11:27:00,https://instagram.com/page81,instagram.com,social,chrome
2026-02-03 11:27:40,https://instagram.com/page63,instagram.com,social,edge
2026-02-03 11:28:54,https://primevideo.com/page79,primevideo.com,video,edge
2026-02-03 11:30:53,https://wikipedia.org/page90,wikipedia.org,other,edge
2026-02-03 11:31:53,https://kaggle.com/page13,kaggle.com,learning,chrome
2026-02-03 11:33:44,https://facebook.com/page32,facebook.com,social,chrome
2026-02-03 11:33:55,https://github.com/page71,github.com,learning,edge
2026-02-03 11:34:50,https://amazon.com/page28,amazon.com,shopping,chrome
2026-02-03 11:36:09,https://wikipedia.org/page50,wikipedia.org,other,chrome
2026-02-03 11:36:34,https://amazon.com/page8,amazon.com,shopping,edge
2026-02-03 11:37:18,https://hotstar.com/page39,hotstar.com,video,edge
2026-02-03 11:39:02,https://hotstar.com/page12,hotstar.com,video,chrome
2026-02-03 11:39:54,https://facebook.com/page69,facebook.com,social,chrome
2026-02-03 11:41:05,https://kaggle.com/page49,kaggle.com,learning,edge
2026-02-03 11:42:52,https://github.com/page63,github.com,learning,edge
2026-02-03 11:44:28,https://coursera.org/page6,coursera.org,learning,edge
2026-02-03 11:46:02,https://coursera.org/page50,coursera.org,learning,chrome
2026-02-03 11:46:32,https://netflix.com/page98,netflix.com,video,chrome
2026-02-03 11:47:45,https://kaggle.com/page43,kaggle.com,learning,chrome
2026-02-03 11:48:42,https://reddit.com/page75,reddit.com,social,edge
2026-02-03 11:49:58,https://x.com/page26,x.com,social,chrome
2026-02-03 11:50:22,https://stackoverflow.com/page26,stackoverflow.com,learning,edge
2026-02-03 11:51:19,https://facebook.com/page40,facebook.com,social,chrome
2026-02-03 11:53:17,https://instagram.com/page79,instagram.com,social,edge
2026-02-03 11:55:16,https://coursera.org/page97,coursera.org,learning,chrome
2026-02-03 11:56:05,https://youtube.com/page72,youtube.com,video,chrome
2026-02-03 11:57:14,https://instagram.com/page63,instagram.com,social,edge
2026-02-03 11:57:38,https://facebook.com/page35,facebook.com,social,chrome
2026-02-03 11:59:25,https://x.com/page19,x.com,social,edge
2026-02-03 12:00:06,https://stackoverflow.com/page89,stackoverflow.com,learning,edge
2026-02-03 12:34:06,https://primevideo.com/page66,primevideo.com,video,chrome
2026-02-03 12:34:18,https://reddit.com/page31,reddit.com,social,edge
2026-02-03 12:34:40,https://coursera.org/page24,coursera.org,learning,edge
2026-02-03 12:35:31,https://reddit.com/page56,reddit.com,social,chrome
2026-02-03 12:36:52,https://kaggle.com/page93,kaggle.com,learning,edge
2026-02-03 12:37:16,https://github.com/page61,github.com,learning,chrome
2026-02-03 12:38:49,https://x.com/page68,x.com,social,edge
2026-02-03 12:39:38,https://kaggle.com/page21,kaggle.com,learning,chrome
2026-02-03 12:41:14,https://instagram.com/page23,instagram.com,social,edge
2026-02-03 12:41:52,https://facebook.com/page71,facebook.com,social,chrome
2026-02-03 12:43:11,https://flipkart.com/page53,flipkart.com,shopping,edge
2026-02-03 12:43:33,https://x.com/page2,x.com,social,edge
2026-02-03 12:44:33,https://primevideo.com/page27,primevideo.com,video,edge
2026-02-03 12:45:48,https://instagram.com/page84,instagram.com,social,edge
2026-02-03 12:46:39,https://facebook.com/page46,facebook.com,social,chrome
2026-02-03 12:47:24,https://hotstar.com/page17,hotstar.com,video,chrome
2026-02-03 12:47:52,https://amazon.com/page85,amazon.com,shopping,chrome
2026-02-03 12:48:07,https://netflix.com/page85,netflix.com,video,edge
2026-02-03 13:21:07,https://amazon.com/page25,amazon.com,shopping,edge
2026-02-03 13:22:08,https://flipkart.com/page74,flipkart.com,shopping,chrome
2026-02-03 13:22:24,https://primevideo.com/page2,primevideo.com,video,edge
2026-02-03 13:23:24,https://flipkart.com/page93,flipkart.com,shopping,edge
2026-02-03 13:25:24,https://kaggle.com/page17,kaggle.com,learning,edge
2026-02-03 13:26:50,https://youtube.com/page67,youtube.com,video,chrome
2026-02-03 13:27:36,https://amazon.com/page28,amazon.com,shopping,chrome
2026-02-03 13:29:21,https://coursera.org/page45,coursera.org,learning,edge
2026-02-03 13:30:37,https://netflix.com/page2,netflix.com,video,edge
2026-02-03 13:32:01,https://coursera.org/page39,coursera.org,learning,chrome
2026-02-03 13:33:36,https://coursera.org/page26,coursera.org,learning,edge
2026-02-03 13:33:54,https://flipkart.com/page49,flipkart.com,shopping,chrome
2026-02-03 13:34:50,https://reddit.com/page21,reddit.com,social,edge
2026-02-03 13:35:04,https://youtube.com/page14,youtube.com,video,chrome
2026-02-03 13:36:10,https://stackoverflow.com/page17,stackoverflow.com,learning,edge
2026-02-03 13:37:08,https://github.com/page19,github.com,learning,edge
2026-02-03 13:38:42,https://primevideo.com/page91,primevideo.com,video,edge
2026-02-03 13:39:59,https://instagram.com/page32,instagram.com,social,chrome
2026-02-03 13:40:44,https://youtube.com/page86,youtube.com,video,chrome
2026-02-03 13:41:49,https://hotstar.com/page2,hotstar.com,video,edge
2026-02-03 13:43:30,https://hotstar.com/page16,hotstar.com,video,chrome
2026-02-03 13:44:02,https://amazon.com/page80,amazon.com,shopping,edge
2026-02-03 13:44:42,https://primevideo.com/page17,primevideo.com,video,edge
2026-02-03 13:45:08,https://flipkart.com/page42,flipkart.com,shopping,edge
2026-02-03 13:45:45,https://reddit.com/page41,reddit.com,social,edge
2026-02-03 13:46:25,https://stackoverflow.com/page86,stackoverflow.com,learning,edge
2026-02-03 13:47:22,https://coursera.org/page95,coursera.org,learning,chrome
2026-02-03 13:48:36,https://hotstar.com/page53,hotstar.com,video,chrome
2026-02-03 13:49:43,https://amazon.com/page64,amazon.com,shopping,chrome
2026-02-03 13:51:43,https://stackoverflow.com/page79,stackoverflow.com,learning,edge
2026-02-03 13:52:18,https://stackoverflow.com/page87,stackoverflow.com,learning,edge
2026-02-03 13:53:18,https://reddit.com/page75,reddit.com,social,chrome
2026-02-03 13:54:15,https://kaggle.com/page29,kaggle.com,learning,chrome
2026-02-03 13:55:08,https://kaggle.com/page91,kaggle.com,learning,chrome
2026-02-03 13:56:58,https://instagram.com/page25,instagram.com,social,chrome
2026-02-03 13:57:36,https://stackoverflow.com/page6,stackoverflow.com,learning,edge
2026-02-03 13:58:33,https://reddit.com/page79,reddit.com,social,edge
2026-02-03 13:58:47,https://instagram.com/page27,instagram.com,social,edge
2026-02-03 14:00:36,https://kaggle.com/page62,kaggle.com,learning,chrome
2026-02-03 14:01:01,https://amazon.com/page4,amazon.com,shopping,edge
2026-02-03 14:02:34,https://amazon.com/page41,amazon.com,shopping,edge
2026-02-03 14:03:52,https://flipkart.com/page22,flipkart.com,shopping,chrome
2026-02-03 14:04:16,https://primevideo.com/page66,primevideo.com,video,edge
2026-02-03 14:32:16,https://flipkart.com/page31,flipkart.com,shopping,edge
2026-02-03 14:33:46,https://netflix.com/page19,netflix.com,video,edge
2026-02-03 14:35:21,https://facebook.com/page30,facebook.com,social,chrome
2026-02-03 14:37:00,https://medium.com/page29,medium.com,learning,edge
2026-02-03 14:38:52,https://amazon.com/page18,amazon.com,shopping,edge
2026-02-03 14:39:58,https://youtube.com/page95,youtube.com,video,edge
2026-02-03 14:40:56,https://netflix.com/page21,netflix.com,video,chrome
2026-02-03 14:42:37,https://x.com/page83,x.com,social,edge
2026-02-03 14:43:55,https://medium.com/page96,medium.com,learning,edge
2026-02-03 14:45:28,https://youtube.com/page85,youtube.com,video,edge
2026-02-03 14:45:51,https://reddit.com/page30,reddit.com,social,edge
2026-02-03 14:46:37,https://stackoverflow.com/page79,stackoverflow.com,learning,edge
2026-02-03 14:47:25,https://reddit.com/page80,reddit.com,social,edge
2026-02-03 14:48:07,https://wikipedia.org/page83,wikipedia.org,other,edge
2026-02-03 14:49:41,https://hotstar.com/page56,hotstar.com,video,edge
2026-02-03 14:50:01,https://kaggle.com/page51,kaggle.com,learning,edge
2026-02-03 14:51:08,https://x.com/page61,x.com,social,chrome
2026-02-03 14:52:51,https://coursera.org/page42,coursera.org,learning,chrome
2026-02-03 14:54:38,https://amazon.com/page17,amazon.com,shopping,chrome
2026-02-03 14:56:27,https://kaggle.com/page94,kaggle.com,learning,edge
2026-02-03 14:57:48,https://youtube.com/page2,youtube.com,video,chrome
2026-02-03 14:59:36,https://kaggle.com/page23,kaggle.com,learning,edge
2026-02-03 15:00:09,https://github.com/page70,github.com,learning,edge
2026-02-03 15:01:55,https://github.com/page11,github.com,learning,chrome
2026-02-03 15:03:09,https://medium.com/page19,medium.com,learning,chrome
2026-02-03 15:04:36,https://netflix.com/page70,netflix.com,video,chrome
2026-02-03 15:06:31,https://flipkart.com/page89,flipkart.com,shopping,chrome
2026-02-03 15:07:01,https://facebook.com/page45,facebook.com,social,chrome
2026-02-03 15:08:37,https://x.com/page59,x.com,social,edge
2026-02-03 15:10:25,https://coursera.org/page40,coursera.org,learning,chrome
2026-02-03 15:11:16,https://amazon.com/page51,amazon.com,shopping,chrome
2026-02-03 15:11:38,https://stackoverflow.com/page21,stackoverflow.com,learning,chrome
2026-02-03 15:13:12,https://instagram.com/page50,instagram.com,social,chrome
2026-02-03 15:14:36,https://primevideo.com/page17,primevideo.com,video,edge
2026-02-03 15:16:02,https://reddit.com/page13,reddit.com,social,edge
2026-02-03 15:16:55,https://reddit.com/page66,reddit.com,social,chrome
2026-02-03 15:17:54,https://netflix.com/page77,netflix.com,video,chrome
2026-02-03 15:18:34,https://wikipedia.org/page61,wikipedia.org,other,edge
2026-02-03 15:19:21,https://github.com/page47,github.com,learning,chrome
2026-02-03 15:20:16,https://kaggle.com/page63,kaggle.com,learning,chrome
2026-02-03 15:21:03,https://facebook.com/page97,facebook.com,social,edge
2026-02-03 15:22:09,https://github.com/page82,github.com,learning,edge
2026-02-03 15:23:42,https://stackoverflow.com/page24,stackoverflow.com,learning,chrome
2026-02-03 16:22:42,https://coursera.org/page96,coursera.org,learning,chrome
2026-02-03 16:24:15,https://instagram.com/page61,instagram.com,social,edge
2026-02-03 16:25:07,https://medium.com/page77,medium.com,learning,edge
2026-02-03 16:51:07,https://medium.com/page90,medium.com,learning,edge
2026-02-03 16:52:42,https://hotstar.com/page12,hotstar.com,video,chrome
2026-02-03 16:53:15,https://reddit.com/page61,reddit.com,social,chrome
2026-02-03 16:54:16,https://hotstar.com/page78,hotstar.com,video,edge
2026-02-03 16:54:58,https://youtube.com/page49,youtube.com,video,chrome
2026-02-03 17:42:58,https://netflix.com/page9,netflix.com,video,edge
2026-02-03 17:43:10,https://kaggle.com/page30,kaggle.com,learning,edge
2026-02-03 18:03:10,https://kaggle.com/page67,kaggle.com,learning,edge
2026-02-03 18:03:51,https://github.com/page75,github.com,learning,chrome
2026-02-03 18:04:54,https://wikipedia.org/page72,wikipedia.org,other,edge
2026-02-03 18:05:04,https://medium.com/page26,medium.com,learning,chrome
2026-02-03 18:06:17,https://github.com/page59,github.com,learning,edge
2026-02-03 18:08:06,https://flipkart.com/page17,flipkart.com,shopping,chrome
2026-02-03 18:09:25,https://primevideo.com/page74,primevideo.com,video,edge
2026-02-03 18:10:24,https://kaggle.com/page37,kaggle.com,learning,chrome
2026-02-03 18:11:16,https://kaggle.com/page50,kaggle.com,learning,chrome
2026-02-03 18:13:13,https://coursera.org/page79,coursera.org,learning,chrome
2026-02-03 18:13:47,https://coursera.org/page34,coursera.org,learning,edge
2026-02-03 18:15:27,https://netflix.com/page60,netflix.com,video,edge
2026-02-03 18:17:21,https://wikipedia.org/page16,wikipedia.org,other,chrome
2026-02-03 18:18:51,https://youtube.com/page5,youtube.com,video,edge
2026-02-03 18:20:29,https://github.com/page36,github.com,learning,edge
2026-02-03 18:21:50,https://hotstar.com/page81,hotstar.com,video,chrome
2026-02-03 18:22:53,https://medium.com/page82,medium.com,learning,edge
2026-02-03 18:24:36,https://youtube.com/page44,youtube.com,video,chrome
2026-02-03 18:25:46,https://facebook.com/page44,facebook.com,social,chrome
2026-02-03 18:27:07,https://flipkart.com/page91,flipkart.com,shopping,edge
2026-02-03 18:27:55,https://reddit.com/page59,reddit.com,social,edge
2026-02-03 18:29:53,https://reddit.com/page88,reddit.com,social,chrome
2026-02-03 18:30:39,https://medium.com/page68,medium.com,learning,edge
2026-02-03 18:32:07,https://facebook.com/page13,facebook.com,social,edge
2026-02-03 18:33:26,https://github.com/page86,github.com,learning,edge
2026-02-03 18:33:51,https://flipkart.com/page71,flipkart.com,shopping,chrome
2026-02-03 18:35:08,https://hotstar.com/page65,hotstar.com,video,chrome
2026-02-03 19:03:08,https://wikipedia.org/page3,wikipedia.org,other,edge
2026-02-03 19:04:48,https://flipkart.com/page75,flipkart.com,shopping,edge
2026-02-03 19:06:38,https://stackoverflow.com/page84,stackoverflow.com,learning,chrome
2026-02-03 19:07:11,https://github.com/page80,github.com,learning,edge
2026-02-03 19:08:46,https://kaggle.com/page48,kaggle.com,learning,edge
2026-02-03 19:09:48,https://facebook.com/page69,facebook.com,social,edge
2026-02-03 19:11:03,https://facebook.com/page34,facebook.com,social,chrome
2026-02-03 19:11:40,https://flipkart.com/page61,flipkart.com,shopping,edge
2026-02-03 19:42:40,https://hotstar.com/page10,hotstar.com,video,edge
2026-02-03 19:44:23,https://facebook.com/page18,facebook.com,social,edge
2026-02-03 19:44:48,https://instagram.com/page97,instagram.com,social,chrome
2026-02-03 19:45:58,https://amazon.com/page91,amazon.com,shopping,chrome
2026-02-03 19:46:37,https://primevideo.com/page7,primevideo.com,video,chrome
2026-02-03 19:47:40,https://medium.com/page29,medium.com,learning,chrome
2026-02-03 19:47:57,https://medium.com/page89,medium.com,learning,chrome
2026-02-03 19:49:38,https://reddit.com/page98,reddit.com,social,edge
2026-02-03 19:51:29,https://coursera.org/page51,coursera.org,learning,edge
2026-02-03 19:53:12,https://github.com/page50,github.com,learning,edge
2026-02-03 19:54:18,https://amazon.com/page43,amazon.com,shopping,chrome
2026-02-03 19:54:55,https://wikipedia.org/page53,wikipedia.org,other,edge
2026-02-03 19:55:54,https://wikipedia.org/page33,wikipedia.org,other,chrome
2026-02-03 19:56:55,https://primevideo.com/page9,primevideo.com,video,chrome
2026-02-03 19:57:43,https://wikipedia.org/page17,wikipedia.org,other,edge
2026-02-03 19:58:12,https://facebook.com/page6,facebook.com,social,chrome
2026-02-03 19:58:31,https://reddit.com/page68,reddit.com,social,chrome
2026-02-03 20:00:01,https://wikipedia.org/page32,wikipedia.org,other,chrome
2026-02-03 20:00:17,https://hotstar.com/page30,hotstar.com,video,chrome
2026-02-03 20:01:46,https://facebook.com/page63,facebook.com,social,edge
2026-02-03 20:03:41,https://coursera.org/page66,coursera.org,learning,edge
2026-02-03 20:04:52,https://medium.com/page44,medium.com,learning,edge
2026-02-03 20:05:15,https://instagram.com/page22,instagram.com,social,edge
2026-02-03 20:07:13,https://stackoverflow.com/page73,stackoverflow.com,learning,chrome
2026-02-03 20:08:22,https://facebook.com/page76,facebook.com,social,edge
2026-02-03 20:09:16,https://coursera.org/page15,coursera.org,learning,edge
2026-02-03 20:11:08,https://instagram.com/page62,instagram.com,social,chrome
2026-02-03 20:12:21,https://github.com/page14,github.com,learning,edge
2026-02-03 20:13:51,https://instagram.com/page81,instagram.com,social,chrome
2026-02-03 20:15:18,https://flipkart.com/page73,flipkart.com,shopping,edge
2026-02-03 20:16:52,https://amazon.com/page52,amazon.com,shopping,chrome
2026-02-03 20:56:52,https://medium.com/page58,medium.com,learning,chrome
2026-02-03 20:57:30,https://kaggle.com/page64,kaggle.com,learning,edge
2026-02-03 20:57:41,https://medium.com/page21,medium.com,learning,edge
2026-02-03 20:59:31,https://x.com/page64,x.com,social,edge
2026-02-03 21:00:34,https://youtube.com/page91,youtube.com,video,chrome
2026-02-03 21:01:57,https://netflix.com/page85,netflix.com,video,edge
2026-02-03 21:02:29,https://instagram.com/page80,instagram.com,social,chrome
2026-02-03 21:02:46,https://instagram.com/page67,instagram.com,social,chrome
2026-02-03 21:04:02,https://facebook.com/page44,facebook.com,social,chrome
2026-02-03 21:05:43,https://primevideo.com/page66,primevideo.com,video,edge
2026-02-03 21:06:18,https://amazon.com/page31,amazon.com,shopping,chrome
2026-02-03 21:07:52,https://primevideo.com/page5,primevideo.com,video,edge
2026-02-03 21:08:03,https://amazon.com/page86,amazon.com,shopping,edge
2026-02-03 21:09:28,https://medium.com/page45,medium.com,learning,chrome
2026-02-03 21:09:46,https://coursera.org/page36,coursera.org,learning,edge
2026-02-03 21:11:46,https://youtube.com/page15,youtube.com,video,chrome
2026-02-03 21:13:00,https://stackoverflow.com/page84,stackoverflow.com,learning,edge
2026-02-03 21:13:50,https://github.com/page86,github.com,learning,chrome
2026-02-03 21:14:21,https://youtube.com/page65,youtube.com,video,chrome
2026-02-03 21:16:18,https://hotstar.com/page72,hotstar.com,video,chrome
2026-02-03 21:18:03,https://youtube.com/page8,youtube.com,video,chrome
2026-02-03 21:18:46,https://x.com/page19,x.com,social,chrome
2026-02-03 21:20:14,https://reddit.com/page34,reddit.com,social,chrome
2026-02-03 21:21:45,https://wikipedia.org/page53,wikipedia.org,other,edge
2026-02-03 21:23:22,https://flipkart.com/page33,flipkart.com,shopping,edge
2026-02-03 21:55:22,https://reddit.com/page45,reddit.com,social,edge
2026-02-03 21:57:22,https://x.com/page24,x.com,social,edge
2026-02-03 21:58:54,https://netflix.com/page57,netflix.com,video,edge
2026-02-03 22:00:42,https://youtube.com/page89,youtube.com,video,edge
2026-02-03 22:01:41,https://coursera.org/page80,coursera.org,learning,edge
2026-02-03 22:02:04,https://netflix.com/page18,netflix.com,video,edge
2026-02-03 22:03:54,https://hotstar.com/page20,hotstar.com,video,chrome
2026-02-03 22:05:33,https://amazon.com/page70,amazon.com,shopping,edge
2026-02-03 22:07:12,https://github.com/page95,github.com,learning,chrome
2026-02-03 22:08:27,https://amazon.com/page75,amazon.com,shopping,edge
2026-02-03 22:09:32,https://github.com/page63,github.com,learning,chrome
2026-02-03 22:10:50,https://stackoverflow.com/page56,stackoverflow.com,learning,chrome
2026-02-03 22:12:06,https://github.com/page45,github.com,learning,chrome
2026-02-03 22:13:05,https://x.com/page56,x.com,social,edge
2026-02-03 22:13:21,https://x.com/page90,x.com,social,edge
2026-02-03 22:14:26,https://github.com/page18,github.com,learning,chrome
2026-02-03 22:16:10,https://primevideo.com/page55,primevideo.com,video,chrome
2026-02-03 22:17:25,https://x.com/page85,x.com,social,chrome
2026-02-03 22:17:59,https://facebook.com/page68,facebook.com,social,edge
2026-02-03 22:19:15,https://coursera.org/page44,coursera.org,learning,chrome
2026-02-03 22:19:41,https://coursera.org/page27,coursera.org,learning,edge
2026-02-03 22:20:23,https://hotstar.com/page7,hotstar.com,video,chrome
2026-02-03 22:22:20,https://wikipedia.org/page52,wikipedia.org,other,chrome
2026-02-03 22:23:27,https://coursera.org/page12,coursera.org,learning,edge
2026-02-03 23:09:27,https://youtube.com/page9,youtube.com,video,chrome
2026-02-03 23:10:26,https://coursera.org/page87,coursera.org,learning,chrome
2026-02-03 23:11:02,https://reddit.com/page71,reddit.com,social,edge
2026-02-03 23:39:02,https://instagram.com/page51,instagram.com,social,chrome
2026-02-03 23:40:55,https://youtube.com/page58,youtube.com,video,edge
2026-02-03 23:41:23,https://coursera.org/page23,coursera.org,learning,edge
2026-02-03 23:42:59,https://amazon.com/page68,amazon.com,shopping,chrome
2026-02-03 23:43:55,https://primevideo.com/page68,primevideo.com,video,edge
2026-02-03 23:45:42,https://primevideo.com/page97,primevideo.com,video,edge
2026-02-03 23:46:03,https://coursera.org/page21,coursera.org,learning,edge
2026-02-03 23:46:54,https://reddit.com/page75,reddit.com,social,edge
2026-02-03 23:47:15,https://medium.com/page59,medium.com,learning,edge
2026-02-03 23:48:58,https://youtube.com/page7,youtube.com,video,edge
2026-02-03 23:50:40,https://primevideo.com/page20,primevideo.com,video,edge
2026-02-03 23:51:33,https://wikipedia.org/page18,wikipedia.org,other,chrome
2026-02-03 23:52:02,https://netflix.com/page69,netflix.com,video,chrome
2026-02-03 23:53:52,https://medium.com/page94,medium.com,learning,edge
2026-02-03 23:54:58,https://medium.com/page5,medium.com,learning,chrome
2026-02-03 23:56:58,https://reddit.com/page30,reddit.com,social,edge
2026-02-03 23:58:09,https://youtube.com/page84,youtube.com,video,chrome
2026-02-03 23:59:29,https://hotstar.com/page26,hotstar.com,video,edge
2026-02-04 00:01:21,https://instagram.com/page94,instagram.com,social,chrome
2026-02-04 00:02:58,https://kaggle.com/page95,kaggle.com,learning,chrome
2026-02-04 00:03:24,https://x.com/page58,x.com,social,edge
2026-02-04 00:05:05,https://medium.com/page73,medium.com,learning,chrome
2026-02-04 00:05:25,https://wikipedia.org/page56,wikipedia.org,other,edge
2026-02-04 00:07:01,https://wikipedia.org/page59,wikipedia.org,other,edge
2026-02-04 00:07:54,https://medium.com/page39,medium.com,learning,edge
2026-02-04 00:09:28,https://x.com/page13,x.com,social,edge
2026-02-04 00:11:03,https://medium.com/page35,medium.com,learning,chrome
2026-02-04 00:12:02,https://kaggle.com/page71,kaggle.com,learning,chrome
2026-02-04 00:13:53,https://reddit.com/page45,reddit.com,social,chrome
2026-02-04 00:15:26,https://x.com/page40,x.com,social,chrome
2026-02-04 00:17:04,https://x.com/page84,x.com,social,chrome
2026-02-04 00:18:58,https://facebook.com/page52,facebook.com,social,chrome
2026-02-04 00:19:42,https://x.com/page60,x.com,social,chrome
2026-02-04 00:21:19,https://facebook.com/page82,facebook.com,social,chrome
2026-02-04 00:21:34,https://reddit.com/page97,reddit.com,social,edge
2026-02-04 00:23:22,https://facebook.com/page64,facebook.com,social,chrome
2026-02-04 00:24:34,https://x.com/page42,x.com,social,edge
2026-02-04 00:25:24,https://wikipedia.org/page9,wikipedia.org,other,chrome
2026-02-04 00:25:45,https://instagram.com/page42,instagram.com,social,edge
2026-02-04 00:26:03,https://instagram.com/page54,instagram.com,social,chrome
2026-02-04 00:26:46,https://amazon.com/page86,amazon.com,shopping,chrome
2026-02-04 01:03:46,https://facebook.com/page98,facebook.com,social,chrome
2026-02-04 01:04:59,https://stackoverflow.com/page83,stackoverflow.com,learning,chrome
2026-02-04 01:06:28,https://github.com/page15,github.com,learning,chrome
2026-02-04 01:07:10,https://flipkart.com/page20,flipkart.com,shopping,chrome
2026-02-04 01:07:37,https://medium.com/page56,medium.com,learning,chrome
2026-02-04 01:08:35,https://amazon.com/page75,amazon.com,shopping,chrome
2026-02-04 01:10:35,https://netflix.com/page47,netflix.com,video,edge
2026-02-04 01:10:56,https://coursera.org/page35,coursera.org,learning,edge
2026-02-04 01:12:21,https://medium.com/page34,medium.com,learning,edge
2026-02-04 01:14:16,https://kaggle.com/page1,kaggle.com,learning,edge
2026-02-04 01:15:44,https://facebook.com/page11,facebook.com,social,chrome
2026-02-04 01:17:23,https://x.com/page47,x.com,social,chrome
2026-02-04 01:19:19,https://flipkart.com/page27,flipkart.com,shopping,edge
2026-02-04 01:20:08,https://instagram.com/page51,instagram.com,social,edge
2026-02-04 01:20:25,https://stackoverflow.com/page29,stackoverflow.com,learning,chrome
2026-02-04 01:21:42,https://facebook.com/page63,facebook.com,social,chrome
2026-02-04 01:21:55,https://stackoverflow.com/page25,stackoverflow.com,learning,edge
2026-02-04 01:23:29,https://amazon.com/page20,amazon.com,shopping,edge
2026-02-04 01:24:28,https://youtube.com/page5,youtube.com,video,chrome
2026-02-04 01:25:45,https://stackoverflow.com/page34,stackoverflow.com,learning,edge
2026-02-04 01:27:36,https://flipkart.com/page18,flipkart.com,shopping,edge
2026-02-04 01:29:20,https://kaggle.com/page61,kaggle.com,learning,chrome
2026-02-04 01:29:43,https://instagram.com/page6,instagram.com,social,edge
2026-02-04 01:29:56,https://kaggle.com/page59,kaggle.com,learning,edge
2026-02-04 01:30:46,https://netflix.com/page38,netflix.com,video,chrome
2026-02-04 01:32:34,https://facebook.com/page77,facebook.com,social,edge
2026-02-04 01:33:10,https://flipkart.com/page8,flipkart.com,shopping,edge
2026-02-04 01:34:04,https://coursera.org/page31,coursera.org,learning,chrome
2026-02-04 01:34:39,https://primevideo.com/page24,primevideo.com,video,edge
2026-02-04 01:36:27,https://hotstar.com/page38,hotstar.com,video,chrome
2026-02-04 01:37:37,https://stackoverflow.com/page71,stackoverflow.com,learning,edge
2026-02-04 01:39:29,https://coursera.org/page4,coursera.org,learning,edge
2026-02-04 01:40:19,https://flipkart.com/page81,flipkart.com,shopping,edge
2026-02-04 01:40:32,https://amazon.com/page1,amazon.com,shopping,edge
2026-02-04 01:40:43,https://netflix.com/page24,netflix.com,video,edge
2026-02-04 01:42:02,https://coursera.org/page31,coursera.org,learning,edge
2026-02-04 01:43:03,https://netflix.com/page73,netflix.com,video,chrome
2026-02-04 01:44:08,https://reddit.com/page14,reddit.com,social,chrome
2026-02-04 01:45:53,https://wikipedia.org/page54,wikipedia.org,other,chrome
2026-02-04 01:46:12,https://medium.com/page49,medium.com,learning,chrome
2026-02-04 01:48:09,https://reddit.com/page86,reddit.com,social,edge
2026-02-04 01:49:55,https://facebook.com/page82,facebook.com,social,chrome
2026-02-04 01:50:48,https://reddit.com/page57,reddit.com,social,edge
2026-02-04 01:51:47,https://instagram.com/page6,instagram.com,social,chrome
2026-02-04 01:52:09,https://coursera.org/page61,coursera.org,learning,edge
2026-02-04 01:53:16,https://facebook.com/page61,facebook.com,social,edge
2026-02-04 02:41:16,https://coursera.org/page12,coursera.org,learning,chrome
2026-02-04 02:41:40,https://kaggle.com/page66,kaggle.com,learning,edge
2026-02-04 02:42:37,https://facebook.com/page83,facebook.com,social,chrome
2026-02-04 02:43:52,https://primevideo.com/page86,primevideo.com,video,chrome
2026-02-04 02:44:32,https://amazon.com/page55,amazon.com,shopping,edge
2026-02-04 02:46:05,https://flipkart.com/page20,flipkart.com,shopping,chrome
2026-02-04 03:29:05,https://medium.com/page24,medium.com,learning,edge
2026-02-04 03:30:12,https://youtube.com/page31,youtube.com,video,edge
2026-02-04 04:11:12,https://hotstar.com/page79,hotstar.com,video,chrome
2026-02-04 04:12:23,https://x.com/page13,x.com,social,edge
2026-02-04 04:13:58,https://netflix.com/page61,netflix.com,video,chrome
2026-02-04 04:14:41,https://stackoverflow.com/page88,stackoverflow.com,learning,edge
2026-02-04 04:15:21,https://github.com/page100,github.com,learning,chrome
2026-02-04 04:16:50,https://kaggle.com/page5,kaggle.com,learning,chrome
2026-02-04 04:17:21,https://instagram.com/page56,instagram.com,social,chrome
2026-02-04 04:18:33,https://medium.com/page42,medium.com,learning,edge
2026-02-04 04:19:01,https://youtube.com/page72,youtube.com,video,chrome
2026-02-04 04:20:59,https://youtube.com/page42,youtube.com,video,chrome
2026-02-04 04:21:17,https://instagram.com/page59,instagram.com,social,edge
2026-02-04 04:21:36,https://x.com/page29,x.com,social,chrome
2026-02-04 04:23:34,https://facebook.com/page51,facebook.com,social,edge
2026-02-04 04:23:47,https://amazon.com/page30,amazon.com,shopping,edge
2026-02-04 04:25:43,https://medium.com/page60,medium.com,learning,edge
2026-02-04 04:26:00,https://medium.com/page35,medium.com,learning,edge
2026-02-04 04:26:22,https://hotstar.com/page67,hotstar.com,video,edge
2026-02-04 04:28:21,https://reddit.com/page67,reddit.com,social,edge
2026-02-04 04:29:58,https://medium.com/page22,medium.com,learning,chrome
2026-02-04 05:04:58,https://stackoverflow.com/page51,stackoverflow.com,learning,edge
2026-02-04 05:06:00,https://amazon.com/page78,amazon.com,shopping,chrome
2026-02-04 05:06:49,https://coursera.org/page60,coursera.org,learning,edge
2026-02-04 05:07:57,https://reddit.com/page1,reddit.com,social,chrome
2026-02-04 05:09:55,https://amazon.com/page47,amazon.com,shopping,chrome
2026-02-04 05:10:31,https://medium.com/page36,medium.com,learning,chrome
2026-02-04 05:12:17,https://wikipedia.org/page71,wikipedia.org,other,edge
2026-02-04 05:12:44,https://primevideo.com/page88,primevideo.com,video,chrome
2026-02-04 05:13:30,https://instagram.com/page35,instagram.com,social,chrome
2026-02-04 05:13:42,https://reddit.com/page55,reddit.com,social,chrome
2026-02-04 05:14:40,https://kaggle.com/page26,kaggle.com,learning,edge
2026-02-04 05:15:56,https://primevideo.com/page58,primevideo.com,video,chrome
2026-02-04 05:16:38,https://x.com/page21,x.com,social,edge
2026-02-04 05:57:38,https://amazon.com/page99,amazon.com,shopping,chrome
2026-02-04 05:59:21,https://netflix.com/page84,netflix.com,video,edge
2026-02-04 05:59:52,https://flipkart.com/page53,flipkart.com,shopping,chrome
2026-02-04 06:00:19,https://amazon.com/page53,amazon.com,shopping,edge
2026-02-04 06:02:10,https://github.com/page99,github.com,learning,chrome
2026-02-04 06:02:56,https://instagram.com/page4,instagram.com,social,chrome
2026-02-04 06:04:45,https://facebook.com/page69,facebook.com,social,edge
2026-02-04 06:06:19,https://x.com/page45,x.com,social,edge
2026-02-04 06:07:12,https://youtube.com/page68,youtube.com,video,edge
2026-02-04 06:07:51,https://amazon.com/page97,amazon.com,shopping,edge
2026-02-04 06:08:39,https://medium.com/page72,medium.com,learning,chrome
2026-02-04 06:09:19,https://hotstar.com/page72,hotstar.com,video,edge
2026-02-04 06:11:12,https://instagram.com/page73,instagram.com,social,chrome
2026-02-04 06:11:36,https://instagram.com/page60,instagram.com,social,edge
2026-02-04 06:12:07,https://stackoverflow.com/page10,stackoverflow.com,learning,edge
2026-02-04 06:13:51,https://x.com/page2,x.com,social,chrome
2026-02-04 06:14:04,https://hotstar.com/page66,hotstar.com,video,chrome
2026-02-04 06:14:45,https://stackoverflow.com/page54,stackoverflow.com,learning,chrome
2026-02-04 06:15:20,https://amazon.com/page72,amazon.com,shopping,chrome
2026-02-04 06:15:55,https://reddit.com/page16,reddit.com,social,chrome
2026-02-04 06:17:24,https://x.com/page76,x.com,social,edge
2026-02-04 06:18:27,https://reddit.com/page61,reddit.com,social,edge
2026-02-04 06:19:10,https://coursera.org/page40,coursera.org,learning,edge
2026-02-04 06:19:52,https://amazon.com/page61,amazon.com,shopping,chrome
2026-02-04 06:20:27,https://x.com/page87,x.com,social,chrome
2026-02-04 06:21:12,https://wikipedia.org/page65,wikipedia.org,other,chrome
2026-02-04 06:21:45,https://github.com/page67,github.com,learning,edge
2026-02-04 06:22:52,https://wikipedia.org/page42,wikipedia.org,other,chrome
2026-02-04 06:23:03,https://wikipedia.org/page73,wikipedia.org,other,edge
2026-02-04 06:23:26,https://coursera.org/page24,coursera.org,learning,edge
2026-02-04 06:25:22,https://wikipedia.org/page1,wikipedia.org,other,edge
2026-02-04 06:26:59,https://github.com/page55,github.com,learning,chrome
2026-02-04 06:28:39,https://amazon.com/page5,amazon.com,shopping,edge
2026-02-04 06:30:15,https://primevideo.com/page30,primevideo.com,video,edge
2026-02-04 06:31:49,https://wikipedia.org/page100,wikipedia.org,other,chrome
2026-02-04 06:33:42,https://facebook.com/page15,facebook.com,social,edge
2026-02-04 06:35:01,https://instagram.com/page97,instagram.com,social,edge
2026-02-04 06:36:48,https://medium.com/page39,medium.com,learning,chrome
2026-02-04 06:37:10,https://wikipedia.org/page87,wikipedia.org,other,chrome
2026-02-04 06:38:57,https://hotstar.com/page76,hotstar.com,video,edge
2026-02-04 06:40:19,https://facebook.com/page14,facebook.com,social,edge
2026-02-04 06:42:08,https://medium.com/page81,medium.com,learning,edge
2026-02-04 06:43:41,https://instagram.com/page99,instagram.com,social,chrome
2026-02-04 06:44:31,https://reddit.com/page37,reddit.com,social,edge
2026-02-04 06:45:21,https://instagram.com/page93,instagram.com,social,edge
2026-02-04 07:19:21,https://netflix.com/page34,netflix.com,video,chrome
2026-02-04 07:20:10,https://github.com/page62,github.com,learning,chrome
2026-02-04 07:21:34,https://facebook.com/page24,facebook.com,social,chrome
2026-02-04 07:22:24,https://github.com/page46,github.com,learning,edge
2026-02-04 07:22:58,https://reddit.com/page100,reddit.com,social,chrome
2026-02-04 07:23:30,https://primevideo.com/page5,primevideo.com,video,chrome
2026-02-04 07:24:41,https://wikipedia.org/page46,wikipedia.org,other,edge
2026-02-04 07:25:05,https://coursera.org/page58,coursera.org,learning,chrome
2026-02-04 07:26:51,https://medium.com/page62,medium.com,learning,edge
2026-02-04 07:27:03,https://facebook.com/page51,facebook.com,social,edge
2026-02-04 07:28:51,https://github.com/page7,github.com,learning,chrome
2026-02-04 07:29:52,https://reddit.com/page22,reddit.com,social,chrome
2026-02-04 07:30:30,https://facebook.com/page99,facebook.com,social,edge
2026-02-04 07:31:54,https://amazon.com/page99,amazon.com,shopping,chrome
2026-02-04 07:32:24,https://youtube.com/page18,youtube.com,video,edge
2026-02-04 07:33:16,https://amazon.com/page6,amazon.com,shopping,chrome
2026-02-04 07:34:33,https://medium.com/page2,medium.com,learning,edge
2026-02-04 07:35:47,https://netflix.com/page74,netflix.com,video,edge
2026-02-04 07:37:41,https://hotstar.com/page27,hotstar.com,video,edge
2026-02-04 07:39:16,https://netflix.com/page66,netflix.com,video,chrome
2026-02-04 07:39:33,https://hotstar.com/page71,hotstar.com,video,edge
2026-02-04 07:41:20,https://medium.com/page94,medium.com,learning,chrome
2026-02-04 07:42:00,https://reddit.com/page79,reddit.com,social,chrome
2026-02-04 07:42:36,https://flipkart.com/page76,flipkart.com,shopping,edge
2026-02-04 07:44:07,https://hotstar.com/page96,hotstar.com,video,chrome
2026-02-04 07:44:57,https://medium.com/page20,medium.com,learning,edge
2026-02-04 08:41:57,https://kaggle.com/page77,kaggle.com,learning,chrome
2026-02-04 08:42:10,https://wikipedia.org/page12,wikipedia.org,other,chrome
2026-02-04 08:44:10,https://x.com/page27,x.com,social,chrome
2026-02-04 08:45:04,https://instagram.com/page43,instagram.com,social,chrome
2026-02-04 08:45:57,https://medium.com/page51,medium.com,learning,edge
2026-02-04 08:47:48,https://flipkart.com/page69,flipkart.com,shopping,edge
2026-02-04 08:48:05,https://primevideo.com/page37,primevideo.com,video,edge
2026-02-04 08:48:59,https://netflix.com/page3,netflix.com,video,edge
2026-02-04 08:50:40,https://amazon.com/page13,amazon.com,shopping,chrome
2026-02-04 08:52:08,https://instagram.com/page56,instagram.com,social,chrome
2026-02-04 08:53:11,https://amazon.com/page80,amazon.com,shopping,edge
2026-02-04 08:54:39,https://github.com/page8,github.com,learning,chrome
2026-02-04 08:56:27,https://medium.com/page7,medium.com,learning,edge
2026-02-04 08:57:18,https://amazon.com/page8,amazon.com,shopping,chrome
2026-02-04 08:58:30,https://youtube.com/page77,youtube.com,video,chrome
2026-02-04 09:55:30,https://instagram.com/page80,instagram.com,social,edge
2026-02-04 09:56:14,https://medium.com/page27,medium.com,learning,edge
2026-02-04 09:57:12,https://flipkart.com/page18,flipkart.com,shopping,chrome
2026-02-04 09:58:05,https://x.com/page81,x.com,social,chrome
2026-02-04 09:59:44,https://stackoverflow.com/page15,stackoverflow.com,learning,edge
2026-02-04 10:00:21,https://x.com/page61,x.com,social,chrome
2026-02-04 10:00:49,https://wikipedia.org/page10,wikipedia.org,other,edge
2026-02-04 10:01:27,https://reddit.com/page62,reddit.com,social,edge
2026-02-04 10:03:19,https://medium.com/page40,medium.com,learning,edge
2026-02-04 10:04:35,https://netflix.com/page36,netflix.com,video,chrome
2026-02-04 10:05:21,https://reddit.com/page77,reddit.com,social,chrome
2026-02-04 10:06:56,https://medium.com/page67,medium.com,learning,edge
2026-02-04 10:08:50,https://github.com/page19,github.com,learning,edge
2026-02-04 10:09:22,https://amazon.com/page18,amazon.com,shopping,edge
2026-02-04 10:09:34,https://medium.com/page48,medium.com,learning,edge
2026-02-04 10:11:02,https://amazon.com/page78,amazon.com,shopping,chrome
2026-02-04 10:12:46,https://reddit.com/page98,reddit.com,social,edge
2026-02-04 10:13:55,https://medium.com/page90,medium.com,learning,edge
2026-02-04 10:15:26,https://netflix.com/page22,netflix.com,video,edge
2026-02-04 10:16:08,https://x.com/page40,x.com,social,chrome
2026-02-04 10:16:47,https://github.com/page19,github.com,learning,edge
2026-02-04 10:52:47,https://facebook.com/page39,facebook.com,social,edge
2026-02-04 10:53:56,https://instagram.com/page24,instagram.com,social,edge
2026-02-04 10:54:39,https://wikipedia.org/page34,wikipedia.org,other,chrome
2026-02-04 10:55:30,https://instagram.com/page61,instagram.com,social,edge
2026-02-04 10:55:48,https://netflix.com/page75,netflix.com,video,chrome
2026-02-04 10:56:13,https://wikipedia.org/page49,wikipedia.org,other,edge
2026-02-04 10:58:03,https://kaggle.com/page27,kaggle.com,learning,edge
2026-02-04 10:59:41,https://coursera.org/page74,coursera.org,learning,edge
2026-02-04 11:00:57,https://x.com/page14,x.com,social,chrome
2026-02-04 11:01:35,https://facebook.com/page23,facebook.com,social,edge
2026-02-04 11:59:35,https://facebook.com/page10,facebook.com,social,edge
2026-02-04 12:00:02,https://facebook.com/page91,facebook.com,social,chrome
2026-02-04 12:00:39,https://reddit.com/page1,reddit.com,social,edge
2026-02-04 12:02:11,https://youtube.com/page48,youtube.com,video,chrome
2026-02-04 12:02:52,https://youtube.com/page35,youtube.com,video,edge
2026-02-04 12:03:47,https://primevideo.com/page11,primevideo.com,video,chrome
2026-02-04 12:51:47,https://facebook.com/page14,facebook.com,social,edge
2026-02-04 12:52:53,https://stackoverflow.com/page43,stackoverflow.com,learning,edge
2026-02-04 12:54:04,https://wikipedia.org/page33,wikipedia.org,other,chrome
2026-02-04 12:55:43,https://coursera.org/page33,coursera.org,learning,chrome
2026-02-04 12:57:28,https://medium.com/page77,medium.com,learning,chrome
2026-02-04 12:59:13,https://facebook.com/page87,facebook.com,social,chrome
2026-02-04 12:59:44,https://amazon.com/page64,amazon.com,shopping,edge
2026-02-04 13:00:19,https://coursera.org/page59,coursera.org,learning,chrome
2026-02-04 13:00:38,https://reddit.com/page79,reddit.com,social,edge
2026-02-04 13:01:31,https://facebook.com/page57,facebook.com,social,chrome
2026-02-04 13:03:25,https://primevideo.com/page50,primevideo.com,video,chrome
2026-02-04 13:05:23,https://reddit.com/page11,reddit.com,social,edge
2026-02-04 13:34:23,https://instagram.com/page15,instagram.com,social,edge
2026-02-04 13:34:49,https://netflix.com/page89,netflix.com,video,edge
2026-02-04 13:36:17,https://medium.com/page27,medium.com,learning,edge
2026-02-04 13:37:32,https://netflix.com/page96,netflix.com,video,chrome
2026-02-04 13:37:55,https://x.com/page93,x.com,social,chrome
2026-02-04 13:38:22,https://x.com/page59,x.com,social,chrome
2026-02-04 13:38:48,https://wikipedia.org/page72,wikipedia.org,other,edge
2026-02-04 13:39:57,https://facebook.com/page44,facebook.com,social,edge
2026-02-04 13:41:20,https://youtube.com/page74,youtube.com,video,edge
2026-02-04 13:42:38,https://flipkart.com/page39,flipkart.com,shopping,chrome
2026-02-04 13:43:52,https://x.com/page7,x.com,social,edge
2026-02-04 13:45:39,https://instagram.com/page19,instagram.com,social,chrome
2026-02-04 13:46:41,https://medium.com/page92,medium.com,learning,edge
2026-02-04 13:47:05,https://github.com/page83,github.com,learning,chrome
2026-02-04 13:48:20,https://kaggle.com/page78,kaggle.com,learning,edge
2026-02-04 13:49:56,https://x.com/page47,x.com,social,edge
2026-02-04 13:50:47,https://flipkart.com/page18,flipkart.com,shopping,chrome
2026-02-04 13:50:57,https://instagram.com/page45,instagram.com,social,chrome
2026-02-04 13:51:18,https://flipkart.com/page79,flipkart.com,shopping,edge
2026-02-04 13:52:08,https://flipkart.com/page92,flipkart.com,shopping,chrome
2026-02-04 13:52:31,https://flipkart.com/page20,flipkart.com,shopping,chrome
2026-02-04 13:52:53,https://netflix.com/page60,netflix.com,video,edge
2026-02-04 13:53:27,https://flipkart.com/page34,flipkart.com,shopping,edge
2026-02-04 13:55:02,https://instagram.com/page79,instagram.com,social,chrome
2026-02-04 14:17:02,https://stackoverflow.com/page99,stackoverflow.com,learning,edge
2026-02-04 14:18:27,https://primevideo.com/page32,primevideo.com,video,chrome
2026-02-04 14:19:35,https://primevideo.com/page86,primevideo.com,video,chrome
2026-02-04 14:20:40,https://instagram.com/page76,instagram.com,social,chrome
2026-02-04 14:21:51,https://stackoverflow.com/page61,stackoverflow.com,learning,edge
2026-02-04 14:23:23,https://youtube.com/page57,youtube.com,video,edge
2026-02-04 14:24:58,https://coursera.org/page92,coursera.org,learning,edge
2026-02-04 14:26:02,https://instagram.com/page65,instagram.com,social,chrome
2026-02-04 15:04:02,https://youtube.com/page4,youtube.com,video,chrome
2026-02-04 15:04:27,https://instagram.com/page68,instagram.com,social,chrome
2026-02-04 15:05:14,https://github.com/page87,github.com,learning,edge
2026-02-04 15:07:05,https://netflix.com/page62,netflix.com,video,chrome
2026-02-04 15:08:05,https://facebook.com/page17,facebook.com,social,chrome
2026-02-04 15:09:21,https://wikipedia.org/page95,wikipedia.org,other,edge
2026-02-04 15:10:38,https://x.com/page42,x.com,social,edge
2026-02-04 15:12:06,https://coursera.org/page81,coursera.org,learning,edge
2026-02-04 15:14:01,https://x.com/page89,x.com,social,edge
2026-02-04 15:15:46,https://x.com/page64,x.com,social,chrome
2026-02-04 15:16:31,https://kaggle.com/page21,kaggle.com,learning,edge
2026-02-04 15:17:59,https://instagram.com/page73,instagram.com,social,chrome
2026-02-04 15:18:56,https://coursera.org/page4,coursera.org,learning,chrome
2026-02-04 15:20:08,https://youtube.com/page73,youtube.com,video,edge
2026-02-04 15:20:50,https://kaggle.com/page88,kaggle.com,learning,edge
2026-02-04 15:21:24,https://x.com/page11,x.com,social,edge
2026-02-04 15:22:20,https://amazon.com/page18,amazon.com,shopping,chrome
2026-02-04 15:23:34,https://youtube.com/page24,youtube.com,video,edge
2026-02-04 15:25:07,https://coursera.org/page73,coursera.org,learning,chrome
2026-02-04 15:26:45,https://facebook.com/page42,facebook.com,social,edge
2026-02-04 15:27:31,https://github.com/page63,github.com,learning,edge
2026-02-04 15:29:31,https://kaggle.com/page97,kaggle.com,learning,chrome
2026-02-04 15:58:31,https://youtube.com/page84,youtube.com,video,chrome
2026-02-04 15:59:30,https://primevideo.com/page93,primevideo.com,video,edge
2026-02-04 16:00:45,https://youtube.com/page79,youtube.com,video,chrome
2026-02-04 16:02:30,https://youtube.com/page62,youtube.com,video,chrome
2026-02-04 16:03:44,https://hotstar.com/page93,hotstar.com,video,edge
2026-02-04 16:04:46,https://medium.com/page18,medium.com,learning,chrome
2026-02-04 16:05:48,https://reddit.com/page6,reddit.com,social,edge
2026-02-04 16:07:22,https://x.com/page11,x.com,social,chrome
2026-02-04 16:08:51,https://primevideo.com/page25,primevideo.com,video,chrome
2026-02-04 16:09:39,https://primevideo.com/page25,primevideo.com,video,edge
2026-02-04 16:10:56,https://netflix.com/page91,netflix.com,video,chrome
2026-02-04 16:12:17,https://hotstar.com/page70,hotstar.com,video,chrome
2026-02-04 16:13:05,https://wikipedia.org/page26,wikipedia.org,other,chrome
2026-02-04 16:14:02,https://x.com/page28,x.com,social,edge
2026-02-04 16:14:25,https://coursera.org/page18,coursera.org,learning,edge
2026-02-04 16:15:23,https://stackoverflow.com/page74,stackoverflow.com,learning,chrome
2026-02-04 16:17:03,https://netflix.com/page65,netflix.com,video,edge
2026-02-04 16:17:58,https://netflix.com/page34,netflix.com,video,edge
2026-02-04 16:18:33,https://stackoverflow.com/page28,stackoverflow.com,learning,chrome
2026-02-04 16:19:06,https://amazon.com/page41,amazon.com,shopping,chrome
2026-02-04 16:19:53,https://amazon.com/page73,amazon.com,shopping,chrome
2026-02-04 16:20:46,https://primevideo.com/page44,primevideo.com,video,edge
2026-02-04 16:21:21,https://youtube.com/page75,youtube.com,video,edge
2026-02-04 17:18:21,https://medium.com/page79,medium.com,learning,edge
2026-02-04 17:19:40,https://instagram.com/page78,instagram.com,social,edge
2026-02-04 17:21:34,https://amazon.com/page58,amazon.com,shopping,edge
2026-02-04 17:23:06,https://github.com/page61,github.com,learning,chrome
2026-02-04 17:23:30,https://youtube.com/page44,youtube.com,video,chrome
2026-02-04 17:25:16,https://coursera.org/page59,coursera.org,learning,edge
2026-02-04 17:57:16,https://medium.com/page40,medium.com,learning,chrome
2026-02-04 17:59:11,https://coursera.org/page2,coursera.org,learning,chrome
2026-02-04 18:00:09,https://stackoverflow.com/page19,stackoverflow.com,learning,edge
2026-02-04 18:01:37,https://flipkart.com/page2,flipkart.com,shopping,edge
2026-02-04 18:03:19,https://flipkart.com/page75,flipkart.com,shopping,edge
2026-02-04 18:05:01,https://amazon.com/page30,amazon.com,shopping,edge
2026-02-04 18:05:46,https://medium.com/page88,medium.com,learning,chrome
2026-02-04 18:07:02,https://kaggle.com/page49,kaggle.com,learning,chrome
2026-02-04 18:07:18,https://primevideo.com/page70,primevideo.com,video,chrome
2026-02-04 18:09:07,https://reddit.com/page69,reddit.com,social,chrome
2026-02-04 18:10:08,https://kaggle.com/page18,kaggle.com,learning,chrome
2026-02-04 18:10:18,https://reddit.com/page37,reddit.com,social,chrome
2026-02-04 18:11:32,https://amazon.com/page2,amazon.com,shopping,chrome
2026-02-04 18:12:28,https://amazon.com/page23,amazon.com,shopping,edge
2026-02-04 18:14:18,https://youtube.com/page2,youtube.com,video,chrome
2026-02-04 18:15:25,https://coursera.org/page92,coursera.org,learning,chrome
2026-02-04 18:15:54,https://wikipedia.org/page31,wikipedia.org,other,edge
2026-02-04 18:16:57,https://netflix.com/page97,netflix.com,video,chrome
2026-02-04 18:18:38,https://coursera.org/page29,coursera.org,learning,chrome
2026-02-04 18:20:04,https://medium.com/page12,medium.com,learning,chrome
2026-02-04 18:20:26,https://hotstar.com/page75,hotstar.com,video,edge
2026-02-04 18:21:23,https://coursera.org/page56,coursera.org,learning,edge
2026-02-04 18:21:48,https://facebook.com/page95,facebook.com,social,edge
2026-02-04 18:47:48,https://coursera.org/page66,coursera.org,learning,edge
2026-02-04 18:48:48,https://youtube.com/page36,youtube.com,video,edge
2026-02-04 18:50:34,https://youtube.com/page36,youtube.com,video,chrome
2026-02-04 18:52:13,https://x.com/page6,x.com,social,edge
2026-02-04 18:53:33,https://x.com/page19,x.com,social,chrome
2026-02-04 18:55:18,https://facebook.com/page42,facebook.com,social,edge
2026-02-04 18:56:20,https://wikipedia.org/page1,wikipedia.org,other,edge
2026-02-04 18:56:45,https://coursera.org/page38,coursera.org,learning,chrome
2026-02-04 18:57:43,https://medium.com/page16,medium.com,learning,chrome
2026-02-04 18:59:34,https://x.com/page74,x.com,social,edge
2026-02-04 19:01:10,https://youtube.com/page71,youtube.com,video,chrome
2026-02-04 19:02:05,https://wikipedia.org/page35,wikipedia.org,other,edge
2026-02-04 19:02:47,https://hotstar.com/page50,hotstar.com,video,chrome
2026-02-04 19:04:45,https://facebook.com/page69,facebook.com,social,chrome
2026-02-04 19:06:18,https://stackoverflow.com/page8,stackoverflow.com,learning,edge
2026-02-04 19:07:47,https://instagram.com/page66,instagram.com,social,edge
2026-02-04 19:08:40,https://hotstar.com/page47,hotstar.com,video,chrome
2026-02-04 19:09:02,https://wikipedia.org/page30,wikipedia.org,other,edge
2026-02-04 19:09:40,https://flipkart.com/page6,flipkart.com,shopping,chrome
2026-02-04 19:11:18,https://wikipedia.org/page96,wikipedia.org,other,chrome
2026-02-04 19:12:03,https://youtube.com/page8,youtube.com,video,chrome
2026-02-04 19:12:34,https://instagram.com/page87,instagram.com,social,chrome
2026-02-04 19:14:13,https://wikipedia.org/page13,wikipedia.org,other,chrome
2026-02-04 19:52:13,https://amazon.com/page82,amazon.com,shopping,edge
2026-02-04 19:54:02,https://flipkart.com/page85,flipkart.com,shopping,chrome
2026-02-04 19:54:44,https://medium.com/page67,medium.com,learning,edge
2026-02-04 19:56:11,https://reddit.com/page91,reddit.com,social,edge
2026-02-04 19:57:02,https://instagram.com/page52,instagram.com,social,chrome
2026-02-04 19:58:06,https://reddit.com/page6,reddit.com,social,chrome
2026-02-04 19:58:18,https://x.com/page7,x.com,social,edge
2026-02-04 19:58:40,https://stackoverflow.com/page35,stackoverflow.com,learning,chrome
2026-02-04 20:37:40,https://wikipedia.org/page34,wikipedia.org,other,edge
2026-02-04 20:38:30,https://primevideo.com/page55,primevideo.com,video,edge
2026-02-04 20:38:50,https://amazon.com/page83,amazon.com,shopping,chrome
2026-02-04 20:40:43,https://reddit.com/page72,reddit.com,social,edge
2026-02-04 20:41:27,https://amazon.com/page22,amazon.com,shopping,chrome
2026-02-04 20:41:43,https://reddit.com/page91,reddit.com,social,edge
2026-02-04 21:40:43,https://youtube.com/page11,youtube.com,video,chrome
2026-02-04 21:41:07,https://medium.com/page79,medium.com,learning,edge
2026-02-04 21:41:22,https://reddit.com/page33,reddit.com,social,edge
2026-02-04 21:42:29,https://netflix.com/page69,netflix.com,video,edge
2026-02-04 21:44:04,https://flipkart.com/page29,flipkart.com,shopping,edge
2026-02-04 21:44:33,https://instagram.com/page16,instagram.com,social,chrome
2026-02-04 21:45:32,https://x.com/page96,x.com,social,edge
2026-02-04 21:46:47,https://youtube.com/page13,youtube.com,video,chrome
2026-02-04 21:48:43,https://kaggle.com/page7,kaggle.com,learning,chrome
2026-02-04 21:49:27,https://stackoverflow.com/page8,stackoverflow.com,learning,chrome
2026-02-04 21:50:04,https://stackoverflow.com/page17,stackoverflow.com,learning,edge
2026-02-04 21:51:22,https://flipkart.com/page92,flipkart.com,shopping,chrome
2026-02-04 21:52:15,https://coursera.org/page7,coursera.org,learning,chrome
2026-02-04 22:22:15,https://x.com/page73,x.com,social,edge
2026-02-04 22:22:34,https://amazon.com/page43,amazon.com,shopping,chrome
2026-02-04 22:23:15,https://reddit.com/page63,reddit.com,social,edge
2026-02-04 22:24:19,https://kaggle.com/page58,kaggle.com,learning,chrome
2026-02-04 22:25:43,https://primevideo.com/page14,primevideo.com,video,chrome
2026-02-04 22:27:43,https://hotstar.com/page40,hotstar.com,video,chrome
2026-02-04 22:29:09,https://reddit.com/page33,reddit.com,social,chrome
2026-02-04 22:54:09,https://github.com/page27,github.com,learning,chrome
2026-02-04 22:55:36,https://instagram.com/page2,instagram.com,social,chrome
2026-02-04 22:57:21,https://facebook.com/page15,facebook.com,social,chrome
2026-02-04 22:57:54,https://x.com/page49,x.com,social,edge
2026-02-04 22:59:29,https://reddit.com/page99,reddit.com,social,edge
2026-02-04 23:01:03,https://kaggle.com/page65,kaggle.com,learning,chrome
2026-02-04 23:45:03,https://coursera.org/page23,coursera.org,learning,chrome
2026-02-04 23:45:59,https://instagram.com/page3,instagram.com,social,edge
2026-02-04 23:46:36,https://hotstar.com/page28,hotstar.com,video,chrome
2026-02-04 23:48:28,https://medium.com/page62,medium.com,learning,chrome
2026-02-04 23:49:09,https://amazon.com/page53,amazon.com,shopping,chrome
2026-02-04 23:50:20,https://facebook.com/page42,facebook.com,social,edge
2026-02-04 23:52:04,https://stackoverflow.com/page78,stackoverflow.com,learning,edge
2026-02-04 23:52:49,https://kaggle.com/page6,kaggle.com,learning,edge
2026-02-04 23:54:42,https://netflix.com/page35,netflix.com,video,chrome
2026-02-04 23:55:01,https://hotstar.com/page37,hotstar.com,video,chrome
2026-02-04 23:55:14,https://reddit.com/page77,reddit.com,social,edge
2026-02-04 23:55:42,https://github.com/page2,github.com,learning,edge
2026-02-04 23:57:16,https://coursera.org/page89,coursera.org,learning,chrome
2026-02-04 23:58:52,https://instagram.com/page23,instagram.com,social,chrome
2026-02-04 23:59:43,https://coursera.org/page94,coursera.org,learning,edge
2026-02-05 00:01:43,https://instagram.com/page75,instagram.com,social,chrome
2026-02-05 00:03:39,https://reddit.com/page64,reddit.com,social,chrome
2026-02-05 00:04:47,https://coursera.org/page15,coursera.org,learning,chrome
2026-02-05 00:05:20,https://x.com/page40,x.com,social,edge
2026-02-05 00:07:09,https://flipkart.com/page80,flipkart.com,shopping,edge
2026-02-05 00:07:46,https://kaggle.com/page29,kaggle.com,learning,edge
2026-02-05 00:09:35,https://reddit.com/page45,reddit.com,social,chrome
2026-02-05 00:10:29,https://kaggle.com/page15,kaggle.com,learning,edge
2026-02-05 00:11:38,https://flipkart.com/page89,flipkart.com,shopping,edge
2026-02-05 00:13:32,https://stackoverflow.com/page7,stackoverflow.com,learning,edge
2026-02-05 00:13:52,https://github.com/page73,github.com,learning,chrome
2026-02-05 00:15:49,https://facebook.com/page30,facebook.com,social,chrome
2026-02-05 00:16:26,https://kaggle.com/page65,kaggle.com,learning,chrome
2026-02-05 00:17:49,https://youtube.com/page85,youtube.com,video,edge
2026-02-05 00:18:18,https://coursera.org/page50,coursera.org,learning,edge
2026-02-05 00:19:11,https://stackoverflow.com/page19,stackoverflow.com,learning,edge
2026-02-05 00:20:14,https://kaggle.com/page16,kaggle.com,learning,edge
2026-02-05 00:22:05,https://netflix.com/page40,netflix.com,video,chrome
2026-02-05 00:22:48,https://hotstar.com/page85,hotstar.com,video,chrome
2026-02-05 00:24:29,https://kaggle.com/page35,kaggle.com,learning,edge
2026-02-05 00:26:12,https://youtube.com/page39,youtube.com,video,edge
2026-02-05 00:27:35,https://flipkart.com/page35,flipkart.com,shopping,chrome
2026-02-05 00:28:11,https://amazon.com/page4,amazon.com,shopping,edge
2026-02-05 00:29:44,https://kaggle.com/page22,kaggle.com,learning,edge
2026-02-05 00:31:33,https://netflix.com/page65,netflix.com,video,chrome
2026-02-05 00:33:20,https://stackoverflow.com/page96,stackoverflow.com,learning,chrome
2026-02-05 00:33:59,https://youtube.com/page41,youtube.com,video,chrome
2026-02-05 00:35:37,https://instagram.com/page92,instagram.com,social,edge
2026-02-05 01:05:37,https://facebook.com/page98,facebook.com,social,chrome
2026-02-05 01:06:56,https://primevideo.com/page27,primevideo.com,video,chrome
2026-02-05 01:07:37,https://instagram.com/page80,instagram.com,social,edge
2026-02-05 01:08:44,https://wikipedia.org/page79,wikipedia.org,other,edge
2026-02-05 01:10:08,https://facebook.com/page77,facebook.com,social,chrome
2026-02-05 01:11:49,https://primevideo.com/page60,primevideo.com,video,edge
2026-02-05 01:12:20,https://amazon.com/page59,amazon.com,shopping,chrome
2026-02-05 01:12:51,https://primevideo.com/page53,primevideo.com,video,edge
2026-02-05 01:13:10,https://netflix.com/page50,netflix.com,video,chrome
2026-02-05 01:47:10,https://x.com/page3,x.com,social,chrome
2026-02-05 01:47:30,https://x.com/page15,x.com,social,chrome
2026-02-05 01:48:06,https://hotstar.com/page37,hotstar.com,video,edge
2026-02-05 01:48:39,https://x.com/page16,x.com,social,chrome
2026-02-05 01:48:54,https://stackoverflow.com/page87,stackoverflow.com,learning,chrome
2026-02-05 01:49:20,https://x.com/page30,x.com,social,chrome
2026-02-05 01:51:20,https://flipkart.com/page28,flipkart.com,shopping,chrome
2026-02-05 01:52:21,https://kaggle.com/page91,kaggle.com,learning,edge
2026-02-05 01:54:01,https://facebook.com/page94,facebook.com,social,chrome
2026-02-05 01:54:32,https://reddit.com/page57,reddit.com,social,edge
2026-02-05 01:55:05,https://instagram.com/page35,instagram.com,social,chrome
2026-02-05 01:55:50,https://flipkart.com/page71,flipkart.com,shopping,edge
2026-02-05 01:57:20,https://kaggle.com/page2,kaggle.com,learning,edge
2026-02-05 01:57:58,https://wikipedia.org/page13,wikipedia.org,other,edge
2026-02-05 01:58:54,https://wikipedia.org/page46,wikipedia.org,other,edge
2026-02-05 02:00:41,https://instagram.com/page3,instagram.com,social,chrome
2026-02-05 02:22:41,https://primevideo.com/page96,primevideo.com,video,edge
2026-02-05 02:23:05,https://flipkart.com/page71,flipkart.com,shopping,chrome
2026-02-05 02:24:18,https://hotstar.com/page34,hotstar.com,video,chrome
2026-02-05 02:25:31,https://stackoverflow.com/page79,stackoverflow.com,learning,chrome
2026-02-05 02:26:45,https://coursera.org/page80,coursera.org,learning,chrome
2026-02-05 02:27:04,https://wikipedia.org/page23,wikipedia.org,other,edge
2026-02-05 02:28:35,https://primevideo.com/page22,primevideo.com,video,chrome
2026-02-05 02:29:53,https://reddit.com/page42,reddit.com,social,edge
2026-02-05 02:30:55,https://netflix.com/page91,netflix.com,video,chrome
2026-02-05 02:31:42,https://amazon.com/page40,amazon.com,shopping,edge
2026-02-05 02:33:26,https://medium.com/page71,medium.com,learning,chrome
2026-02-05 02:34:50,https://wikipedia.org/page13,wikipedia.org,other,chrome
2026-02-05 02:35:14,https://instagram.com/page23,instagram.com,social,edge
2026-02-05 02:36:39,https://x.com/page60,x.com,social,chrome
2026-02-05 02:36:49,https://stackoverflow.com/page28,stackoverflow.com,learning,chrome
2026-02-05 02:37:42,https://kaggle.com/page68,kaggle.com,learning,edge
2026-02-05 02:38:23,https://stackoverflow.com/page69,stackoverflow.com,learning,chrome
2026-02-05 02:39:41,https://medium.com/page85,medium.com,learning,chrome
2026-02-05 02:41:15,https://amazon.com/page2,amazon.com,shopping,edge
2026-02-05 02:41:30,https://wikipedia.org/page57,wikipedia.org,other,chrome
2026-02-05 02:43:11,https://amazon.com/page50,amazon.com,shopping,edge
2026-02-05 02:43:37,https://wikipedia.org/page36,wikipedia.org,other,edge
2026-02-05 02:44:44,https://facebook.com/page73,facebook.com,social,chrome
2026-02-05 02:45:33,https://coursera.org/page74,coursera.org,learning,edge
2026-02-05 02:47:29,https://wikipedia.org/page86,wikipedia.org,other,chrome
2026-02-05 02:48:45,https://amazon.com/page93,amazon.com,shopping,edge
2026-02-05 02:49:00,https://youtube.com/page5,youtube.com,video,edge
2026-02-05 02:49:15,https://medium.com/page44,medium.com,learning,chrome
2026-02-05 02:51:00,https://netflix.com/page58,netflix.com,video,chrome
2026-02-05 02:51:18,https://primevideo.com/page42,primevideo.com,video,chrome
2026-02-05 02:53:09,https://primevideo.com/page87,primevideo.com,video,edge
2026-02-05 02:55:00,https://netflix.com/page35,netflix.com,video,chrome
2026-02-05 02:56:47,https://flipkart.com/page72,flipkart.com,shopping,edge
2026-02-05 02:58:45,https://coursera.org/page76,coursera.org,learning,edge
2026-02-05 02:59:56,https://kaggle.com/page75,kaggle.com,learning,edge
2026-02-05 03:50:56,https://reddit.com/page20,reddit.com,social,edge
2026-02-05 03:51:28,https://github.com/page80,github.com,learning,edge
2026-02-05 03:53:00,https://medium.com/page16,medium.com,learning,chrome
2026-02-05 03:54:44,https://medium.com/page50,medium.com,learning,chrome
2026-02-05 03:56:04,https://instagram.com/page22,instagram.com,social,edge
2026-02-05 03:57:21,https://x.com/page24,x.com,social,chrome
2026-02-05 03:58:50,https://coursera.org/page81,coursera.org,learning,chrome
2026-02-05 03:59:19,https://coursera.org/page31,coursera.org,learning,edge
2026-02-05 04:00:24,https://hotstar.com/page29,hotstar.com,video,edge
2026-02-05 04:00:46,https://github.com/page83,github.com,learning,edge
2026-02-05 04:01:56,https://x.com/page94,x.com,social,chrome
2026-02-05 04:02:23,https://github.com/page46,github.com,learning,edge
2026-02-05 04:03:59,https://flipkart.com/page79,flipkart.com,shopping,chrome
2026-02-05 04:04:24,https://flipkart.com/page74,flipkart.com,shopping,edge
2026-02-05 04:05:37,https://reddit.com/page57,reddit.com,social,edge
2026-02-05 04:06:05,https://primevideo.com/page82,primevideo.com,video,edge
2026-02-05 04:42:05,https://facebook.com/page15,facebook.com,social,chrome
2026-02-05 04:43:01,https://github.com/page46,github.com,learning,chrome
2026-02-05 04:44:13,https://x.com/page23,x.com,social,chrome
2026-02-05 04:44:34,https://instagram.com/page79,instagram.com,social,edge
2026-02-05 04:46:16,https://youtube.com/page63,youtube.com,video,edge
2026-02-05 04:46:44,https://youtube.com/page18,youtube.com,video,chrome
2026-02-05 04:47:34,https://github.com/page100,github.com,learning,edge
2026-02-05 04:48:29,https://youtube.com/page12,youtube.com,video,edge
2026-02-05 04:48:51,https://amazon.com/page87,amazon.com,shopping,edge
2026-02-05 04:50:35,https://instagram.com/page71,instagram.com,social,edge
2026-02-05 04:51:04,https://hotstar.com/page69,hotstar.com,video,chrome
2026-02-05 04:51:15,https://coursera.org/page54,coursera.org,learning,edge
2026-02-05 04:52:55,https://x.com/page39,x.com,social,edge
2026-02-05 04:54:51,https://primevideo.com/page84,primevideo.com,video,chrome
2026-02-05 04:56:37,https://wikipedia.org/page29,wikipedia.org,other,edge
2026-02-05 04:57:08,https://coursera.org/page31,coursera.org,learning,edge
2026-02-05 04:58:15,https://amazon.com/page75,amazon.com,shopping,chrome
2026-02-05 05:00:15,https://stackoverflow.com/page56,stackoverflow.com,learning,edge
2026-02-05 05:44:15,https://medium.com/page89,medium.com,learning,chrome
2026-02-05 05:45:55,https://reddit.com/page9,reddit.com,social,chrome
2026-02-05 05:47:10,https://reddit.com/page49,reddit.com,social,edge
2026-02-05 05:48:47,https://medium.com/page80,medium.com,learning,edge
2026-02-05 05:49:46,https://amazon.com/page71,amazon.com,shopping,chrome
2026-02-05 05:51:38,https://reddit.com/page58,reddit.com,social,edge
2026-02-05 05:52:40,https://coursera.org/page35,coursera.org,learning,edge
2026-02-05 05:52:51,https://youtube.com/page43,youtube.com,video,edge
2026-02-05 06:30:51,https://youtube.com/page57,youtube.com,video,chrome
2026-02-05 06:53:51,https://reddit.com/page59,reddit.com,social,edge
2026-02-05 06:55:43,https://medium.com/page98,medium.com,learning,edge
2026-02-05 06:56:23,https://facebook.com/page72,facebook.com,social,chrome
2026-02-05 06:56:35,https://netflix.com/page30,netflix.com,video,edge
2026-02-05 06:57:27,https://instagram.com/page71,instagram.com,social,edge
2026-02-05 06:58:52,https://hotstar.com/page48,hotstar.com,video,edge
2026-02-05 06:59:56,https://medium.com/page21,medium.com,learning,edge
2026-02-05 07:00:24,https://facebook.com/page16,facebook.com,social,chrome
2026-02-05 07:01:00,https://youtube.com/page17,youtube.com,video,chrome
2026-02-05 07:02:09,https://kaggle.com/page7,kaggle.com,learning,chrome
2026-02-05 07:03:05,https://medium.com/page89,medium.com,learning,chrome
2026-02-05 07:03:17,https://wikipedia.org/page51,wikipedia.org,other,edge
2026-02-05 07:03:31,https://wikipedia.org/page87,wikipedia.org,other,edge
2026-02-05 07:04:09,https://hotstar.com/page88,hotstar.com,video,edge
2026-02-05 07:04:59,https://primevideo.com/page78,primevideo.com,video,chrome
2026-02-05 07:06:17,https://wikipedia.org/page75,wikipedia.org,other,edge
2026-02-05 07:08:12,https://netflix.com/page91,netflix.com,video,edge
2026-02-05 07:09:14,https://x.com/page52,x.com,social,chrome
2026-02-05 07:10:17,https://amazon.com/page67,amazon.com,shopping,edge
2026-02-05 07:11:28,https://facebook.com/page45,facebook.com,social,chrome
2026-02-05 07:11:39,https://coursera.org/page82,coursera.org,learning,edge
2026-02-05 07:12:38,https://instagram.com/page74,instagram.com,social,chrome
2026-02-05 08:04:38,https://github.com/page92,github.com,learning,chrome
2026-02-05 08:05:40,https://facebook.com/page10,facebook.com,social,chrome
2026-02-05 08:07:02,https://flipkart.com/page7,flipkart.com,shopping,chrome
2026-02-05 08:08:29,https://hotstar.com/page41,hotstar.com,video,edge
2026-02-05 08:09:25,https://instagram.com/page69,instagram.com,social,edge
2026-02-05 08:10:58,https://reddit.com/page42,reddit.com,social,edge
2026-02-05 08:11:10,https://instagram.com/page100,instagram.com,social,chrome
2026-02-05 08:52:10,https://medium.com/page27,medium.com,learning,edge
2026-02-05 08:52:44,https://wikipedia.org/page73,wikipedia.org,other,edge
2026-02-05 08:53:29,https://facebook.com/page75,facebook.com,social,chrome
2026-02-05 08:54:06,https://hotstar.com/page45,hotstar.com,video,chrome
2026-02-05 08:54:46,https://github.com/page62,github.com,learning,chrome
2026-02-05 08:56:29,https://primevideo.com/page61,primevideo.com,video,edge
2026-02-05 08:58:09,https://netflix.com/page71,netflix.com,video,edge
2026-02-05 08:59:50,https://x.com/page23,x.com,social,chrome
2026-02-05 09:34:50,https://github.com/page85,github.com,learning,chrome
2026-02-05 09:36:00,https://kaggle.com/page85,kaggle.com,learning,chrome
2026-02-05 09:36:54,https://kaggle.com/page19,kaggle.com,learning,chrome
2026-02-05 09:38:45,https://facebook.com/page62,facebook.com,social,chrome
2026-02-05 09:39:44,https://medium.com/page12,medium.com,learning,edge
2026-02-05 09:41:38,https://hotstar.com/page77,hotstar.com,video,edge
2026-02-05 09:42:28,https://facebook.com/page8,facebook.com,social,chrome
2026-02-05 09:42:55,https://amazon.com/page20,amazon.com,shopping,chrome
2026-02-05 09:44:05,https://instagram.com/page38,instagram.com,social,chrome
2026-02-05 09:44:23,https://primevideo.com/page4,primevideo.com,video,chrome
2026-02-05 09:44:49,https://stackoverflow.com/page86,stackoverflow.com,learning,edge
2026-02-05 09:45:49,https://coursera.org/page37,coursera.org,learning,edge
2026-02-05 09:47:25,https://primevideo.com/page14,primevideo.com,video,chrome
2026-02-05 09:48:01,https://medium.com/page99,medium.com,learning,chrome
2026-02-05 09:48:52,https://kaggle.com/page99,kaggle.com,learning,chrome
2026-02-05 09:49:41,https://kaggle.com/page39,kaggle.com,learning,chrome
2026-02-05 09:50:13,https://kaggle.com/page70,kaggle.com,learning,edge
2026-02-05 09:51:09,https://facebook.com/page14,facebook.com,social,edge
2026-02-05 09:52:43,https://stackoverflow.com/page38,stackoverflow.com,learning,edge
2026-02-05 09:53:21,https://netflix.com/page37,netflix.com,video,edge
2026-02-05 09:54:40,https://instagram.com/page24,instagram.com,social,chrome
2026-02-05 09:55:48,https://medium.com/page53,medium.com,learning,chrome
2026-02-05 09:56:56,https://coursera.org/page57,coursera.org,learning,chrome
2026-02-05 10:31:56,https://x.com/page20,x.com,social,edge
2026-02-05 10:33:06,https://github.com/page18,github.com,learning,chrome
2026-02-05 10:33:53,https://github.com/page34,github.com,learning,edge
2026-02-05 10:34:40,https://youtube.com/page76,youtube.com,video,chrome
2026-02-05 10:36:28,https://stackoverflow.com/page78,stackoverflow.com,learning,edge
2026-02-05 10:36:46,https://instagram.com/page83,instagram.com,social,chrome
2026-02-05 10:38:21,https://netflix.com/page84,netflix.com,video,edge
2026-02-05 10:39:10,https://reddit.com/page79,reddit.com,social,chrome
2026-02-05 10:41:03,https://medium.com/page84,medium.com,learning,chrome
2026-02-05 10:41:24,https://kaggle.com/page90,kaggle.com,learning,edge
2026-02-05 10:42:56,https://instagram.com/page20,instagram.com,social,chrome
2026-02-05 10:43:45,https://github.com/page33,github.com,learning,chrome
2026-02-05 10:44:12,https://medium.com/page94,medium.com,learning,chrome
2026-02-05 10:45:07,https://flipkart.com/page49,flipkart.com,shopping,chrome
2026-02-05 10:46:04,https://stackoverflow.com/page45,stackoverflow.com,learning,chrome
2026-02-05 10:47:59,https://flipkart.com/page84,flipkart.com,shopping,chrome
2026-02-05 10:48:24,https://facebook.com/page87,facebook.com,social,edge
2026-02-05 10:49:31,https://facebook.com/page5,facebook.com,social,edge
2026-02-05 10:50:44,https://stackoverflow.com/page100,stackoverflow.com,learning,chrome
2026-02-05 10:52:11,https://netflix.com/page37,netflix.com,video,edge
2026-02-05 10:53:14,https://facebook.com/page84,facebook.com,social,edge
2026-02-05 10:55:02,https://amazon.com/page98,amazon.com,shopping,edge
2026-02-05 10:55:35,https://stackoverflow.com/page54,stackoverflow.com,learning,edge
2026-02-05 10:56:44,https://flipkart.com/page5,flipkart.com,shopping,chrome
2026-02-05 10:58:24,https://x.com/page36,x.com,social,edge
2026-02-05 11:00:17,https://wikipedia.org/page59,wikipedia.org,other,edge
2026-02-05 11:02:11,https://wikipedia.org/page62,wikipedia.org,other,edge
2026-02-05 11:03:52,https://x.com/page83,x.com,social,edge
2026-02-05 11:04:21,https://instagram.com/page1,instagram.com,social,edge
2026-02-05 11:05:33,https://instagram.com/page37,instagram.com,social,chrome
2026-02-05 11:07:19,https://flipkart.com/page40,flipkart.com,shopping,edge
2026-02-05 11:08:20,https://kaggle.com/page76,kaggle.com,learning,edge
2026-02-05 11:08:44,https://github.com/page44,github.com,learning,edge
2026-02-05 11:08:56,https://netflix.com/page78,netflix.com,video,chrome
2026-02-05 11:10:25,https://x.com/page95,x.com,social,edge
2026-02-05 11:11:34,https://kaggle.com/page58,kaggle.com,learning,edge
2026-02-05 11:13:19,https://hotstar.com/page85,hotstar.com,video,edge
2026-02-05 11:14:12,https://primevideo.com/page15,primevideo.com,video,edge
2026-02-05 11:16:10,https://hotstar.com/page10,hotstar.com,video,edge
2026-02-05 11:18:05,https://wikipedia.org/page84,wikipedia.org,other,edge
2026-02-05 11:18:48,https://flipkart.com/page23,flipkart.com,shopping,chrome
2026-02-05 11:19:01,https://kaggle.com/page77,kaggle.com,learning,edge
2026-02-05 11:19:25,https://flipkart.com/page32,flipkart.com,shopping,edge
2026-02-05 11:20:56,https://wikipedia.org/page97,wikipedia.org,other,edge
2026-02-05 11:22:48,https://facebook.com/page84,facebook.com,social,edge
2026-02-05 11:23:59,https://coursera.org/page29,coursera.org,learning,chrome
2026-02-05 11:57:59,https://stackoverflow.com/page56,stackoverflow.com,learning,chrome
2026-02-05 11:59:13,https://flipkart.com/page98,flipkart.com,shopping,edge
2026-02-05 11:59:41,https://medium.com/page37,medium.com,learning,edge
2026-02-05 12:00:22,https://reddit.com/page32,reddit.com,social,edge
2026-02-05 12:01:21,https://coursera.org/page61,coursera.org,learning,edge
2026-02-05 12:02:40,https://wikipedia.org/page30,wikipedia.org,other,chrome
2026-02-05 12:03:08,https://coursera.org/page90,coursera.org,learning,chrome
2026-02-05 12:05:08,https://github.com/page20,github.com,learning,edge
2026-02-05 12:05:22,https://kaggle.com/page38,kaggle.com,learning,chrome
2026-02-05 12:06:09,https://youtube.com/page17,youtube.com,video,edge
2026-02-05 12:46:09,https://hotstar.com/page42,hotstar.com,video,chrome
2026-02-05 12:46:24,https://coursera.org/page52,coursera.org,learning,edge
2026-02-05 12:47:44,https://wikipedia.org/page1,wikipedia.org,other,chrome
2026-02-05 12:49:30,https://flipkart.com/page28,flipkart.com,shopping,chrome
2026-02-05 12:50:14,https://hotstar.com/page11,hotstar.com,video,chrome
2026-02-05 12:50:40,https://netflix.com/page70,netflix.com,video,chrome
2026-02-05 12:52:35,https://wikipedia.org/page26,wikipedia.org,other,edge
2026-02-05 12:54:13,https://coursera.org/page55,coursera.org,learning,edge
2026-02-05 12:56:00,https://x.com/page21,x.com,social,edge
2026-02-05 12:56:50,https://medium.com/page28,medium.com,learning,chrome
2026-02-05 12:58:34,https://github.com/page8,github.com,learning,edge
2026-02-05 13:00:11,https://stackoverflow.com/page71,stackoverflow.com,learning,chrome
2026-02-05 13:00:31,https://facebook.com/page5,facebook.com,social,chrome
2026-02-05 13:02:27,https://coursera.org/page38,coursera.org,learning,chrome
2026-02-05 13:03:40,https://kaggle.com/page78,kaggle.com,learning,edge
2026-02-05 13:04:08,https://youtube.com/page12,youtube.com,video,chrome
2026-02-05 13:04:39,https://reddit.com/page99,reddit.com,social,chrome
2026-02-05 13:06:18,https://medium.com/page44,medium.com,learning,edge
2026-02-05 13:08:13,https://primevideo.com/page5,primevideo.com,video,edge
2026-02-05 13:09:43,https://primevideo.com/page58,primevideo.com,video,edge
2026-02-05 13:11:12,https://flipkart.com/page49,flipkart.com,shopping,chrome
2026-02-05 13:11:59,https://facebook.com/page13,facebook.com,social,edge
2026-02-05 13:13:08,https://medium.com/page23,medium.com,learning,chrome
2026-02-05 13:13:33,https://wikipedia.org/page2,wikipedia.org,other,chrome
2026-02-05 13:14:27,https://github.com/page38,github.com,learning,edge
2026-02-05 14:00:27,https://medium.com/page9,medium.com,learning,edge
2026-02-05 14:01:03,https://flipkart.com/page18,flipkart.com,shopping,edge
2026-02-05 14:02:24,https://hotstar.com/page57,hotstar.com,video,chrome
2026-02-05 14:04:21,https://x.com/page74,x.com,social,edge
2026-02-05 14:04:38,https://kaggle.com/page97,kaggle.com,learning,chrome
2026-02-05 14:06:03,https://hotstar.com/page65,hotstar.com,video,chrome
2026-02-05 14:06:42,https://wikipedia.org/page64,wikipedia.org,other,chrome
2026-02-05 14:07:04,https://x.com/page92,x.com,social,edge
2026-02-05 14:08:32,https://flipkart.com/page2,flipkart.com,shopping,chrome
2026-02-05 14:09:53,https://stackoverflow.com/page13,stackoverflow.com,learning,edge
2026-02-05 14:10:37,https://medium.com/page85,medium.com,learning,edge
2026-02-05 14:11:16,https://medium.com/page43,medium.com,learning,edge
2026-02-05 14:11:39,https://netflix.com/page2,netflix.com,video,chrome
2026-02-05 14:13:03,https://coursera.org/page95,coursera.org,learning,edge
2026-02-05 14:14:11,https://netflix.com/page55,netflix.com,video,chrome
2026-02-05 14:15:44,https://wikipedia.org/page76,wikipedia.org,other,edge
2026-02-05 14:17:33,https://wikipedia.org/page4,wikipedia.org,other,edge
2026-02-05 14:18:24,https://facebook.com/page59,facebook.com,social,chrome
2026-02-05 14:20:16,https://coursera.org/page11,coursera.org,learning,chrome
2026-02-05 14:20:57,https://hotstar.com/page6,hotstar.com,video,edge
2026-02-05 15:20:57,https://instagram.com/page10,instagram.com,social,edge
2026-02-05 15:21:09,https://primevideo.com/page100,primevideo.com,video,edge
2026-02-05 15:21:19,https://primevideo.com/page12,primevideo.com,video,chrome
2026-02-05 15:22:45,https://hotstar.com/page59,hotstar.com,video,edge
2026-02-05 15:23:36,https://hotstar.com/page17,hotstar.com,video,chrome
2026-02-05 15:23:55,https://reddit.com/page57,reddit.com,social,edge
2026-02-05 15:24:33,https://wikipedia.org/page25,wikipedia.org,other,edge
2026-02-05 15:25:11,https://wikipedia.org/page49,wikipedia.org,other,edge
2026-02-05 15:26:51,https://medium.com/page93,medium.com,learning,chrome
2026-02-05 15:28:44,https://x.com/page95,x.com,social,edge
2026-02-05 15:29:23,https://github.com/page10,github.com,learning,chrome
2026-02-05 15:30:34,https://netflix.com/page91,netflix.com,video,edge
2026-02-05 15:30:44,https://coursera.org/page68,coursera.org,learning,chrome
2026-02-05 15:32:11,https://stackoverflow.com/page81,stackoverflow.com,learning,chrome
2026-02-05 15:33:14,https://medium.com/page21,medium.com,learning,chrome
2026-02-05 15:34:22,https://github.com/page55,github.com,learning,edge
2026-02-05 15:35:00,https://wikipedia.org/page34,wikipedia.org,other,chrome
2026-02-05 15:35:34,https://coursera.org/page74,coursera.org,learning,chrome
2026-02-05 15:36:41,https://coursera.org/page40,coursera.org,learning,edge
2026-02-05 15:37:05,https://stackoverflow.com/page7,stackoverflow.com,learning,edge
2026-02-05 15:38:15,https://facebook.com/page29,facebook.com,social,edge
2026-02-05 15:40:15,https://kaggle.com/page57,kaggle.com,learning,edge
2026-02-05 15:40:45,https://amazon.com/page77,amazon.com,shopping,edge
2026-02-05 15:41:53,https://coursera.org/page77,coursera.org,learning,chrome
2026-02-05 15:43:46,https://coursera.org/page62,coursera.org,learning,chrome
2026-02-05 15:44:37,https://kaggle.com/page37,kaggle.com,learning,chrome
2026-02-05 15:45:25,https://x.com/page9,x.com,social,edge
2026-02-05 15:45:39,https://x.com/page38,x.com,social,edge
2026-02-05 15:46:08,https://github.com/page92,github.com,learning,chrome
2026-02-05 15:47:51,https://medium.com/page55,medium.com,learning,edge
2026-02-05 15:48:02,https://facebook.com/page29,facebook.com,social,edge
2026-02-05 15:48:23,https://github.com/page3,github.com,learning,chrome
2026-02-05 15:50:05,https://coursera.org/page86,coursera.org,learning,edge
2026-02-05 15:51:32,https://primevideo.com/page71,primevideo.com,video,chrome
2026-02-05 15:51:59,https://netflix.com/page49,netflix.com,video,edge
2026-02-05 15:53:54,https://primevideo.com/page73,primevideo.com,video,chrome
2026-02-05 15:55:27,https://x.com/page20,x.com,social,chrome
2026-02-05 15:56:18,https://stackoverflow.com/page21,stackoverflow.com,learning,chrome
2026-02-05 15:57:23,https://coursera.org/page93,coursera.org,learning,edge
2026-02-05 15:58:17,https://primevideo.com/page60,primevideo.com,video,edge
2026-02-05 16:00:11,https://hotstar.com/page25,hotstar.com,video,edge
2026-02-05 16:01:42,https://hotstar.com/page25,hotstar.com,video,chrome
2026-02-05 16:02:19,https://stackoverflow.com/page4,stackoverflow.com,learning,chrome
2026-02-05 16:03:40,https://flipkart.com/page11,flipkart.com,shopping,edge
2026-02-05 16:03:55,https://stackoverflow.com/page92,stackoverflow.com,learning,edge
2026-02-05 16:04:39,https://wikipedia.org/page83,wikipedia.org,other,chrome
2026-02-05 16:05:06,https://youtube.com/page56,youtube.com,video,chrome
2026-02-05 16:06:51,https://coursera.org/page65,coursera.org,learning,chrome
2026-02-05 16:07:47,https://netflix.com/page63,netflix.com,video,chrome
2026-02-05 16:08:50,https://coursera.org/page68,coursera.org,learning,chrome
2026-02-05 16:09:54,https://github.com/page80,github.com,learning,edge
2026-02-05 16:11:09,https://instagram.com/page40,instagram.com,social,chrome
2026-02-05 16:12:18,https://facebook.com/page24,facebook.com,social,edge
2026-02-05 16:13:15,https://facebook.com/page6,facebook.com,social,edge
2026-02-05 16:14:46,https://medium.com/page90,medium.com,learning,edge
2026-02-05 16:16:41,https://amazon.com/page48,amazon.com,shopping,edge
2026-02-05 16:17:38,https://github.com/page66,github.com,learning,edge
2026-02-05 16:19:34,https://instagram.com/page8,instagram.com,social,chrome
2026-02-05 16:21:04,https://instagram.com/page82,instagram.com,social,chrome
2026-02-05 16:22:35,https://amazon.com/page43,amazon.com,shopping,edge
2026-02-05 16:24:05,https://amazon.com/page45,amazon.com,shopping,edge
2026-02-05 16:24:49,https://instagram.com/page7,instagram.com,social,chrome
2026-02-05 16:25:45,https://medium.com/page75,medium.com,learning,edge
2026-02-05 16:26:22,https://flipkart.com/page72,flipkart.com,shopping,chrome
2026-02-05 16:27:59,https://netflix.com/page13,netflix.com,video,edge
2026-02-05 16:28:52,https://reddit.com/page10,reddit.com,social,chrome
2026-02-05 16:29:48,https://instagram.com/page92,instagram.com,social,edge
2026-02-05 16:31:29,https://primevideo.com/page80,primevideo.com,video,chrome
2026-02-05 16:31:39,https://amazon.com/page69,amazon.com,shopping,edge
2026-02-05 16:33:02,https://reddit.com/page71,reddit.com,social,edge
2026-02-05 16:34:35,https://coursera.org/page19,coursera.org,learning,edge
2026-02-05 16:35:39,https://amazon.com/page86,amazon.com,shopping,edge
2026-02-05 16:36:53,https://amazon.com/page56,amazon.com,shopping,edge
2026-02-05 16:38:53,https://kaggle.com/page23,kaggle.com,learning,chrome
2026-02-05 16:40:43,https://github.com/page73,github.com,learning,chrome
2026-02-05 16:42:40,https://hotstar.com/page28,hotstar.com,video,chrome
2026-02-05 16:43:11,https://instagram.com/page56,instagram.com,social,edge
2026-02-05 16:44:23,https://primevideo.com/page67,primevideo.com,video,chrome
2026-02-05 16:44:42,https://flipkart.com/page50,flipkart.com,shopping,chrome
2026-02-05 16:46:34,https://wikipedia.org/page29,wikipedia.org,other,chrome
2026-02-05 16:47:57,https://x.com/page45,x.com,social,edge
2026-02-05 16:49:22,https://reddit.com/page91,reddit.com,social,chrome
2026-02-05 16:51:12,https://facebook.com/page59,facebook.com,social,chrome
2026-02-05 16:51:27,https://kaggle.com/page70,kaggle.com,learning,edge
2026-02-05 16:52:40,https://reddit.com/page69,reddit.com,social,chrome
2026-02-05 16:52:54,https://instagram.com/page9,instagram.com,social,edge
2026-02-05 17:47:54,https://hotstar.com/page76,hotstar.com,video,chrome
2026-02-05 17:48:17,https://youtube.com/page92,youtube.com,video,edge
2026-02-05 17:49:18,https://medium.com/page70,medium.com,learning,edge
2026-02-05 17:50:38,https://wikipedia.org/page64,wikipedia.org,other,chrome
2026-02-05 17:51:48,https://reddit.com/page92,reddit.com,social,chrome
2026-02-05 17:53:00,https://primevideo.com/page51,primevideo.com,video,chrome
2026-02-05 17:54:01,https://netflix.com/page30,netflix.com,video,edge
2026-02-05 17:55:00,https://coursera.org/page1,coursera.org,learning,edge
2026-02-05 17:55:52,https://stackoverflow.com/page31,stackoverflow.com,learning,edge
2026-02-05 17:57:26,https://x.com/page40,x.com,social,chrome
2026-02-05 17:57:40,https://netflix.com/page96,netflix.com,video,edge
2026-02-05 17:57:52,https://netflix.com/page61,netflix.com,video,edge
2026-02-05 17:58:51,https://youtube.com/page30,youtube.com,video,edge
2026-02-05 17:59:02,https://youtube.com/page48,youtube.com,video,edge
2026-02-05 17:59:55,https://wikipedia.org/page17,wikipedia.org,other,edge
2026-02-05 18:00:22,https://x.com/page55,x.com,social,edge
2026-02-05 18:01:55,https://medium.com/page90,medium.com,learning,chrome
2026-02-05 18:03:15,https://facebook.com/page41,facebook.com,social,chrome
2026-02-05 18:04:23,https://hotstar.com/page76,hotstar.com,video,chrome
2026-02-05 18:06:10,https://primevideo.com/page26,primevideo.com,video,chrome
2026-02-05 18:06:28,https://medium.com/page35,medium.com,learning,edge
2026-02-05 18:07:00,https://x.com/page100,x.com,social,edge
2026-02-05 18:08:05,https://netflix.com/page62,netflix.com,video,chrome
2026-02-05 18:08:15,https://hotstar.com/page73,hotstar.com,video,edge
2026-02-05 18:09:16,https://primevideo.com/page1,primevideo.com,video,chrome
2026-02-05 18:10:44,https://github.com/page34,github.com,learning,edge
2026-02-05 18:12:44,https://hotstar.com/page49,hotstar.com,video,chrome
2026-02-05 18:13:28,https://amazon.com/page13,amazon.com,shopping,edge
2026-02-05 18:14:52,https://stackoverflow.com/page88,stackoverflow.com,learning,chrome
2026-02-05 18:15:45,https://amazon.com/page44,amazon.com,shopping,chrome
2026-02-05 18:16:24,https://hotstar.com/page81,hotstar.com,video,edge
2026-02-05 18:18:18,https://medium.com/page8,medium.com,learning,chrome
2026-02-05 18:20:05,https://facebook.com/page3,facebook.com,social,chrome
2026-02-05 18:20:16,https://coursera.org/page15,coursera.org,learning,chrome
2026-02-05 18:21:54,https://youtube.com/page58,youtube.com,video,chrome
2026-02-05 18:23:54,https://coursera.org/page74,coursera.org,learning,edge
2026-02-05 18:24:35,https://facebook.com/page84,facebook.com,social,edge
2026-02-05 18:24:46,https://instagram.com/page74,instagram.com,social,edge
2026-02-05 18:26:08,https://instagram.com/page46,instagram.com,social,chrome
2026-02-05 18:27:04,https://kaggle.com/page32,kaggle.com,learning,edge
2026-02-05 18:27:25,https://coursera.org/page97,coursera.org,learning,edge
2026-02-05 18:27:53,https://netflix.com/page31,netflix.com,video,edge
2026-02-05 18:29:46,https://primevideo.com/page80,primevideo.com,video,edge
2026-02-05 18:30:27,https://wikipedia.org/page95,wikipedia.org,other,edge
2026-02-05 18:31:38,https://netflix.com/page26,netflix.com,video,chrome
2026-02-05 19:22:38,https://x.com/page21,x.com,social,chrome
2026-02-05 19:23:15,https://kaggle.com/page36,kaggle.com,learning,edge
2026-02-05 19:24:54,https://amazon.com/page66,amazon.com,shopping,chrome
2026-02-05 19:25:43,https://kaggle.com/page17,kaggle.com,learning,chrome
2026-02-05 19:27:21,https://flipkart.com/page47,flipkart.com,shopping,chrome
2026-02-05 19:28:16,https://facebook.com/page36,facebook.com,social,chrome
2026-02-05 20:16:16,https://flipkart.com/page82,flipkart.com,shopping,chrome
2026-02-05 20:17:16,https://github.com/page21,github.com,learning,chrome
2026-02-05 20:18:20,https://reddit.com/page87,reddit.com,social,chrome
2026-02-05 20:18:59,https://youtube.com/page72,youtube.com,video,chrome
2026-02-05 20:20:13,https://medium.com/page24,medium.com,learning,edge
2026-02-05 20:20:44,https://primevideo.com/page76,primevideo.com,video,chrome
2026-02-05 20:22:35,https://primevideo.com/page73,primevideo.com,video,chrome
2026-02-05 20:23:44,https://facebook.com/page84,facebook.com,social,chrome
2026-02-05 20:24:33,https://wikipedia.org/page6,wikipedia.org,other,edge
2026-02-05 20:26:32,https://facebook.com/page18,facebook.com,social,chrome
2026-02-05 20:27:30,https://instagram.com/page90,instagram.com,social,edge
2026-02-05 21:06:30,https://hotstar.com/page31,hotstar.com,video,edge
2026-02-05 21:07:41,https://kaggle.com/page17,kaggle.com,learning,chrome
2026-02-05 21:09:24,https://instagram.com/page78,instagram.com,social,edge
2026-02-05 21:09:42,https://amazon.com/page99,amazon.com,shopping,chrome
2026-02-05 21:11:29,https://amazon.com/page71,amazon.com,shopping,edge
2026-02-05 21:12:37,https://coursera.org/page71,coursera.org,learning,edge
2026-02-05 21:13:26,https://kaggle.com/page57,kaggle.com,learning,chrome
2026-02-05 21:14:55,https://kaggle.com/page67,kaggle.com,learning,edge
2026-02-05 21:16:24,https://stackoverflow.com/page52,stackoverflow.com,learning,chrome
2026-02-05 22:06:24,https://facebook.com/page39,facebook.com,social,chrome
2026-02-05 22:08:21,https://instagram.com/page64,instagram.com,social,edge
2026-02-05 22:09:06,https://reddit.com/page39,reddit.com,social,chrome
2026-02-05 22:54:06,https://wikipedia.org/page89,wikipedia.org,other,edge
2026-02-05 22:54:39,https://amazon.com/page74,amazon.com,shopping,edge
2026-02-05 22:56:31,https://coursera.org/page54,coursera.org,learning,chrome
2026-02-05 22:56:54,https://x.com/page13,x.com,social,chrome
2026-02-05 22:58:19,https://instagram.com/page81,instagram.com,social,edge
2026-02-05 22:59:59,https://x.com/page17,x.com,social,edge
2026-02-05 23:01:18,https://flipkart.com/page16,flipkart.com,shopping,edge
2026-02-05 23:01:56,https://x.com/page22,x.com,social,edge
2026-02-05 23:02:43,https://kaggle.com/page68,kaggle.com,learning,chrome
2026-02-05 23:04:08,https://stackoverflow.com/page54,stackoverflow.com,learning,edge
2026-02-05 23:04:43,https://amazon.com/page93,amazon.com,shopping,chrome
2026-02-05 23:06:11,https://stackoverflow.com/page27,stackoverflow.com,learning,chrome
2026-02-05 23:06:43,https://reddit.com/page41,reddit.com,social,chrome
2026-02-05 23:08:25,https://coursera.org/page51,coursera.org,learning,chrome
2026-02-05 23:08:50,https://coursera.org/page6,coursera.org,learning,chrome
2026-02-05 23:09:45,https://instagram.com/page83,instagram.com,social,edge
2026-02-05 23:11:25,https://hotstar.com/page33,hotstar.com,video,edge
2026-02-05 23:12:59,https://instagram.com/page50,instagram.com,social,chrome
2026-02-06 00:09:59,https://facebook.com/page44,facebook.com,social,chrome
2026-02-06 00:11:49,https://instagram.com/page63,instagram.com,social,edge
2026-02-06 00:12:14,https://instagram.com/page41,instagram.com,social,chrome
2026-02-06 00:14:13,https://coursera.org/page58,coursera.org,learning,chrome
2026-02-06 00:15:51,https://x.com/page60,x.com,social,chrome
2026-02-06 00:17:27,https://hotstar.com/page62,hotstar.com,video,edge
2026-02-06 00:17:44,https://reddit.com/page98,reddit.com,social,chrome
2026-02-06 00:19:37,https://medium.com/page73,medium.com,learning,chrome
2026-02-06 00:21:25,https://amazon.com/page1,amazon.com,shopping,chrome
2026-02-06 00:22:06,https://wikipedia.org/page30,wikipedia.org,other,edge
2026-02-06 00:22:52,https://stackoverflow.com/page42,stackoverflow.com,learning,chrome
2026-02-06 00:23:45,https://youtube.com/page57,youtube.com,video,chrome
2026-02-06 00:24:14,https://primevideo.com/page53,primevideo.com,video,chrome
2026-02-06 00:26:08,https://stackoverflow.com/page24,stackoverflow.com,learning,edge
2026-02-06 00:27:17,https://medium.com/page41,medium.com,learning,chrome
2026-02-06 00:28:10,https://coursera.org/page28,coursera.org,learning,edge
2026-02-06 00:29:36,https://wikipedia.org/page2,wikipedia.org,other,chrome
2026-02-06 00:31:33,https://wikipedia.org/page71,wikipedia.org,other,chrome
2026-02-06 00:32:21,https://reddit.com/page65,reddit.com,social,edge
2026-02-06 00:34:15,https://facebook.com/page2,facebook.com,social,chrome
2026-02-06 00:36:11,https://youtube.com/page54,youtube.com,video,chrome
2026-02-06 00:37:23,https://youtube.com/page51,youtube.com,video,edge
2026-02-06 00:37:38,https://netflix.com/page34,netflix.com,video,chrome
2026-02-06 00:39:02,https://primevideo.com/page79,primevideo.com,video,edge
2026-02-06 00:39:41,https://flipkart.com/page84,flipkart.com,shopping,chrome
2026-02-06 00:40:30,https://hotstar.com/page93,hotstar.com,video,edge
2026-02-06 00:41:58,https://flipkart.com/page63,flipkart.com,shopping,edge
2026-02-06 00:42:13,https://x.com/page3,x.com,social,edge
2026-02-06 00:42:50,https://amazon.com/page14,amazon.com,shopping,chrome
2026-02-06 00:43:13,https://reddit.com/page41,reddit.com,social,edge
2026-02-06 00:43:31,https://coursera.org/page58,coursera.org,learning,chrome
2026-02-06 00:43:49,https://reddit.com/page6,reddit.com,social,chrome
2026-02-06 01:40:49,https://coursera.org/page36,coursera.org,learning,chrome
2026-02-06 01:41:06,https://instagram.com/page33,instagram.com,social,edge
2026-02-06 01:41:26,https://flipkart.com/page54,flipkart.com,shopping,edge
2026-02-06 01:41:38,https://amazon.com/page78,amazon.com,shopping,chrome
2026-02-06 01:43:19,https://facebook.com/page1,facebook.com,social,edge
2026-02-06 01:44:37,https://reddit.com/page98,reddit.com,social,edge
2026-02-06 01:45:14,https://stackoverflow.com/page29,stackoverflow.com,learning,edge
2026-02-06 01:46:49,https://medium.com/page41,medium.com,learning,edge
2026-02-06 01:48:28,https://youtube.com/page44,youtube.com,video,edge
2026-02-06 02:27:28,https://instagram.com/page70,instagram.com,social,chrome
2026-02-06 02:28:33,https://facebook.com/page76,facebook.com,social,chrome
2026-02-06 02:30:22,https://instagram.com/page51,instagram.com,social,chrome
2026-02-06 02:31:19,https://amazon.com/page27,amazon.com,shopping,chrome
2026-02-06 02:32:53,https://youtube.com/page89,youtube.com,video,edge
2026-02-06 02:33:36,https://facebook.com/page40,facebook.com,social,edge
2026-02-06 02:35:24,https://amazon.com/page63,amazon.com,shopping,edge
2026-02-06 02:35:49,https://x.com/page7,x.com,social,edge
2026-02-06 02:37:12,https://stackoverflow.com/page12,stackoverflow.com,learning,edge
2026-02-06 02:38:29,https://primevideo.com/page10,primevideo.com,video,edge
2026-02-06 02:39:03,https://wikipedia.org/page69,wikipedia.org,other,chrome
2026-02-06 02:40:30,https://coursera.org/page32,coursera.org,learning,edge
2026-02-06 02:41:13,https://flipkart.com/page55,flipkart.com,shopping,edge
2026-02-06 02:41:23,https://x.com/page62,x.com,social,chrome
2026-02-06 03:13:23,https://wikipedia.org/page1,wikipedia.org,other,edge
2026-02-06 03:15:11,https://primevideo.com/page70,primevideo.com,video,edge
2026-02-06 03:15:41,https://coursera.org/page46,coursera.org,learning,edge
2026-02-06 03:16:46,https://hotstar.com/page66,hotstar.com,video,chrome
2026-02-06 03:18:42,https://facebook.com/page23,facebook.com,social,edge
2026-02-06 03:20:08,https://flipkart.com/page94,flipkart.com,shopping,edge
2026-02-06 03:21:34,https://instagram.com/page25,instagram.com,social,edge
2026-02-06 03:22:20,https://flipkart.com/page97,flipkart.com,shopping,chrome
2026-02-06 03:22:38,https://facebook.com/page35,facebook.com,social,chrome
2026-02-06 03:22:57,https://coursera.org/page8,coursera.org,learning,edge
2026-02-06 03:23:16,https://kaggle.com/page75,kaggle.com,learning,edge
2026-02-06 03:23:36,https://facebook.com/page30,facebook.com,social,chrome
2026-02-06 04:19:36,https://stackoverflow.com/page1,stackoverflow.com,learning,edge
2026-02-06 04:21:32,https://primevideo.com/page94,primevideo.com,video,edge
2026-02-06 04:23:28,https://x.com/page61,x.com,social,edge
2026-02-06 04:45:28,https://medium.com/page83,medium.com,learning,edge
2026-02-06 04:45:52,https://x.com/page76,x.com,social,chrome
2026-02-06 04:47:09,https://reddit.com/page96,reddit.com,social,chrome
2026-02-06 04:47:56,https://medium.com/page9,medium.com,learning,edge
2026-02-06 04:49:51,https://amazon.com/page76,amazon.com,shopping,chrome
2026-02-06 04:50:07,https://facebook.com/page1,facebook.com,social,chrome
2026-02-06 05:11:07,https://instagram.com/page96,instagram.com,social,edge
2026-02-06 05:11:18,https://hotstar.com/page71,hotstar.com,video,chrome
2026-02-06 05:12:40,https://hotstar.com/page93,hotstar.com,video,chrome
2026-02-06 05:14:21,https://github.com/page33,github.com,learning,edge
2026-02-06 05:15:27,https://flipkart.com/page99,flipkart.com,shopping,edge
2026-02-06 05:16:32,https://primevideo.com/page91,primevideo.com,video,edge
2026-02-06 05:17:21,https://flipkart.com/page8,flipkart.com,shopping,chrome
2026-02-06 05:19:20,https://instagram.com/page18,instagram.com,social,edge
2026-02-06 05:20:51,https://coursera.org/page60,coursera.org,learning,chrome
2026-02-06 05:22:33,https://kaggle.com/page66,kaggle.com,learning,edge
2026-02-06 05:23:50,https://flipkart.com/page4,flipkart.com,shopping,chrome
2026-02-06 05:24:10,https://reddit.com/page73,reddit.com,social,chrome
2026-02-06 05:25:47,https://amazon.com/page70,amazon.com,shopping,chrome
2026-02-06 05:26:09,https://wikipedia.org/page31,wikipedia.org,other,edge
2026-02-06 05:26:31,https://instagram.com/page95,instagram.com,social,edge
2026-02-06 05:26:42,https://primevideo.com/page27,primevideo.com,video,edge
2026-02-06 05:28:36,https://instagram.com/page52,instagram.com,social,chrome
2026-02-06 05:30:12,https://x.com/page27,x.com,social,chrome
2026-02-06 05:31:41,https://amazon.com/page7,amazon.com,shopping,chrome
2026-02-06 05:33:39,https://coursera.org/page72,coursera.org,learning,edge
2026-02-06 05:35:37,https://stackoverflow.com/page9,stackoverflow.com,learning,chrome
2026-02-06 05:36:45,https://instagram.com/page27,instagram.com,social,edge
2026-02-06 05:38:06,https://wikipedia.org/page53,wikipedia.org,other,edge
2026-02-06 05:38:36,https://stackoverflow.com/page65,stackoverflow.com,learning,edge
2026-02-06 05:39:33,https://flipkart.com/page76,flipkart.com,shopping,edge
2026-02-06 05:41:18,https://flipkart.com/page81,flipkart.com,shopping,chrome
2026-02-06 05:42:07,https://flipkart.com/page96,flipkart.com,shopping,edge
2026-02-06 05:43:22,https://wikipedia.org/page46,wikipedia.org,other,chrome
2026-02-06 05:43:59,https://kaggle.com/page17,kaggle.com,learning,chrome
2026-02-06 05:44:47,https://reddit.com/page82,reddit.com,social,chrome
2026-02-06 05:46:06,https://youtube.com/page76,youtube.com,video,chrome
2026-02-06 05:48:01,https://flipkart.com/page99,flipkart.com,shopping,edge
2026-02-06 05:48:28,https://stackoverflow.com/page83,stackoverflow.com,learning,chrome
2026-02-06 05:50:18,https://youtube.com/page14,youtube.com,video,chrome
2026-02-06 05:51:43,https://kaggle.com/page80,kaggle.com,learning,edge
2026-02-06 05:53:25,https://kaggle.com/page8,kaggle.com,learning,edge
2026-02-06 05:53:48,https://hotstar.com/page61,hotstar.com,video,edge
2026-02-06 05:55:20,https://amazon.com/page8,amazon.com,shopping,chrome
2026-02-06 05:56:19,https://kaggle.com/page67,kaggle.com,learning,edge
2026-02-06 06:29:19,https://primevideo.com/page96,primevideo.com,video,chrome
2026-02-06 06:31:12,https://instagram.com/page100,instagram.com,social,chrome
2026-02-06 06:31:27,https://wikipedia.org/page90,wikipedia.org,other,edge
2026-02-06 06:31:40,https://wikipedia.org/page63,wikipedia.org,other,edge
2026-02-06 06:32:14,https://medium.com/page42,medium.com,learning,edge
2026-02-06 06:34:06,https://netflix.com/page34,netflix.com,video,edge
2026-02-06 06:34:56,https://wikipedia.org/page19,wikipedia.org,other,edge
2026-02-06 06:35:49,https://kaggle.com/page76,kaggle.com,learning,edge
2026-02-06 06:36:06,https://kaggle.com/page31,kaggle.com,learning,chrome
2026-02-06 06:36:35,https://medium.com/page14,medium.com,learning,edge
2026-02-06 06:38:09,https://x.com/page91,x.com,social,edge
2026-02-06 06:40:07,https://netflix.com/page48,netflix.com,video,chrome
2026-02-06 06:40:45,https://kaggle.com/page67,kaggle.com,learning,edge
2026-02-06 06:42:27,https://stackoverflow.com/page56,stackoverflow.com,learning,edge
2026-02-06 06:43:15,https://x.com/page33,x.com,social,chrome
2026-02-06 06:44:35,https://facebook.com/page11,facebook.com,social,edge
2026-02-06 06:45:00,https://x.com/page30,x.com,social,chrome
2026-02-06 06:45:46,https://flipkart.com/page18,flipkart.com,shopping,edge
2026-02-06 06:46:03,https://wikipedia.org/page67,wikipedia.org,other,edge
2026-02-06 06:46:52,https://coursera.org/page49,coursera.org,learning,edge
2026-02-06 06:48:14,https://youtube.com/page80,youtube.com,video,edge
2026-02-06 06:49:59,https://x.com/page74,x.com,social,chrome
2026-02-06 06:50:41,https://instagram.com/page65,instagram.com,social,edge
2026-02-06 06:51:58,https://hotstar.com/page72,hotstar.com,video,edge
2026-02-06 06:53:18,https://x.com/page30,x.com,social,chrome
2026-02-06 06:54:08,https://coursera.org/page83,coursera.org,learning,chrome
2026-02-06 06:54:33,https://amazon.com/page95,amazon.com,shopping,chrome
2026-02-06 06:55:20,https://medium.com/page69,medium.com,learning,chrome
2026-02-06 06:57:02,https://flipkart.com/page70,flipkart.com,shopping,chrome
2026-02-06 06:58:06,https://medium.com/page76,medium.com,learning,chrome
2026-02-06 07:00:03,https://flipkart.com/page65,flipkart.com,shopping,chrome
2026-02-06 07:01:48,https://amazon.com/page8,amazon.com,shopping,edge
2026-02-06 07:03:20,https://netflix.com/page79,netflix.com,video,chrome
2026-02-06 07:03:48,https://github.com/page94,github.com,learning,chrome
2026-02-06 07:05:07,https://kaggle.com/page20,kaggle.com,learning,edge
2026-02-06 07:25:07,https://kaggle.com/page24,kaggle.com,learning,edge
2026-02-06 07:25:55,https://youtube.com/page42,youtube.com,video,chrome
2026-02-06 07:26:53,https://youtube.com/page83,youtube.com,video,chrome
2026-02-06 07:28:03,https://amazon.com/page2,amazon.com,shopping,edge
2026-02-06 07:29:39,https://netflix.com/page3,netflix.com,video,chrome
2026-02-06 07:31:09,https://flipkart.com/page65,flipkart.com,shopping,chrome
2026-02-06 07:32:18,https://wikipedia.org/page69,wikipedia.org,other,edge
2026-02-06 07:33:14,https://x.com/page68,x.com,social,edge
2026-02-06 07:34:13,https://flipkart.com/page79,flipkart.com,shopping,chrome
2026-02-06 07:35:43,https://netflix.com/page2,netflix.com,video,edge
2026-02-06 07:36:40,https://amazon.com/page41,amazon.com,shopping,edge
2026-02-06 07:37:14,https://primevideo.com/page97,primevideo.com,video,edge
2026-02-06 07:39:11,https://wikipedia.org/page7,wikipedia.org,other,edge
2026-02-06 07:39:35,https://medium.com/page95,medium.com,learning,edge
2026-02-06 07:39:57,https://kaggle.com/page45,kaggle.com,learning,edge
2026-02-06 07:41:31,https://stackoverflow.com/page6,stackoverflow.com,learning,edge
2026-02-06 07:41:46,https://kaggle.com/page52,kaggle.com,learning,edge
2026-02-06 07:42:52,https://github.com/page83,github.com,learning,edge
2026-02-06 07:44:48,https://coursera.org/page31,coursera.org,learning,edge
2026-02-06 07:45:03,https://medium.com/page22,medium.com,learning,chrome
2026-02-06 07:46:38,https://github.com/page100,github.com,learning,chrome
2026-02-06 07:47:58,https://coursera.org/page34,coursera.org,learning,edge
2026-02-06 07:49:31,https://x.com/page81,x.com,social,chrome
2026-02-06 07:50:57,https://medium.com/page51,medium.com,learning,edge
2026-02-06 07:51:46,https://reddit.com/page97,reddit.com,social,edge
2026-02-06 07:52:45,https://wikipedia.org/page16,wikipedia.org,other,chrome
2026-02-06 07:54:33,https://youtube.com/page87,youtube.com,video,edge
2026-02-06 07:56:16,https://reddit.com/page1,reddit.com,social,chrome
2026-02-06 07:56:29,https://primevideo.com/page26,primevideo.com,video,edge
2026-02-06 07:57:40,https://x.com/page53,x.com,social,chrome
2026-02-06 07:58:48,https://github.com/page7,github.com,learning,edge
2026-02-06 08:00:31,https://primevideo.com/page8,primevideo.com,video,edge
2026-02-06 08:02:24,https://netflix.com/page34,netflix.com,video,edge
2026-02-06 08:02:41,https://x.com/page9,x.com,social,edge
2026-02-06 08:04:11,https://stackoverflow.com/page72,stackoverflow.com,learning,chrome
2026-02-06 08:04:21,https://primevideo.com/page61,primevideo.com,video,chrome
2026-02-06 08:04:47,https://coursera.org/page10,coursera.org,learning,edge
2026-02-06 08:05:28,https://reddit.com/page79,reddit.com,social,edge
2026-02-06 08:06:45,https://x.com/page8,x.com,social,chrome
2026-02-06 08:07:50,https://netflix.com/page30,netflix.com,video,edge
2026-02-06 08:09:26,https://primevideo.com/page61,primevideo.com,video,edge
2026-02-06 08:11:11,https://facebook.com/page67,facebook.com,social,edge
2026-02-06 08:11:24,https://github.com/page55,github.com,learning,chrome
2026-02-06 08:11:40,https://reddit.com/page40,reddit.com,social,edge
2026-02-06 08:11:52,https://flipkart.com/page43,flipkart.com,shopping,chrome
2026-02-06 08:12:31,https://x.com/page24,x.com,social,edge
2026-02-06 08:14:14,https://hotstar.com/page61,hotstar.com,video,edge
2026-02-06 08:14:25,https://netflix.com/page21,netflix.com,video,edge
2026-02-06 08:14:43,https://flipkart.com/page23,flipkart.com,shopping,edge
2026-02-06 08:16:31,https://coursera.org/page56,coursera.org,learning,edge
2026-02-06 08:17:13,https://flipkart.com/page41,flipkart.com,shopping,chrome
2026-02-06 08:17:33,https://x.com/page100,x.com,social,edge
2026-02-06 08:18:26,https://facebook.com/page37,facebook.com,social,edge
2026-02-06 08:19:07,https://instagram.com/page8,instagram.com,social,edge
2026-02-06 08:20:23,https://flipkart.com/page45,flipkart.com,shopping,chrome
2026-02-06 08:20:49,https://primevideo.com/page8,primevideo.com,video,edge
2026-02-06 08:21:11,https://flipkart.com/page11,flipkart.com,shopping,chrome
2026-02-06 08:22:25,https://instagram.com/page83,instagram.com,social,chrome
2026-02-06 08:24:06,https://stackoverflow.com/page15,stackoverflow.com,learning,chrome
2026-02-06 08:24:46,https://coursera.org/page30,coursera.org,learning,chrome
2026-02-06 08:26:02,https://reddit.com/page77,reddit.com,social,chrome
2026-02-06 08:27:24,https://netflix.com/page8,netflix.com,video,edge
2026-02-06 08:27:57,https://netflix.com/page9,netflix.com,video,edge
2026-02-06 08:29:16,https://wikipedia.org/page63,wikipedia.org,other,edge
2026-02-06 08:30:59,https://wikipedia.org/page20,wikipedia.org,other,edge
2026-02-06 08:31:19,https://reddit.com/page56,reddit.com,social,edge
2026-02-06 08:32:32,https://reddit.com/page50,reddit.com,social,chrome
2026-02-06 08:33:41,https://medium.com/page37,medium.com,learning,chrome
2026-02-06 08:35:16,https://amazon.com/page29,amazon.com,shopping,edge
2026-02-06 08:35:56,https://medium.com/page84,medium.com,learning,edge
2026-02-06 09:35:56,https://kaggle.com/page41,kaggle.com,learning,chrome
2026-02-06 09:37:26,https://medium.com/page84,medium.com,learning,chrome
2026-02-06 09:58:26,https://flipkart.com/page93,flipkart.com,shopping,chrome
2026-02-06 10:00:11,https://primevideo.com/page77,primevideo.com,video,edge
2026-02-06 10:00:28,https://facebook.com/page94,facebook.com,social,chrome
2026-02-06 10:01:11,https://instagram.com/page54,instagram.com,social,chrome
2026-02-06 10:02:11,https://primevideo.com/page61,primevideo.com,video,edge
2026-02-06 10:02:32,https://stackoverflow.com/page78,stackoverflow.com,learning,chrome
2026-02-06 10:02:59,https://primevideo.com/page83,primevideo.com,video,edge
2026-02-06 10:03:47,https://x.com/page89,x.com,social,chrome
2026-02-06 10:53:47,https://netflix.com/page91,netflix.com,video,chrome
2026-02-06 10:54:50,https://flipkart.com/page100,flipkart.com,shopping,edge
2026-02-06 10:55:58,https://stackoverflow.com/page79,stackoverflow.com,learning,chrome
2026-02-06 10:56:15,https://reddit.com/page71,reddit.com,social,edge
2026-02-06 10:57:07,https://reddit.com/page7,reddit.com,social,chrome
2026-02-06 10:57:25,https://instagram.com/page38,instagram.com,social,chrome
2026-02-06 10:58:20,https://youtube.com/page63,youtube.com,video,chrome
2026-02-06 10:58:44,https://netflix.com/page100,netflix.com,video,edge
2026-02-06 11:31:44,https://flipkart.com/page50,flipkart.com,shopping,edge
2026-02-06 11:33:24,https://youtube.com/page42,youtube.com,video,edge
2026-02-06 11:34:32,https://wikipedia.org/page100,wikipedia.org,other,edge
2026-02-06 11:35:16,https://kaggle.com/page39,kaggle.com,learning,edge
2026-02-06 11:35:49,https://hotstar.com/page63,hotstar.com,video,chrome
2026-02-06 11:36:31,https://coursera.org/page67,coursera.org,learning,chrome
2026-02-06 11:37:45,https://amazon.com/page41,amazon.com,shopping,chrome
2026-02-06 11:38:44,https://netflix.com/page95,netflix.com,video,edge
2026-02-06 11:40:09,https://kaggle.com/page30,kaggle.com,learning,edge
2026-02-06 12:17:09,https://netflix.com/page59,netflix.com,video,edge
2026-02-06 12:17:42,https://x.com/page99,x.com,social,edge
2026-02-06 12:18:11,https://amazon.com/page1,amazon.com,shopping,edge
2026-02-06 12:19:51,https://x.com/page55,x.com,social,edge
2026-02-06 12:20:45,https://amazon.com/page100,amazon.com,shopping,edge
2026-02-06 12:22:03,https://wikipedia.org/page45,wikipedia.org,other,edge
2026-02-06 12:22:52,https://kaggle.com/page14,kaggle.com,learning,chrome
2026-02-06 12:24:20,https://x.com/page8,x.com,social,edge
2026-02-06 12:24:57,https://coursera.org/page26,coursera.org,learning,chrome
2026-02-06 12:25:31,https://coursera.org/page29,coursera.org,learning,chrome
2026-02-06 12:25:57,https://x.com/page47,x.com,social,chrome
2026-02-06 12:27:07,https://coursera.org/page64,coursera.org,learning,edge
2026-02-06 12:27:31,https://wikipedia.org/page28,wikipedia.org,other,chrome
2026-02-06 13:19:31,https://github.com/page55,github.com,learning,edge
2026-02-06 13:20:41,https://github.com/page52,github.com,learning,edge
2026-02-06 13:22:05,https://stackoverflow.com/page73,stackoverflow.com,learning,edge
2026-02-06 13:23:28,https://flipkart.com/page46,flipkart.com,shopping,chrome
2026-02-06 13:24:10,https://youtube.com/page3,youtube.com,video,edge
2026-02-06 13:24:54,https://wikipedia.org/page26,wikipedia.org,other,edge
2026-02-06 13:26:53,https://medium.com/page60,medium.com,learning,edge
2026-02-06 13:28:28,https://instagram.com/page4,instagram.com,social,edge
2026-02-06 13:28:56,https://medium.com/page61,medium.com,learning,edge
2026-02-06 13:29:41,https://wikipedia.org/page67,wikipedia.org,other,chrome
2026-02-06 13:30:21,https://medium.com/page63,medium.com,learning,chrome
2026-02-06 13:30:48,https://flipkart.com/page11,flipkart.com,shopping,chrome
2026-02-06 13:32:02,https://x.com/page69,x.com,social,edge
2026-02-06 13:32:59,https://primevideo.com/page67,primevideo.com,video,chrome
2026-02-06 13:34:37,https://netflix.com/page68,netflix.com,video,edge
2026-02-06 13:35:10,https://netflix.com/page14,netflix.com,video,chrome
2026-02-06 13:36:37,https://amazon.com/page85,amazon.com,shopping,edge
2026-02-06 13:37:19,https://x.com/page52,x.com,social,chrome
2026-02-06 13:37:49,https://flipkart.com/page14,flipkart.com,shopping,chrome
2026-02-06 13:38:37,https://youtube.com/page12,youtube.com,video,chrome
2026-02-06 13:39:34,https://hotstar.com/page11,hotstar.com,video,edge
2026-02-06 13:39:45,https://primevideo.com/page19,primevideo.com,video,chrome
2026-02-06 13:40:07,https://reddit.com/page95,reddit.com,social,chrome
2026-02-06 13:40:57,https://netflix.com/page66,netflix.com,video,edge
2026-02-06 13:41:37,https://youtube.com/page21,youtube.com,video,edge
2026-02-06 13:42:15,https://kaggle.com/page50,kaggle.com,learning,chrome
2026-02-06 14:03:15,https://stackoverflow.com/page82,stackoverflow.com,learning,chrome
2026-02-06 14:05:15,https://netflix.com/page48,netflix.com,video,chrome
2026-02-06 14:06:46,https://primevideo.com/page50,primevideo.com,video,edge
2026-02-06 14:07:18,https://github.com/page85,github.com,learning,chrome
2026-02-06 14:08:23,https://instagram.com/page73,instagram.com,social,edge
2026-02-06 14:09:45,https://stackoverflow.com/page78,stackoverflow.com,learning,edge
2026-02-06 14:10:34,https://reddit.com/page27,reddit.com,social,edge
2026-02-06 14:12:25,https://flipkart.com/page26,flipkart.com,shopping,edge
2026-02-06 14:13:23,https://wikipedia.org/page19,wikipedia.org,other,chrome
2026-02-06 14:14:49,https://medium.com/page50,medium.com,learning,edge
2026-02-06 14:15:33,https://kaggle.com/page68,kaggle.com,learning,edge
2026-02-06 14:52:33,https://hotstar.com/page85,hotstar.com,video,chrome
2026-02-06 14:53:59,https://medium.com/page45,medium.com,learning,edge
2026-02-06 14:55:12,https://kaggle.com/page75,kaggle.com,learning,edge
2026-02-06 14:55:45,https://amazon.com/page9,amazon.com,shopping,edge
2026-02-06 14:55:58,https://stackoverflow.com/page15,stackoverflow.com,learning,edge
2026-02-06 14:57:47,https://facebook.com/page56,facebook.com,social,chrome
2026-02-06 14:58:02,https://coursera.org/page66,coursera.org,learning,edge
2026-02-06 14:59:46,https://reddit.com/page47,reddit.com,social,edge
2026-02-06 15:00:28,https://coursera.org/page28,coursera.org,learning,edge
2026-02-06 15:01:35,https://reddit.com/page60,reddit.com,social,chrome
2026-02-06 15:02:10,https://kaggle.com/page93,kaggle.com,learning,chrome
2026-02-06 15:03:47,https://amazon.com/page65,amazon.com,shopping,chrome
2026-02-06 15:05:15,https://flipkart.com/page64,flipkart.com,shopping,edge
2026-02-06 15:05:40,https://primevideo.com/page74,primevideo.com,video,edge
2026-02-06 15:07:23,https://stackoverflow.com/page86,stackoverflow.com,learning,chrome
2026-02-06 15:07:35,https://wikipedia.org/page6,wikipedia.org,other,edge
2026-02-06 15:08:55,https://hotstar.com/page96,hotstar.com,video,edge
2026-02-06 15:10:50,https://primevideo.com/page62,primevideo.com,video,edge
2026-02-06 15:46:50,https://netflix.com/page63,netflix.com,video,edge
2026-02-06 15:47:39,https://instagram.com/page95,instagram.com,social,edge
2026-02-06 15:49:34,https://reddit.com/page79,reddit.com,social,chrome
2026-02-06 15:50:19,https://wikipedia.org/page85,wikipedia.org,other,chrome
2026-02-06 15:50:59,https://github.com/page24,github.com,learning,chrome
2026-02-06 15:51:34,https://primevideo.com/page65,primevideo.com,video,chrome
2026-02-06 16:21:34,https://flipkart.com/page30,flipkart.com,shopping,edge
2026-02-06 16:23:23,https://wikipedia.org/page79,wikipedia.org,other,chrome
2026-02-06 16:24:47,https://primevideo.com/page92,primevideo.com,video,edge
2026-02-06 16:25:20,https://facebook.com/page40,facebook.com,social,chrome
2026-02-06 16:27:06,https://reddit.com/page25,reddit.com,social,chrome
2026-02-06 16:28:12,https://facebook.com/page27,facebook.com,social,chrome
2026-02-06 16:29:27,https://facebook.com/page83,facebook.com,social,chrome
2026-02-06 16:30:54,https://hotstar.com/page33,hotstar.com,video,chrome
2026-02-06 16:31:08,https://instagram.com/page73,instagram.com,social,edge
2026-02-06 16:33:00,https://instagram.com/page34,instagram.com,social,chrome
2026-02-06 16:34:14,https://facebook.com/page27,facebook.com,social,chrome
2026-02-06 16:35:10,https://x.com/page3,x.com,social,edge
2026-02-06 16:35:37,https://flipkart.com/page56,flipkart.com,shopping,edge
2026-02-06 16:36:10,https://wikipedia.org/page81,wikipedia.org,other,chrome
2026-02-06 16:37:44,https://reddit.com/page32,reddit.com,social,chrome
2026-02-06 16:39:13,https://facebook.com/page77,facebook.com,social,chrome
2026-02-06 16:40:36,https://primevideo.com/page95,primevideo.com,video,edge
2026-02-06 16:41:46,https://hotstar.com/page28,hotstar.com,video,edge
2026-02-06 16:43:08,https://primevideo.com/page46,primevideo.com,video,chrome
2026-02-06 16:43:20,https://coursera.org/page42,coursera.org,learning,chrome
2026-02-06 16:45:18,https://primevideo.com/page76,primevideo.com,video,chrome
2026-02-06 16:46:59,https://primevideo.com/page51,primevideo.com,video,chrome
2026-02-06 16:47:31,https://facebook.com/page3,facebook.com,social,chrome
2026-02-06 16:48:34,https://netflix.com/page99,netflix.com,video,chrome
2026-02-06 16:49:44,https://instagram.com/page14,instagram.com,social,chrome
2026-02-06 16:50:45,https://stackoverflow.com/page85,stackoverflow.com,learning,edge
2026-02-06 16:52:44,https://x.com/page89,x.com,social,chrome
2026-02-06 16:54:19,https://medium.com/page32,medium.com,learning,edge
2026-02-06 16:54:45,https://medium.com/page13,medium.com,learning,edge
2026-02-06 16:55:14,https://stackoverflow.com/page57,stackoverflow.com,learning,chrome
2026-02-06 16:56:45,https://wikipedia.org/page72,wikipedia.org,other,edge
2026-02-06 16:57:27,https://wikipedia.org/page21,wikipedia.org,other,chrome
2026-02-06 16:58:12,https://kaggle.com/page50,kaggle.com,learning,chrome
2026-02-06 17:43:12,https://facebook.com/page66,facebook.com,social,edge
2026-02-06 17:44:40,https://kaggle.com/page18,kaggle.com,learning,chrome
2026-02-06 18:20:40,https://facebook.com/page72,facebook.com,social,chrome
2026-02-06 18:21:28,https://facebook.com/page53,facebook.com,social,edge
2026-02-06 18:22:29,https://amazon.com/page49,amazon.com,shopping,edge
2026-02-06 18:23:24,https://amazon.com/page69,amazon.com,shopping,edge
2026-02-06 19:21:24,https://youtube.com/page36,youtube.com,video,chrome
2026-02-06 19:22:44,https://amazon.com/page55,amazon.com,shopping,chrome
2026-02-06 20:03:44,https://hotstar.com/page98,hotstar.com,video,chrome
2026-02-06 20:05:34,https://stackoverflow.com/page53,stackoverflow.com,learning,chrome
2026-02-06 20:06:45,https://x.com/page59,x.com,social,chrome
2026-02-06 20:07:00,https://wikipedia.org/page50,wikipedia.org,other,chrome
2026-02-06 20:08:18,https://flipkart.com/page38,flipkart.com,shopping,chrome
2026-02-06 20:10:03,https://github.com/page73,github.com,learning,edge
2026-02-06 20:10:32,https://medium.com/page17,medium.com,learning,edge
2026-02-06 20:11:27,https://primevideo.com/page34,primevideo.com,video,edge
2026-02-06 20:13:16,https://coursera.org/page57,coursera.org,learning,chrome
2026-02-06 20:13:56,https://kaggle.com/page6,kaggle.com,learning,edge
2026-02-06 20:15:55,https://flipkart.com/page65,flipkart.com,shopping,edge
2026-02-06 20:16:44,https://stackoverflow.com/page98,stackoverflow.com,learning,chrome
2026-02-06 20:18:36,https://youtube.com/page100,youtube.com,video,chrome
2026-02-06 20:19:52,https://youtube.com/page28,youtube.com,video,edge
2026-02-06 20:20:46,https://medium.com/page31,medium.com,learning,edge
2026-02-06 20:22:08,https://medium.com/page17,medium.com,learning,edge
2026-02-06 20:22:36,https://kaggle.com/page21,kaggle.com,learning,edge
2026-02-06 20:24:09,https://flipkart.com/page90,flipkart.com,shopping,edge
2026-02-06 20:25:19,https://hotstar.com/page10,hotstar.com,video,chrome
2026-02-06 20:53:19,https://hotstar.com/page11,hotstar.com,video,edge
2026-02-06 21:37:19,https://stackoverflow.com/page86,stackoverflow.com,learning,chrome
2026-02-06 21:38:21,https://primevideo.com/page49,primevideo.com,video,edge
2026-02-06 22:30:21,https://flipkart.com/page27,flipkart.com,shopping,chrome
2026-02-06 22:30:56,https://youtube.com/page2,youtube.com,video,chrome
2026-02-06 22:32:56,https://netflix.com/page72,netflix.com,video,chrome
2026-02-06 22:33:40,https://primevideo.com/page33,primevideo.com,video,edge
2026-02-06 22:34:22,https://facebook.com/page72,facebook.com,social,chrome
2026-02-06 22:35:29,https://coursera.org/page18,coursera.org,learning,chrome
2026-02-06 22:36:33,https://github.com/page52,github.com,learning,chrome
2026-02-06 22:38:26,https://kaggle.com/page79,kaggle.com,learning,chrome
2026-02-06 22:38:42,https://instagram.com/page87,instagram.com,social,chrome
2026-02-06 23:26:42,https://coursera.org/page39,coursera.org,learning,chrome
2026-02-06 23:26:52,https://youtube.com/page77,youtube.com,video,chrome
2026-02-06 23:27:38,https://kaggle.com/page85,kaggle.com,learning,edge
2026-02-06 23:29:26,https://amazon.com/page81,amazon.com,shopping,edge
2026-02-06 23:30:08,https://reddit.com/page86,reddit.com,social,chrome
2026-02-06 23:32:08,https://hotstar.com/page73,hotstar.com,video,edge
2026-02-06 23:32:45,https://facebook.com/page10,facebook.com,social,edge
2026-02-06 23:33:18,https://kaggle.com/page3,kaggle.com,learning,edge
2026-02-06 23:33:44,https://primevideo.com/page1,primevideo.com,video,edge
2026-02-06 23:35:43,https://github.com/page97,github.com,learning,chrome
2026-02-06 23:36:35,https://instagram.com/page59,instagram.com,social,edge
2026-02-06 23:37:27,https://kaggle.com/page70,kaggle.com,learning,edge
2026-02-06 23:38:42,https://x.com/page89,x.com,social,edge
2026-02-06 23:39:42,https://coursera.org/page51,coursera.org,learning,chrome
2026-02-06 23:40:05,https://netflix.com/page14,netflix.com,video,chrome
2026-02-06 23:41:15,https://instagram.com/page99,instagram.com,social,edge
2026-02-06 23:41:47,https://amazon.com/page30,amazon.com,shopping,edge
2026-02-06 23:42:38,https://flipkart.com/page64,flipkart.com,shopping,edge
2026-02-06 23:42:56,https://facebook.com/page30,facebook.com,social,chrome
2026-02-06 23:43:24,https://coursera.org/page92,coursera.org,learning,chrome
2026-02-06 23:44:59,https://wikipedia.org/page29,wikipedia.org,other,edge
2026-02-06 23:45:17,https://github.com/page39,github.com,learning,edge
2026-02-06 23:47:00,https://hotstar.com/page44,hotstar.com,video,chrome
2026-02-06 23:48:38,https://amazon.com/page45,amazon.com,shopping,chrome
2026-02-06 23:49:41,https://github.com/page22,github.com,learning,chrome
2026-02-06 23:50:09,https://github.com/page84,github.com,learning,edge
2026-02-07 00:21:09,https://medium.com/page42,medium.com,learning,chrome
2026-02-07 00:22:53,https://stackoverflow.com/page50,stackoverflow.com,learning,edge
2026-02-07 00:24:05,https://facebook.com/page97,facebook.com,social,edge
2026-02-07 00:25:18,https://primevideo.com/page5,primevideo.com,video,chrome
2026-02-07 00:27:05,https://hotstar.com/page24,hotstar.com,video,edge
2026-02-07 00:27:22,https://amazon.com/page11,amazon.com,shopping,edge
2026-02-07 00:27:32,https://stackoverflow.com/page7,stackoverflow.com,learning,chrome
2026-02-07 00:28:50,https://instagram.com/page78,instagram.com,social,edge
2026-02-07 00:29:29,https://primevideo.com/page55,primevideo.com,video,chrome
2026-02-07 00:31:29,https://netflix.com/page86,netflix.com,video,edge
2026-02-07 00:33:09,https://primevideo.com/page22,primevideo.com,video,chrome
2026-02-07 00:33:44,https://netflix.com/page40,netflix.com,video,chrome
2026-02-07 00:35:27,https://x.com/page63,x.com,social,chrome
2026-02-07 00:36:54,https://facebook.com/page92,facebook.com,social,edge
2026-02-07 00:37:46,https://instagram.com/page78,instagram.com,social,chrome
2026-02-07 00:38:53,https://hotstar.com/page34,hotstar.com,video,edge
2026-02-07 00:40:20,https://kaggle.com/page68,kaggle.com,learning,chrome
2026-02-07 00:41:33,https://netflix.com/page22,netflix.com,video,edge
2026-02-07 00:42:51,https://coursera.org/page95,coursera.org,learning,chrome
2026-02-07 00:43:20,https://instagram.com/page95,instagram.com,social,edge
2026-02-07 00:44:57,https://wikipedia.org/page44,wikipedia.org,other,chrome
2026-02-07 00:46:10,https://medium.com/page15,medium.com,learning,edge
2026-02-07 00:47:29,https://flipkart.com/page44,flipkart.com,shopping,edge
2026-02-07 00:48:25,https://primevideo.com/page80,primevideo.com,video,edge
2026-02-07 00:48:52,https://x.com/page65,x.com,social,chrome
2026-02-07 00:49:08,https://facebook.com/page49,facebook.com,social,chrome
2026-02-07 00:50:43,https://reddit.com/page24,reddit.com,social,chrome
2026-02-07 00:52:05,https://facebook.com/page53,facebook.com,social,chrome
2026-02-07 00:53:43,https://reddit.com/page91,reddit.com,social,chrome
2026-02-07 00:53:56,https://flipkart.com/page43,flipkart.com,shopping,edge
2026-02-07 00:54:31,https://instagram.com/page33,instagram.com,social,edge
2026-02-07 00:55:53,https://x.com/page14,x.com,social,chrome
2026-02-07 00:57:26,https://medium.com/page91,medium.com,learning,chrome
2026-02-07 00:59:23,https://amazon.com/page98,amazon.com,shopping,chrome
2026-02-07 01:00:57,https://kaggle.com/page67,kaggle.com,learning,edge
2026-02-07 01:02:39,https://wikipedia.org/page2,wikipedia.org,other,edge
2026-02-07 01:03:54,https://facebook.com/page3,facebook.com,social,chrome
2026-02-07 01:05:40,https://reddit.com/page24,reddit.com,social,chrome
2026-02-07 01:06:10,https://x.com/page40,x.com,social,edge
2026-02-07 01:06:28,https://hotstar.com/page86,hotstar.com,video,edge
2026-02-07 01:07:37,https://x.com/page19,x.com,social,chrome
2026-02-07 01:09:04,https://youtube.com/page44,youtube.com,video,edge
2026-02-07 01:09:33,https://medium.com/page89,medium.com,learning,chrome
2026-02-07 01:11:15,https://primevideo.com/page30,primevideo.com,video,edge
2026-02-07 01:11:33,https://medium.com/page79,medium.com,learning,edge
2026-02-07 01:12:28,https://facebook.com/page46,facebook.com,social,chrome
2026-02-07 01:14:04,https://kaggle.com/page37,kaggle.com,learning,chrome
2026-02-07 01:14:44,https://youtube.com/page19,youtube.com,video,edge
2026-02-07 01:15:41,https://stackoverflow.com/page98,stackoverflow.com,learning,chrome
2026-02-07 01:17:12,https://instagram.com/page69,instagram.com,social,chrome
2026-02-07 01:17:49,https://instagram.com/page4,instagram.com,social,chrome
2026-02-07 01:18:37,https://hotstar.com/page54,hotstar.com,video,edge
2026-02-07 01:19:15,https://youtube.com/page96,youtube.com,video,edge
2026-02-07 02:00:15,https://facebook.com/page65,facebook.com,social,chrome
2026-02-07 02:01:29,https://coursera.org/page27,coursera.org,learning,chrome
2026-02-07 02:02:15,https://primevideo.com/page68,primevideo.com,video,chrome
2026-02-07 02:03:08,https://instagram.com/page87,instagram.com,social,chrome
2026-02-07 02:04:16,https://coursera.org/page85,coursera.org,learning,edge
2026-02-07 02:04:41,https://youtube.com/page51,youtube.com,video,chrome
2026-02-07 02:06:37,https://amazon.com/page68,amazon.com,shopping,chrome
2026-02-07 02:07:25,https://hotstar.com/page98,hotstar.com,video,edge
2026-02-07 02:08:47,https://github.com/page11,github.com,learning,edge
2026-02-07 02:10:10,https://coursera.org/page80,coursera.org,learning,chrome
2026-02-07 02:12:06,https://wikipedia.org/page17,wikipedia.org,other,chrome
2026-02-07 02:13:46,https://flipkart.com/page60,flipkart.com,shopping,edge
2026-02-07 02:14:32,https://medium.com/page74,medium.com,learning,chrome
2026-02-07 02:15:25,https://youtube.com/page74,youtube.com,video,chrome
2026-02-07 02:17:03,https://netflix.com/page26,netflix.com,video,chrome
2026-02-07 02:17:42,https://amazon.com/page54,amazon.com,shopping,chrome
2026-02-07 02:19:16,https://primevideo.com/page69,primevideo.com,video,edge
2026-02-07 02:19:43,https://netflix.com/page78,netflix.com,video,edge
2026-02-07 02:21:37,https://primevideo.com/page45,primevideo.com,video,chrome
2026-02-07 02:22:48,https://wikipedia.org/page50,wikipedia.org,other,edge
2026-02-07 02:23:33,https://hotstar.com/page50,hotstar.com,video,chrome
2026-02-07 02:24:14,https://instagram.com/page50,instagram.com,social,edge
2026-02-07 02:26:02,https://medium.com/page49,medium.com,learning,chrome
2026-02-07 02:27:23,https://flipkart.com/page29,flipkart.com,shopping,edge
2026-02-07 02:57:23,https://wikipedia.org/page24,wikipedia.org,other,chrome
2026-02-07 02:57:56,https://reddit.com/page39,reddit.com,social,chrome
2026-02-07 02:58:36,https://flipkart.com/page79,flipkart.com,shopping,edge
2026-02-07 02:58:57,https://flipkart.com/page25,flipkart.com,shopping,edge
2026-02-07 02:59:51,https://flipkart.com/page28,flipkart.com,shopping,chrome
2026-02-07 03:01:19,https://youtube.com/page27,youtube.com,video,chrome
2026-02-07 03:01:54,https://amazon.com/page92,amazon.com,shopping,chrome
2026-02-07 03:02:46,https://instagram.com/page40,instagram.com,social,edge
2026-02-07 03:03:29,https://amazon.com/page22,amazon.com,shopping,edge
2026-02-07 03:04:18,https://youtube.com/page33,youtube.com,video,edge
2026-02-07 03:05:48,https://youtube.com/page27,youtube.com,video,chrome
2026-02-07 03:07:17,https://stackoverflow.com/page19,stackoverflow.com,learning,chrome
2026-02-07 03:09:02,https://hotstar.com/page80,hotstar.com,video,edge
2026-02-07 03:09:57,https://kaggle.com/page57,kaggle.com,learning,chrome
2026-02-07 03:11:01,https://netflix.com/page76,netflix.com,video,edge
2026-02-07 03:11:15,https://primevideo.com/page67,primevideo.com,video,chrome
2026-02-07 03:11:42,https://netflix.com/page45,netflix.com,video,chrome
2026-02-07 03:12:26,https://stackoverflow.com/page61,stackoverflow.com,learning,chrome
2026-02-07 03:14:15,https://medium.com/page78,medium.com,learning,chrome
2026-02-07 03:14:35,https://amazon.com/page16,amazon.com,shopping,edge
2026-02-07 03:15:10,https://instagram.com/page57,instagram.com,social,edge
2026-02-07 03:16:10,https://facebook.com/page75,facebook.com,social,edge
2026-02-07 03:16:45,https://youtube.com/page39,youtube.com,video,chrome
2026-02-07 03:18:33,https://x.com/page23,x.com,social,edge
2026-02-07 03:20:16,https://reddit.com/page36,reddit.com,social,edge
2026-02-07 03:21:42,https://flipkart.com/page65,flipkart.com,shopping,chrome
2026-02-07 03:22:33,https://coursera.org/page65,coursera.org,learning,edge
2026-02-07 03:24:22,https://flipkart.com/page42,flipkart.com,shopping,chrome
2026-02-07 03:25:18,https://primevideo.com/page70,primevideo.com,video,chrome
2026-02-07 03:25:43,https://hotstar.com/page64,hotstar.com,video,edge
2026-02-07 03:25:53,https://hotstar.com/page9,hotstar.com,video,chrome
2026-02-07 03:27:48,https://hotstar.com/page17,hotstar.com,video,chrome
2026-02-07 03:28:07,https://github.com/page7,github.com,learning,chrome
2026-02-07 03:29:36,https://amazon.com/page67,amazon.com,shopping,edge
2026-02-07 03:30:08,https://medium.com/page30,medium.com,learning,edge
2026-02-07 03:31:16,https://coursera.org/page1,coursera.org,learning,chrome
2026-02-07 03:32:46,https://netflix.com/page100,netflix.com,video,chrome
2026-02-07 03:33:34,https://youtube.com/page23,youtube.com,video,edge
2026-02-07 03:34:31,https://x.com/page98,x.com,social,chrome
2026-02-07 03:35:29,https://youtube.com/page3,youtube.com,video,chrome
2026-02-07 03:37:16,https://facebook.com/page9,facebook.com,social,chrome
2026-02-07 03:38:18,https://netflix.com/page69,netflix.com,video,edge
2026-02-07 03:38:54,https://primevideo.com/page58,primevideo.com,video,edge
2026-02-07 03:39:12,https://coursera.org/page67,coursera.org,learning,edge
2026-02-07 03:39:47,https://reddit.com/page27,reddit.com,social,chrome
2026-02-07 03:41:04,https://reddit.com/page83,reddit.com,social,chrome
2026-02-07 04:12:04,https://hotstar.com/page85,hotstar.com,video,edge
2026-02-07 04:12:51,https://reddit.com/page55,reddit.com,social,edge
2026-02-07 04:14:41,https://reddit.com/page65,reddit.com,social,chrome
2026-02-07 04:14:56,https://netflix.com/page45,netflix.com,video,chrome
2026-02-07 04:16:44,https://instagram.com/page80,instagram.com,social,chrome
2026-02-07 04:17:46,https://primevideo.com/page87,primevideo.com,video,edge
2026-02-07 04:18:49,https://stackoverflow.com/page89,stackoverflow.com,learning,chrome
2026-02-07 04:20:03,https://hotstar.com/page21,hotstar.com,video,edge
2026-02-07 04:20:57,https://flipkart.com/page3,flipkart.com,shopping,edge
2026-02-07 04:21:12,https://github.com/page90,github.com,learning,edge
2026-02-07 04:22:33,https://hotstar.com/page90,hotstar.com,video,chrome
2026-02-07 04:23:03,https://github.com/page64,github.com,learning,chrome
2026-02-07 04:24:21,https://wikipedia.org/page1,wikipedia.org,other,chrome
2026-02-07 04:24:36,https://kaggle.com/page88,kaggle.com,learning,edge
2026-02-07 04:25:04,https://coursera.org/page67,coursera.org,learning,chrome
2026-02-07 04:25:57,https://medium.com/page8,medium.com,learning,edge
2026-02-07 04:27:28,https://facebook.com/page45,facebook.com,social,chrome
2026-02-07 04:28:02,https://reddit.com/page35,reddit.com,social,edge
2026-02-07 04:29:04,https://hotstar.com/page16,hotstar.com,video,edge
2026-02-07 04:29:49,https://netflix.com/page62,netflix.com,video,edge
2026-02-07 04:30:48,https://flipkart.com/page72,flipkart.com,shopping,chrome
2026-02-07 04:31:15,https://facebook.com/page73,facebook.com,social,chrome
2026-02-07 04:31:33,https://flipkart.com/page39,flipkart.com,shopping,chrome
2026-02-07 04:32:07,https://github.com/page19,github.com,learning,edge
2026-02-07 04:33:38,https://primevideo.com/page97,primevideo.com,video,chrome
2026-02-07 04:35:05,https://coursera.org/page82,coursera.org,learning,chrome
2026-02-07 04:35:15,https://flipkart.com/page46,flipkart.com,shopping,edge
2026-02-07 04:35:43,https://x.com/page18,x.com,social,edge
2026-02-07 04:36:55,https://kaggle.com/page92,kaggle.com,learning,edge
2026-02-07 04:37:07,https://x.com/page22,x.com,social,edge
2026-02-07 04:38:18,https://facebook.com/page93,facebook.com,social,chrome
2026-02-07 04:40:18,https://kaggle.com/page82,kaggle.com,learning,chrome
2026-02-07 04:40:49,https://primevideo.com/page88,primevideo.com,video,chrome
2026-02-07 04:42:15,https://facebook.com/page10,facebook.com,social,edge
2026-02-07 04:43:43,https://amazon.com/page66,amazon.com,shopping,edge
2026-02-07 04:45:02,https://instagram.com/page82,instagram.com,social,edge
2026-02-07 04:46:16,https://flipkart.com/page20,flipkart.com,shopping,chrome
2026-02-07 04:46:59,https://instagram.com/page6,instagram.com,social,chrome
2026-02-07 04:48:06,https://flipkart.com/page93,flipkart.com,shopping,edge
2026-02-07 04:48:51,https://amazon.com/page21,amazon.com,shopping,chrome
2026-02-07 04:50:34,https://kaggle.com/page77,kaggle.com,learning,edge
2026-02-07 04:52:20,https://netflix.com/page66,netflix.com,video,edge
2026-02-07 04:54:06,https://amazon.com/page6,amazon.com,shopping,edge
2026-02-07 04:54:35,https://primevideo.com/page47,primevideo.com,video,edge
2026-02-07 04:54:57,https://netflix.com/page37,netflix.com,video,chrome
2026-02-07 04:55:28,https://youtube.com/page68,youtube.com,video,edge
2026-02-07 05:17:28,https://primevideo.com/page20,primevideo.com,video,chrome
2026-02-07 05:18:43,https://primevideo.com/page84,primevideo.com,video,edge
2026-02-07 05:19:27,https://coursera.org/page77,coursera.org,learning,chrome
2026-02-07 05:21:03,https://amazon.com/page2,amazon.com,shopping,chrome
2026-02-07 05:22:51,https://primevideo.com/page62,primevideo.com,video,chrome
2026-02-07 05:23:33,https://netflix.com/page74,netflix.com,video,chrome
2026-02-07 05:24:37,https://medium.com/page15,medium.com,learning,chrome
2026-02-07 05:25:07,https://facebook.com/page38,facebook.com,social,chrome
2026-02-07 06:19:07,https://x.com/page96,x.com,social,edge
2026-02-07 06:20:34,https://x.com/page62,x.com,social,chrome
2026-02-07 06:20:49,https://netflix.com/page87,netflix.com,video,chrome
2026-02-07 06:20:59,https://hotstar.com/page34,hotstar.com,video,chrome
2026-02-07 06:22:07,https://youtube.com/page44,youtube.com,video,chrome
2026-02-07 06:22:46,https://github.com/page55,github.com,learning,chrome
2026-02-07 06:24:41,https://medium.com/page21,medium.com,learning,edge
2026-02-07 06:25:14,https://stackoverflow.com/page90,stackoverflow.com,learning,chrome
2026-02-07 06:27:04,https://instagram.com/page17,instagram.com,social,chrome
2026-02-07 06:28:31,https://primevideo.com/page48,primevideo.com,video,edge
2026-02-07 06:28:55,https://facebook.com/page18,facebook.com,social,chrome
2026-02-07 06:30:00,https://wikipedia.org/page44,wikipedia.org,other,chrome
2026-02-07 06:30:11,https://medium.com/page57,medium.com,learning,edge
2026-02-07 06:31:56,https://amazon.com/page64,amazon.com,shopping,edge
2026-02-07 06:33:10,https://coursera.org/page29,coursera.org,learning,chrome
2026-02-07 06:34:18,https://netflix.com/page56,netflix.com,video,edge
2026-02-07 06:35:51,https://netflix.com/page60,netflix.com,video,edge
2026-02-07 06:36:50,https://youtube.com/page99,youtube.com,video,chrome
2026-02-07 06:37:47,https://github.com/page70,github.com,learning,chrome
2026-02-07 06:38:52,https://amazon.com/page47,amazon.com,shopping,edge
2026-02-07 06:40:43,https://hotstar.com/page8,hotstar.com,video,chrome
2026-02-07 06:42:20,https://github.com/page48,github.com,learning,chrome
2026-02-07 06:43:38,https://github.com/page36,github.com,learning,chrome
2026-02-07 06:44:56,https://github.com/page22,github.com,learning,chrome
2026-02-07 06:45:51,https://wikipedia.org/page57,wikipedia.org,other,edge
2026-02-07 06:46:54,https://youtube.com/page88,youtube.com,video,edge
2026-02-07 06:47:04,https://hotstar.com/page41,hotstar.com,video,edge
2026-02-07 06:47:25,https://x.com/page21,x.com,social,chrome
2026-02-07 06:48:42,https://hotstar.com/page57,hotstar.com,video,chrome
2026-02-07 06:49:38,https://stackoverflow.com/page65,stackoverflow.com,learning,chrome
2026-02-07 06:50:14,https://x.com/page18,x.com,social,edge
2026-02-07 06:51:54,https://hotstar.com/page8,hotstar.com,video,chrome
2026-02-07 07:31:54,https://x.com/page81,x.com,social,edge
2026-02-07 07:32:40,https://kaggle.com/page10,kaggle.com,learning,edge
2026-02-07 07:33:47,https://coursera.org/page77,coursera.org,learning,chrome
2026-02-07 07:34:32,https://flipkart.com/page78,flipkart.com,shopping,edge
2026-02-07 07:35:55,https://primevideo.com/page64,primevideo.com,video,chrome
2026-02-07 07:36:15,https://primevideo.com/page29,primevideo.com,video,edge
2026-02-07 07:37:26,https://instagram.com/page28,instagram.com,social,chrome
2026-02-07 07:38:37,https://amazon.com/page48,amazon.com,shopping,edge
2026-02-07 07:39:08,https://wikipedia.org/page28,wikipedia.org,other,edge
2026-02-07 07:40:43,https://stackoverflow.com/page44,stackoverflow.com,learning,chrome
2026-02-07 07:41:52,https://kaggle.com/page50,kaggle.com,learning,chrome
2026-02-07 07:42:59,https://instagram.com/page73,instagram.com,social,chrome
2026-02-07 07:44:29,https://hotstar.com/page40,hotstar.com,video,edge
2026-02-07 07:45:04,https://kaggle.com/page98,kaggle.com,learning,edge
2026-02-07 07:46:46,https://coursera.org/page65,coursera.org,learning,chrome
2026-02-07 07:48:35,https://github.com/page89,github.com,learning,edge
2026-02-07 07:49:13,https://wikipedia.org/page99,wikipedia.org,other,edge
2026-02-07 07:50:39,https://stackoverflow.com/page64,stackoverflow.com,learning,edge
2026-02-07 07:51:18,https://netflix.com/page83,netflix.com,video,edge
2026-02-07 07:53:02,https://amazon.com/page81,amazon.com,shopping,edge
2026-02-07 07:53:14,https://medium.com/page64,medium.com,learning,edge
2026-02-07 07:54:06,https://reddit.com/page88,reddit.com,social,chrome
2026-02-07 07:54:27,https://netflix.com/page84,netflix.com,video,chrome
2026-02-07 07:55:41,https://wikipedia.org/page26,wikipedia.org,other,edge
2026-02-07 07:56:34,https://instagram.com/page99,instagram.com,social,chrome
2026-02-07 07:58:34,https://medium.com/page30,medium.com,learning,chrome
2026-02-07 08:00:10,https://x.com/page52,x.com,social,chrome
2026-02-07 08:00:40,https://amazon.com/page3,amazon.com,shopping,chrome
2026-02-07 08:01:34,https://wikipedia.org/page32,wikipedia.org,other,chrome
2026-02-07 08:02:35,https://coursera.org/page83,coursera.org,learning,edge
2026-02-07 08:03:42,https://x.com/page21,x.com,social,edge
2026-02-07 08:05:13,https://instagram.com/page8,instagram.com,social,edge
2026-02-07 08:05:41,https://wikipedia.org/page52,wikipedia.org,other,chrome
2026-02-07 08:06:09,https://stackoverflow.com/page39,stackoverflow.com,learning,edge
2026-02-07 08:07:15,https://hotstar.com/page83,hotstar.com,video,chrome
2026-02-07 08:07:55,https://primevideo.com/page51,primevideo.com,video,chrome
2026-02-07 08:08:08,https://x.com/page86,x.com,social,chrome
2026-02-07 08:09:33,https://youtube.com/page60,youtube.com,video,edge
2026-02-07 08:10:58,https://x.com/page72,x.com,social,edge
2026-02-07 08:11:34,https://reddit.com/page38,reddit.com,social,chrome
2026-02-07 08:12:52,https://kaggle.com/page39,kaggle.com,learning,chrome
2026-02-07 08:13:06,https://amazon.com/page17,amazon.com,shopping,chrome
2026-02-07 08:14:43,https://instagram.com/page98,instagram.com,social,edge
2026-02-07 08:15:12,https://coursera.org/page30,coursera.org,learning,edge
2026-02-07 08:17:01,https://medium.com/page50,medium.com,learning,chrome
2026-02-07 08:18:27,https://primevideo.com/page55,primevideo.com,video,chrome
2026-02-07 08:19:33,https://hotstar.com/page55,hotstar.com,video,chrome
2026-02-07 08:21:04,https://github.com/page24,github.com,learning,chrome
2026-02-07 08:22:00,https://medium.com/page63,medium.com,learning,chrome
2026-02-07 08:22:23,https://youtube.com/page58,youtube.com,video,chrome
2026-02-07 08:23:07,https://hotstar.com/page97,hotstar.com,video,edge
2026-02-07 08:23:58,https://wikipedia.org/page68,wikipedia.org,other,edge
2026-02-07 08:24:54,https://hotstar.com/page28,hotstar.com,video,chrome
2026-02-07 08:25:38,https://youtube.com/page58,youtube.com,video,edge
2026-02-07 08:26:53,https://amazon.com/page11,amazon.com,shopping,edge
2026-02-07 08:27:28,https://youtube.com/page85,youtube.com,video,edge
2026-02-07 08:28:37,https://instagram.com/page74,instagram.com,social,chrome
2026-02-07 08:30:03,https://primevideo.com/page4,primevideo.com,video,chrome
2026-02-07 08:31:09,https://stackoverflow.com/page90,stackoverflow.com,learning,edge
2026-02-07 08:32:57,https://netflix.com/page95,netflix.com,video,edge
2026-02-07 08:34:31,https://x.com/page70,x.com,social,chrome
2026-02-07 08:35:44,https://x.com/page71,x.com,social,chrome
2026-02-07 08:36:22,https://kaggle.com/page77,kaggle.com,learning,chrome
2026-02-07 08:38:00,https://primevideo.com/page94,primevideo.com,video,chrome
2026-02-07 08:39:41,https://hotstar.com/page20,hotstar.com,video,chrome
2026-02-07 08:40:26,https://reddit.com/page45,reddit.com,social,chrome
2026-02-07 08:41:30,https://x.com/page11,x.com,social,edge
2026-02-07 08:42:44,https://netflix.com/page35,netflix.com,video,chrome
2026-02-07 08:44:43,https://coursera.org/page54,coursera.org,learning,chrome
2026-02-07 08:45:16,https://youtube.com/page89,youtube.com,video,chrome
2026-02-07 08:45:56,https://amazon.com/page33,amazon.com,shopping,chrome
2026-02-07 08:47:05,https://primevideo.com/page69,primevideo.com,video,chrome
2026-02-07 08:48:09,https://medium.com/page93,medium.com,learning,chrome
2026-02-07 08:49:40,https://medium.com/page49,medium.com,learning,chrome
2026-02-07 08:51:29,https://facebook.com/page63,facebook.com,social,chrome
2026-02-07 08:52:44,https://wikipedia.org/page59,wikipedia.org,other,edge
2026-02-07 09:48:44,https://medium.com/page52,medium.com,learning,edge
2026-02-07 09:49:41,https://flipkart.com/page76,flipkart.com,shopping,edge
2026-02-07 10:49:41,https://medium.com/page32,medium.com,learning,chrome
2026-02-07 10:50:49,https://medium.com/page18,medium.com,learning,edge
2026-02-07 10:51:50,https://kaggle.com/page39,kaggle.com,learning,edge
2026-02-07 10:53:14,https://wikipedia.org/page61,wikipedia.org,other,edge
2026-02-07 10:55:14,https://coursera.org/page72,coursera.org,learning,chrome
2026-02-07 10:56:27,https://hotstar.com/page71,hotstar.com,video,chrome
2026-02-07 10:57:26,https://facebook.com/page81,facebook.com,social,edge
2026-02-07 10:57:54,https://wikipedia.org/page5,wikipedia.org,other,edge
2026-02-07 10:58:51,https://stackoverflow.com/page76,stackoverflow.com,learning,chrome
2026-02-07 10:59:52,https://medium.com/page9,medium.com,learning,edge
2026-02-07 11:00:38,https://kaggle.com/page83,kaggle.com,learning,chrome
2026-02-07 11:01:41,https://youtube.com/page40,youtube.com,video,chrome
2026-02-07 11:01:56,https://amazon.com/page7,amazon.com,shopping,chrome
2026-02-07 11:03:02,https://flipkart.com/page78,flipkart.com,shopping,chrome
2026-02-07 11:04:59,https://flipkart.com/page4,flipkart.com,shopping,edge
2026-02-07 11:06:47,https://x.com/page45,x.com,social,chrome
2026-02-07 11:08:29,https://kaggle.com/page6,kaggle.com,learning,edge
2026-02-07 11:09:33,https://medium.com/page93,medium.com,learning,edge
2026-02-07 11:10:04,https://medium.com/page41,medium.com,learning,chrome
2026-02-07 11:11:26,https://coursera.org/page73,coursera.org,learning,edge
2026-02-07 11:12:30,https://netflix.com/page34,netflix.com,video,chrome
2026-02-07 11:14:29,https://facebook.com/page17,facebook.com,social,chrome
2026-02-07 11:16:03,https://coursera.org/page18,coursera.org,learning,edge
2026-02-07 11:16:40,https://kaggle.com/page31,kaggle.com,learning,chrome
2026-02-07 11:17:50,https://wikipedia.org/page13,wikipedia.org,other,chrome
2026-02-07 11:18:01,https://wikipedia.org/page20,wikipedia.org,other,edge
2026-02-07 11:18:26,https://coursera.org/page80,coursera.org,learning,chrome
2026-02-07 11:20:23,https://medium.com/page72,medium.com,learning,chrome
2026-02-07 11:21:09,https://youtube.com/page69,youtube.com,video,edge
2026-02-07 11:21:53,https://github.com/page82,github.com,learning,chrome
2026-02-07 11:22:05,https://x.com/page17,x.com,social,edge
2026-02-07 11:22:15,https://x.com/page62,x.com,social,edge
2026-02-07 11:23:12,https://youtube.com/page18,youtube.com,video,chrome
2026-02-07 11:24:24,https://medium.com/page77,medium.com,learning,chrome
2026-02-07 11:26:15,https://hotstar.com/page97,hotstar.com,video,edge
2026-02-07 11:27:31,https://facebook.com/page87,facebook.com,social,edge
2026-02-07 11:29:05,https://instagram.com/page85,instagram.com,social,edge
2026-02-07 11:30:39,https://medium.com/page36,medium.com,learning,chrome
2026-02-07 11:31:17,https://kaggle.com/page67,kaggle.com,learning,chrome
2026-02-07 11:31:34,https://hotstar.com/page9,hotstar.com,video,chrome
2026-02-07 11:32:25,https://facebook.com/page70,facebook.com,social,chrome
2026-02-07 11:33:42,https://medium.com/page78,medium.com,learning,edge
2026-02-07 11:34:21,https://wikipedia.org/page81,wikipedia.org,other,chrome
2026-02-07 11:57:21,https://youtube.com/page46,youtube.com,video,chrome
2026-02-07 11:59:19,https://github.com/page41,github.com,learning,edge
2026-02-07 11:59:30,https://youtube.com/page73,youtube.com,video,chrome
2026-02-07 12:00:38,https://reddit.com/page82,reddit.com,social,chrome
2026-02-07 12:39:38,https://youtube.com/page8,youtube.com,video,edge
2026-02-07 12:40:21,https://kaggle.com/page35,kaggle.com,learning,edge
2026-02-07 12:42:09,https://medium.com/page8,medium.com,learning,chrome
2026-02-07 12:44:05,https://wikipedia.org/page14,wikipedia.org,other,chrome
2026-02-07 12:45:19,https://stackoverflow.com/page84,stackoverflow.com,learning,chrome
2026-02-07 12:45:41,https://instagram.com/page37,instagram.com,social,chrome
2026-02-07 12:46:33,https://amazon.com/page91,amazon.com,shopping,edge
2026-02-07 12:48:05,https://amazon.com/page77,amazon.com,shopping,chrome
2026-02-07 12:49:25,https://x.com/page32,x.com,social,chrome
2026-02-07 12:50:09,https://x.com/page40,x.com,social,chrome
2026-02-07 12:51:49,https://coursera.org/page78,coursera.org,learning,edge
2026-02-07 12:52:53,https://reddit.com/page48,reddit.com,social,edge
2026-02-07 12:54:06,https://x.com/page51,x.com,social,edge
2026-02-07 13:30:06,https://youtube.com/page79,youtube.com,video,chrome
2026-02-07 13:30:56,https://facebook.com/page14,facebook.com,social,edge
2026-02-07 13:59:56,https://youtube.com/page6,youtube.com,video,chrome
2026-02-07 14:01:06,https://reddit.com/page24,reddit.com,social,edge
2026-02-07 14:02:52,https://wikipedia.org/page64,wikipedia.org,other,chrome
2026-02-07 14:03:39,https://netflix.com/page5,netflix.com,video,chrome
2026-02-07 14:04:23,https://wikipedia.org/page60,wikipedia.org,other,chrome
2026-02-07 14:05:27,https://facebook.com/page99,facebook.com,social,chrome
2026-02-07 14:07:09,https://youtube.com/page42,youtube.com,video,chrome
2026-02-07 14:07:53,https://instagram.com/page23,instagram.com,social,chrome
2026-02-07 14:08:22,https://netflix.com/page75,netflix.com,video,edge
2026-02-07 14:09:04,https://medium.com/page9,medium.com,learning,chrome
2026-02-07 14:10:12,https://stackoverflow.com/page26,stackoverflow.com,learning,chrome
2026-02-07 14:11:06,https://youtube.com/page56,youtube.com,video,chrome
2026-02-07 14:12:27,https://primevideo.com/page27,primevideo.com,video,edge
2026-02-07 14:14:20,https://instagram.com/page16,instagram.com,social,chrome
2026-02-07 14:15:09,https://amazon.com/page45,amazon.com,shopping,chrome
2026-02-07 14:16:11,https://netflix.com/page75,netflix.com,video,edge
2026-02-07 14:16:50,https://instagram.com/page65,instagram.com,social,chrome
2026-02-07 14:17:37,https://x.com/page23,x.com,social,edge
2026-02-07 14:18:05,https://x.com/page22,x.com,social,edge
2026-02-07 14:18:42,https://flipkart.com/page73,flipkart.com,shopping,edge
2026-02-07 14:19:11,https://primevideo.com/page87,primevideo.com,video,edge
2026-02-07 14:20:27,https://primevideo.com/page58,primevideo.com,video,chrome
2026-02-07 14:21:04,https://primevideo.com/page77,primevideo.com,video,edge
2026-02-07 14:22:49,https://stackoverflow.com/page95,stackoverflow.com,learning,chrome
2026-02-07 14:23:46,https://youtube.com/page28,youtube.com,video,chrome
2026-02-07 14:24:26,https://wikipedia.org/page44,wikipedia.org,other,chrome
2026-02-07 14:25:45,https://reddit.com/page17,reddit.com,social,edge
2026-02-07 14:27:24,https://netflix.com/page68,netflix.com,video,edge
2026-02-07 14:28:19,https://flipkart.com/page81,flipkart.com,shopping,edge
2026-02-07 14:28:35,https://wikipedia.org/page37,wikipedia.org,other,edge
2026-02-07 14:30:01,https://hotstar.com/page97,hotstar.com,video,chrome
2026-02-07 14:30:20,https://wikipedia.org/page75,wikipedia.org,other,edge
2026-02-07 14:31:34,https://netflix.com/page63,netflix.com,video,edge
2026-02-07 14:32:12,https://wikipedia.org/page42,wikipedia.org,other,chrome
2026-02-07 14:33:02,https://hotstar.com/page83,hotstar.com,video,chrome
2026-02-07 14:54:02,https://medium.com/page45,medium.com,learning,edge
2026-02-07 14:55:45,https://kaggle.com/page30,kaggle.com,learning,chrome
2026-02-07 14:56:43,https://flipkart.com/page5,flipkart.com,shopping,chrome
2026-02-07 14:57:21,https://amazon.com/page66,amazon.com,shopping,edge
2026-02-07 14:58:41,https://stackoverflow.com/page62,stackoverflow.com,learning,chrome
2026-02-07 15:00:39,https://flipkart.com/page87,flipkart.com,shopping,edge
2026-02-07 15:01:11,https://x.com/page71,x.com,social,edge
2026-02-07 15:02:56,https://reddit.com/page99,reddit.com,social,chrome
2026-02-07 15:54:56,https://reddit.com/page83,reddit.com,social,edge
2026-02-07 15:56:45,https://instagram.com/page9,instagram.com,social,chrome
2026-02-07 15:58:43,https://hotstar.com/page44,hotstar.com,video,edge
2026-02-07 16:00:39,https://stackoverflow.com/page19,stackoverflow.com,learning,chrome
2026-02-07 16:01:26,https://youtube.com/page100,youtube.com,video,edge
2026-02-07 16:02:31,https://wikipedia.org/page59,wikipedia.org,other,chrome
2026-02-07 16:02:49,https://hotstar.com/page66,hotstar.com,video,edge
2026-02-07 16:04:02,https://medium.com/page76,medium.com,learning,chrome
2026-02-07 16:05:11,https://flipkart.com/page88,flipkart.com,shopping,edge
2026-02-07 16:06:18,https://coursera.org/page29,coursera.org,learning,edge
2026-02-07 16:07:12,https://youtube.com/page87,youtube.com,video,edge
2026-02-07 16:07:57,https://medium.com/page60,medium.com,learning,chrome
2026-02-07 16:08:56,https://github.com/page37,github.com,learning,chrome
2026-02-07 16:09:07,https://x.com/page36,x.com,social,chrome
2026-02-07 16:10:29,https://netflix.com/page52,netflix.com,video,chrome
2026-02-07 16:10:52,https://x.com/page51,x.com,social,chrome
2026-02-07 16:37:52,https://amazon.com/page49,amazon.com,shopping,chrome
2026-02-07 16:38:05,https://coursera.org/page82,coursera.org,learning,edge
2026-02-07 16:38:23,https://flipkart.com/page57,flipkart.com,shopping,edge
2026-02-07 16:38:47,https://netflix.com/page3,netflix.com,video,edge
2026-02-07 16:40:15,https://instagram.com/page63,instagram.com,social,chrome
2026-02-07 16:40:47,https://facebook.com/page72,facebook.com,social,edge
2026-02-07 16:41:31,https://youtube.com/page79,youtube.com,video,edge
2026-02-07 16:41:42,https://coursera.org/page51,coursera.org,learning,edge
2026-02-07 16:42:48,https://reddit.com/page21,reddit.com,social,edge
2026-02-07 16:44:09,https://amazon.com/page42,amazon.com,shopping,edge
2026-02-07 17:32:09,https://wikipedia.org/page29,wikipedia.org,other,edge
2026-02-07 17:34:03,https://netflix.com/page15,netflix.com,video,edge
2026-02-07 17:35:54,https://hotstar.com/page91,hotstar.com,video,chrome
2026-02-07 17:36:55,https://wikipedia.org/page61,wikipedia.org,other,edge
2026-02-07 17:38:26,https://kaggle.com/page54,kaggle.com,learning,edge
2026-02-07 17:39:46,https://x.com/page39,x.com,social,chrome
2026-02-07 17:41:16,https://netflix.com/page64,netflix.com,video,edge
2026-02-07 17:42:15,https://kaggle.com/page44,kaggle.com,learning,chrome
2026-02-07 17:43:41,https://x.com/page80,x.com,social,chrome
2026-02-07 17:45:25,https://github.com/page54,github.com,learning,chrome
2026-02-07 17:46:51,https://youtube.com/page93,youtube.com,video,chrome
2026-02-07 17:48:10,https://stackoverflow.com/page2,stackoverflow.com,learning,edge
2026-02-07 17:50:02,https://reddit.com/page5,reddit.com,social,edge
2026-02-07 17:50:31,https://wikipedia.org/page9,wikipedia.org,other,chrome
2026-02-07 17:52:03,https://x.com/page97,x.com,social,chrome
2026-02-07 18:19:03,https://instagram.com/page38,instagram.com,social,edge
2026-02-07 18:19:21,https://stackoverflow.com/page29,stackoverflow.com,learning,edge
2026-02-07 19:00:21,https://reddit.com/page88,reddit.com,social,chrome
2026-02-07 19:02:15,https://reddit.com/page36,reddit.com,social,edge
2026-02-07 19:02:42,https://amazon.com/page59,amazon.com,shopping,edge
2026-02-07 19:04:31,https://facebook.com/page5,facebook.com,social,edge
2026-02-07 19:06:24,https://wikipedia.org/page55,wikipedia.org,other,chrome
2026-02-07 19:07:39,https://facebook.com/page18,facebook.com,social,chrome
2026-02-07 19:08:50,https://coursera.org/page79,coursera.org,learning,chrome
2026-02-07 19:09:58,https://kaggle.com/page12,kaggle.com,learning,edge
2026-02-07 19:11:11,https://reddit.com/page56,reddit.com,social,chrome
2026-02-07 19:11:25,https://primevideo.com/page56,primevideo.com,video,chrome
2026-02-07 19:12:03,https://wikipedia.org/page34,wikipedia.org,other,chrome
2026-02-07 19:13:52,https://netflix.com/page2,netflix.com,video,chrome
2026-02-07 19:14:22,https://x.com/page18,x.com,social,chrome
2026-02-07 19:15:38,https://stackoverflow.com/page63,stackoverflow.com,learning,edge
2026-02-07 19:16:17,https://flipkart.com/page33,flipkart.com,shopping,chrome
2026-02-07 19:45:17,https://netflix.com/page2,netflix.com,video,edge
2026-02-07 19:46:02,https://hotstar.com/page8,hotstar.com,video,edge
2026-02-07 19:47:53,https://wikipedia.org/page66,wikipedia.org,other,edge
2026-02-07 19:49:53,https://medium.com/page38,medium.com,learning,edge
2026-02-07 19:50:32,https://youtube.com/page35,youtube.com,video,chrome
2026-02-07 19:51:01,https://reddit.com/page85,reddit.com,social,chrome
2026-02-07 19:51:54,https://youtube.com/page86,youtube.com,video,chrome
2026-02-07 19:52:43,https://stackoverflow.com/page16,stackoverflow.com,learning,edge
2026-02-07 19:54:16,https://facebook.com/page64,facebook.com,social,edge
2026-02-07 19:55:07,https://instagram.com/page50,instagram.com,social,chrome
2026-02-07 19:56:47,https://amazon.com/page2,amazon.com,shopping,edge
2026-02-07 19:56:59,https://facebook.com/page59,facebook.com,social,edge
2026-02-07 19:57:58,https://reddit.com/page87,reddit.com,social,edge
2026-02-07 19:58:41,https://kaggle.com/page72,kaggle.com,learning,edge
2026-02-07 20:00:11,https://amazon.com/page100,amazon.com,shopping,edge
2026-02-07 20:02:05,https://stackoverflow.com/page57,stackoverflow.com,learning,chrome
2026-02-07 20:04:01,https://youtube.com/page11,youtube.com,video,edge
2026-02-07 20:06:01,https://medium.com/page36,medium.com,learning,edge
2026-02-07 20:06:15,https://youtube.com/page58,youtube.com,video,edge
2026-02-07 20:06:27,https://flipkart.com/page23,flipkart.com,shopping,edge
2026-02-07 20:07:18,https://medium.com/page2,medium.com,learning,edge
2026-02-07 20:08:12,https://wikipedia.org/page35,wikipedia.org,other,edge
2026-02-07 20:08:53,https://kaggle.com/page29,kaggle.com,learning,edge
2026-02-07 20:09:18,https://flipkart.com/page35,flipkart.com,shopping,chrome
2026-02-07 20:29:18,https://flipkart.com/page93,flipkart.com,shopping,chrome
2026-02-07 20:30:25,https://youtube.com/page88,youtube.com,video,chrome
2026-02-07 20:31:14,https://netflix.com/page23,netflix.com,video,chrome
2026-02-07 20:32:20,https://flipkart.com/page86,flipkart.com,shopping,chrome
2026-02-07 20:33:28,https://wikipedia.org/page79,wikipedia.org,other,edge
2026-02-07 20:35:20,https://hotstar.com/page21,hotstar.com,video,chrome
2026-02-07 20:37:13,https://instagram.com/page42,instagram.com,social,chrome
2026-02-07 21:18:13,https://stackoverflow.com/page58,stackoverflow.com,learning,chrome
2026-02-07 21:19:25,https://x.com/page48,x.com,social,edge
2026-02-07 21:20:05,https://flipkart.com/page3,flipkart.com,shopping,edge
2026-02-07 21:21:04,https://youtube.com/page37,youtube.com,video,chrome
2026-02-07 21:22:04,https://amazon.com/page14,amazon.com,shopping,chrome
2026-02-07 21:23:18,https://reddit.com/page2,reddit.com,social,chrome
2026-02-07 21:24:46,https://amazon.com/page67,amazon.com,shopping,edge
2026-02-07 21:26:04,https://netflix.com/page20,netflix.com,video,edge
2026-02-07 21:27:17,https://youtube.com/page72,youtube.com,video,chrome
2026-02-07 21:29:07,https://primevideo.com/page93,primevideo.com,video,edge
2026-02-07 21:30:13,https://x.com/page16,x.com,social,edge
2026-02-07 21:30:37,https://netflix.com/page6,netflix.com,video,edge
2026-02-07 21:31:44,https://kaggle.com/page38,kaggle.com,learning,edge
2026-02-07 21:33:18,https://kaggle.com/page58,kaggle.com,learning,edge
2026-02-07 21:34:35,https://youtube.com/page30,youtube.com,video,edge
2026-02-07 21:35:34,https://coursera.org/page68,coursera.org,learning,edge
2026-02-07 21:37:10,https://netflix.com/page61,netflix.com,video,chrome
2026-02-07 21:38:32,https://flipkart.com/page28,flipkart.com,shopping,chrome
2026-02-07 21:40:29,https://primevideo.com/page70,primevideo.com,video,edge
2026-02-07 21:40:41,https://youtube.com/page51,youtube.com,video,chrome
2026-02-07 21:40:55,https://x.com/page26,x.com,social,chrome
2026-02-07 21:42:31,https://amazon.com/page92,amazon.com,shopping,chrome
2026-02-07 21:42:59,https://reddit.com/page77,reddit.com,social,edge
2026-02-07 21:44:07,https://coursera.org/page36,coursera.org,learning,edge
2026-02-07 21:45:11,https://coursera.org/page30,coursera.org,learning,edge
2026-02-07 21:45:22,https://youtube.com/page86,youtube.com,video,edge
2026-02-07 21:46:05,https://hotstar.com/page76,hotstar.com,video,edge
2026-02-07 21:47:47,https://x.com/page27,x.com,social,edge
2026-02-07 21:48:08,https://stackoverflow.com/page25,stackoverflow.com,learning,edge
2026-02-07 21:48:46,https://amazon.com/page75,amazon.com,shopping,edge
2026-02-07 21:48:56,https://coursera.org/page55,coursera.org,learning,edge
2026-02-07 21:50:04,https://wikipedia.org/page55,wikipedia.org,other,chrome
2026-02-07 21:51:20,https://kaggle.com/page61,kaggle.com,learning,chrome
2026-02-07 21:52:56,https://stackoverflow.com/page33,stackoverflow.com,learning,edge
2026-02-07 21:54:42,https://youtube.com/page39,youtube.com,video,edge
2026-02-07 21:55:37,https://primevideo.com/page63,primevideo.com,video,chrome
2026-02-07 21:57:05,https://hotstar.com/page58,hotstar.com,video,edge
2026-02-07 21:58:17,https://hotstar.com/page41,hotstar.com,video,chrome
2026-02-07 21:59:05,https://hotstar.com/page100,hotstar.com,video,chrome
2026-02-07 22:00:54,https://reddit.com/page54,reddit.com,social,edge
2026-02-07 22:02:46,https://facebook.com/page67,facebook.com,social,chrome
2026-02-07 22:04:35,https://flipkart.com/page15,flipkart.com,shopping,edge
2026-02-07 22:05:58,https://netflix.com/page25,netflix.com,video,chrome
2026-02-07 22:07:51,https://netflix.com/page97,netflix.com,video,edge
2026-02-07 22:09:25,https://wikipedia.org/page98,wikipedia.org,other,edge
2026-02-07 22:10:20,https://youtube.com/page23,youtube.com,video,edge
2026-02-07 22:12:16,https://flipkart.com/page43,flipkart.com,shopping,edge
2026-02-07 22:13:57,https://flipkart.com/page92,flipkart.com,shopping,chrome
2026-02-07 22:14:11,https://x.com/page82,x.com,social,chrome
2026-02-07 22:16:09,https://x.com/page55,x.com,social,chrome
2026-02-07 22:17:41,https://instagram.com/page25,instagram.com,social,edge
2026-02-07 22:19:20,https://x.com/page34,x.com,social,chrome
2026-02-07 22:21:20,https://amazon.com/page96,amazon.com,shopping,chrome
2026-02-07 22:22:23,https://coursera.org/page64,coursera.org,learning,edge
2026-02-07 22:24:09,https://hotstar.com/page27,hotstar.com,video,edge
2026-02-07 22:24:34,https://medium.com/page59,medium.com,learning,chrome
2026-02-07 22:25:56,https://github.com/page73,github.com,learning,chrome
2026-02-07 22:27:16,https://primevideo.com/page46,primevideo.com,video,chrome
2026-02-07 22:27:38,https://primevideo.com/page90,primevideo.com,video,chrome
2026-02-07 22:28:54,https://hotstar.com/page33,hotstar.com,video,chrome
2026-02-07 22:30:14,https://facebook.com/page20,facebook.com,social,chrome
2026-02-07 22:31:53,https://flipkart.com/page38,flipkart.com,shopping,edge
2026-02-07 22:32:21,https://x.com/page34,x.com,social,edge
2026-02-07 23:22:21,https://x.com/page79,x.com,social,chrome
2026-02-07 23:23:44,https://x.com/page2,x.com,social,chrome
2026-02-07 23:25:20,https://medium.com/page1,medium.com,learning,edge
2026-02-07 23:26:37,https://hotstar.com/page38,hotstar.com,video,edge
2026-02-07 23:28:24,https://facebook.com/page27,facebook.com,social,edge
2026-02-07 23:28:59,https://stackoverflow.com/page23,stackoverflow.com,learning,chrome
2026-02-07 23:30:19,https://facebook.com/page6,facebook.com,social,edge
2026-02-07 23:31:53,https://netflix.com/page61,netflix.com,video,chrome
2026-02-07 23:32:04,https://youtube.com/page91,youtube.com,video,chrome
2026-02-07 23:33:35,https://medium.com/page31,medium.com,learning,chrome
2026-02-07 23:34:30,https://reddit.com/page79,reddit.com,social,chrome
2026-02-07 23:35:59,https://flipkart.com/page35,flipkart.com,shopping,chrome
2026-02-07 23:37:55,https://flipkart.com/page76,flipkart.com,shopping,chrome
2026-02-07 23:39:32,https://netflix.com/page51,netflix.com,video,chrome
2026-02-07 23:39:52,https://hotstar.com/page44,hotstar.com,video,edge
2026-02-07 23:41:45,https://kaggle.com/page19,kaggle.com,learning,chrome
2026-02-07 23:43:26,https://github.com/page94,github.com,learning,chrome
2026-02-07 23:44:37,https://stackoverflow.com/page84,stackoverflow.com,learning,chrome
2026-02-07 23:45:55,https://netflix.com/page33,netflix.com,video,edge
2026-02-07 23:47:11,https://github.com/page42,github.com,learning,chrome
2026-02-07 23:48:14,https://github.com/page2,github.com,learning,chrome
2026-02-07 23:49:14,https://kaggle.com/page6,kaggle.com,learning,edge
2026-02-07 23:50:53,https://instagram.com/page45,instagram.com,social,chrome
2026-02-07 23:51:22,https://x.com/page89,x.com,social,chrome
2026-02-07 23:53:02,https://facebook.com/page87,facebook.com,social,edge
2026-02-07 23:54:33,https://primevideo.com/page60,primevideo.com,video,edge
2026-02-07 23:55:20,https://coursera.org/page31,coursera.org,learning,chrome
2026-02-07 23:57:17,https://coursera.org/page5,coursera.org,learning,edge
2026-02-07 23:58:30,https://instagram.com/page37,instagram.com,social,chrome
2026-02-07 23:59:06,https://hotstar.com/page77,hotstar.com,video,edge
2026-02-08 00:01:05,https://github.com/page96,github.com,learning,edge
2026-02-08 00:02:06,https://youtube.com/page57,youtube.com,video,edge
2026-02-08 00:03:19,https://amazon.com/page13,amazon.com,shopping,edge
2026-02-08 00:04:13,https://facebook.com/page6,facebook.com,social,edge
2026-02-08 00:04:49,https://coursera.org/page24,coursera.org,learning,edge
2026-02-08 00:05:00,https://hotstar.com/page7,hotstar.com,video,chrome
2026-02-08 00:06:13,https://netflix.com/page10,netflix.com,video,chrome
2026-02-08 00:06:47,https://github.com/page3,github.com,learning,chrome
2026-02-08 00:07:13,https://x.com/page68,x.com,social,chrome
2026-02-08 00:08:18,https://flipkart.com/page15,flipkart.com,shopping,chrome
2026-02-08 00:08:41,https://stackoverflow.com/page16,stackoverflow.com,learning,chrome
2026-02-08 00:10:12,https://amazon.com/page74,amazon.com,shopping,chrome
2026-02-08 00:10:24,https://x.com/page35,x.com,social,chrome
2026-02-08 00:10:51,https://kaggle.com/page95,kaggle.com,learning,edge
2026-02-08 00:12:13,https://coursera.org/page19,coursera.org,learning,edge
2026-02-08 00:13:08,https://stackoverflow.com/page77,stackoverflow.com,learning,edge
2026-02-08 00:14:33,https://wikipedia.org/page98,wikipedia.org,other,chrome
2026-02-08 00:15:16,https://reddit.com/page90,reddit.com,social,chrome
2026-02-08 00:15:28,https://facebook.com/page45,facebook.com,social,edge
2026-02-08 00:16:04,https://github.com/page41,github.com,learning,edge
2026-02-08 00:17:15,https://coursera.org/page40,coursera.org,learning,edge
2026-02-08 00:18:33,https://primevideo.com/page3,primevideo.com,video,edge
2026-02-08 00:19:09,https://stackoverflow.com/page94,stackoverflow.com,learning,chrome
2026-02-08 00:19:20,https://amazon.com/page63,amazon.com,shopping,edge
2026-02-08 00:20:38,https://flipkart.com/page40,flipkart.com,shopping,edge
2026-02-08 00:22:16,https://primevideo.com/page12,primevideo.com,video,chrome
2026-02-08 00:22:27,https://medium.com/page93,medium.com,learning,edge
2026-02-08 00:23:22,https://github.com/page52,github.com,learning,edge
2026-02-08 00:24:12,https://medium.com/page77,medium.com,learning,edge
2026-02-08 00:25:31,https://coursera.org/page40,coursera.org,learning,chrome
2026-02-08 00:26:04,https://facebook.com/page16,facebook.com,social,chrome
2026-02-08 00:27:20,https://amazon.com/page73,amazon.com,shopping,chrome
2026-02-08 00:28:17,https://medium.com/page54,medium.com,learning,chrome
2026-02-08 00:29:22,https://netflix.com/page94,netflix.com,video,chrome
2026-02-08 00:30:36,https://x.com/page28,x.com,social,edge
2026-02-08 00:31:27,https://kaggle.com/page9,kaggle.com,learning,chrome
2026-02-08 00:32:02,https://youtube.com/page12,youtube.com,video,edge
2026-02-08 00:33:16,https://x.com/page65,x.com,social,edge
2026-02-08 00:34:11,https://reddit.com/page8,reddit.com,social,chrome
2026-02-08 00:34:51,https://instagram.com/page3,instagram.com,social,edge
2026-02-08 00:35:08,https://youtube.com/page79,youtube.com,video,edge
2026-02-08 00:37:02,https://github.com/page96,github.com,learning,chrome
2026-02-08 00:37:51,https://x.com/page2,x.com,social,edge
2026-02-08 00:39:31,https://hotstar.com/page17,hotstar.com,video,chrome
2026-02-08 00:40:36,https://primevideo.com/page40,primevideo.com,video,chrome
2026-02-08 00:42:25,https://medium.com/page51,medium.com,learning,chrome
2026-02-08 00:44:15,https://facebook.com/page36,facebook.com,social,edge
2026-02-08 01:14:15,https://medium.com/page65,medium.com,learning,chrome
2026-02-08 01:15:43,https://amazon.com/page48,amazon.com,shopping,chrome
2026-02-08 01:15:56,https://youtube.com/page66,youtube.com,video,chrome
2026-02-08 01:17:51,https://primevideo.com/page58,primevideo.com,video,edge
2026-02-08 01:19:46,https://medium.com/page68,medium.com,learning,edge
2026-02-08 01:20:57,https://kaggle.com/page84,kaggle.com,learning,edge
2026-02-08 01:21:50,https://facebook.com/page7,facebook.com,social,chrome
2026-02-08 01:22:31,https://netflix.com/page89,netflix.com,video,chrome
2026-02-08 01:22:48,https://reddit.com/page16,reddit.com,social,edge
2026-02-08 01:24:18,https://reddit.com/page68,reddit.com,social,chrome
2026-02-08 01:26:11,https://youtube.com/page100,youtube.com,video,chrome
2026-02-08 01:27:01,https://amazon.com/page72,amazon.com,shopping,edge
2026-02-08 01:27:59,https://instagram.com/page35,instagram.com,social,edge
2026-02-08 01:29:38,https://amazon.com/page59,amazon.com,shopping,chrome
2026-02-08 01:29:49,https://kaggle.com/page27,kaggle.com,learning,edge
2026-02-08 01:31:00,https://wikipedia.org/page16,wikipedia.org,other,chrome
2026-02-08 01:32:05,https://instagram.com/page6,instagram.com,social,chrome
2026-02-08 01:32:25,https://coursera.org/page38,coursera.org,learning,edge
2026-02-08 01:33:07,https://instagram.com/page9,instagram.com,social,chrome
2026-02-08 01:33:34,https://primevideo.com/page73,primevideo.com,video,chrome
2026-02-08 01:34:07,https://x.com/page71,x.com,social,chrome
2026-02-08 01:35:40,https://kaggle.com/page81,kaggle.com,learning,edge
2026-02-08 02:16:40,https://reddit.com/page47,reddit.com,social,chrome
2026-02-08 02:17:26,https://youtube.com/page31,youtube.com,video,chrome
2026-02-08 02:19:20,https://medium.com/page3,medium.com,learning,chrome
2026-02-08 02:20:42,https://netflix.com/page72,netflix.com,video,chrome
2026-02-08 02:20:57,https://reddit.com/page23,reddit.com,social,edge
2026-02-08 02:21:12,https://hotstar.com/page66,hotstar.com,video,edge
2026-02-08 02:22:11,https://facebook.com/page63,facebook.com,social,edge
2026-02-08 02:22:27,https://hotstar.com/page44,hotstar.com,video,chrome
2026-02-08 02:24:14,https://facebook.com/page10,facebook.com,social,chrome
2026-02-08 02:25:33,https://github.com/page34,github.com,learning,chrome
2026-02-08 02:26:02,https://reddit.com/page78,reddit.com,social,chrome
2026-02-08 02:26:14,https://primevideo.com/page68,primevideo.com,video,chrome
2026-02-08 02:28:07,https://hotstar.com/page44,hotstar.com,video,chrome
2026-02-08 02:28:17,https://instagram.com/page63,instagram.com,social,chrome
2026-02-08 02:29:54,https://github.com/page40,github.com,learning,chrome
2026-02-08 02:31:27,https://primevideo.com/page4,primevideo.com,video,chrome
2026-02-08 02:32:55,https://coursera.org/page28,coursera.org,learning,chrome
2026-02-08 02:33:51,https://facebook.com/page42,facebook.com,social,chrome
2026-02-08 02:35:21,https://stackoverflow.com/page74,stackoverflow.com,learning,chrome
2026-02-08 02:37:06,https://amazon.com/page41,amazon.com,shopping,edge
2026-02-08 02:37:52,https://stackoverflow.com/page49,stackoverflow.com,learning,chrome
2026-02-08 02:38:08,https://wikipedia.org/page24,wikipedia.org,other,edge
2026-02-08 02:39:41,https://facebook.com/page5,facebook.com,social,edge
2026-02-08 02:40:37,https://coursera.org/page83,coursera.org,learning,chrome
2026-02-08 02:41:24,https://amazon.com/page62,amazon.com,shopping,chrome
2026-02-08 02:42:17,https://x.com/page91,x.com,social,edge
2026-02-08 02:43:38,https://reddit.com/page28,reddit.com,social,edge
2026-02-08 02:43:49,https://youtube.com/page58,youtube.com,video,edge
2026-02-08 02:45:35,https://instagram.com/page42,instagram.com,social,chrome
2026-02-08 02:46:36,https://reddit.com/page15,reddit.com,social,chrome
2026-02-08 03:43:36,https://wikipedia.org/page3,wikipedia.org,other,chrome
2026-02-08 03:43:58,https://primevideo.com/page99,primevideo.com,video,edge
2026-02-08 03:44:44,https://netflix.com/page7,netflix.com,video,edge
2026-02-08 03:45:54,https://github.com/page18,github.com,learning,edge
2026-02-08 03:47:08,https://coursera.org/page99,coursera.org,learning,edge
2026-02-08 03:47:40,https://netflix.com/page95,netflix.com,video,chrome
2026-02-08 03:49:22,https://instagram.com/page32,instagram.com,social,edge
2026-02-08 03:49:57,https://kaggle.com/page44,kaggle.com,learning,chrome
2026-02-08 03:50:28,https://x.com/page43,x.com,social,chrome
2026-02-08 03:52:19,https://x.com/page2,x.com,social,chrome
2026-02-08 03:52:40,https://facebook.com/page45,facebook.com,social,edge
2026-02-08 03:53:50,https://youtube.com/page31,youtube.com,video,edge
2026-02-08 03:55:42,https://x.com/page75,x.com,social,chrome
2026-02-08 03:56:30,https://flipkart.com/page87,flipkart.com,shopping,edge
2026-02-08 03:57:24,https://flipkart.com/page95,flipkart.com,shopping,edge
2026-02-08 03:58:09,https://hotstar.com/page44,hotstar.com,video,edge
2026-02-08 03:59:53,https://coursera.org/page87,coursera.org,learning,edge
2026-02-08 04:00:49,https://coursera.org/page86,coursera.org,learning,chrome
2026-02-08 04:01:12,https://youtube.com/page18,youtube.com,video,edge
2026-02-08 04:01:35,https://amazon.com/page71,amazon.com,shopping,chrome
2026-02-08 04:01:54,https://medium.com/page32,medium.com,learning,chrome
2026-02-08 04:02:23,https://youtube.com/page81,youtube.com,video,chrome
2026-02-08 04:03:56,https://primevideo.com/page86,primevideo.com,video,chrome
2026-02-08 04:05:22,https://amazon.com/page68,amazon.com,shopping,edge
2026-02-08 04:06:32,https://amazon.com/page61,amazon.com,shopping,chrome
2026-02-08 04:08:07,https://facebook.com/page46,facebook.com,social,edge
2026-02-08 04:44:07,https://youtube.com/page40,youtube.com,video,edge
2026-02-08 04:45:40,https://coursera.org/page19,coursera.org,learning,chrome
2026-02-08 04:46:32,https://netflix.com/page37,netflix.com,video,chrome
2026-02-08 04:47:12,https://amazon.com/page62,amazon.com,shopping,edge
2026-02-08 05:38:12,https://wikipedia.org/page59,wikipedia.org,other,edge
2026-02-08 05:38:25,https://wikipedia.org/page1,wikipedia.org,other,edge
2026-02-08 05:38:47,https://x.com/page37,x.com,social,edge
2026-02-08 05:40:42,https://hotstar.com/page25,hotstar.com,video,edge
2026-02-08 05:41:08,https://x.com/page11,x.com,social,edge
2026-02-08 05:42:36,https://netflix.com/page33,netflix.com,video,edge
2026-02-08 05:42:48,https://amazon.com/page99,amazon.com,shopping,chrome
2026-02-08 05:43:15,https://reddit.com/page98,reddit.com,social,edge
2026-02-08 05:44:30,https://flipkart.com/page55,flipkart.com,shopping,chrome
2026-02-08 05:46:11,https://x.com/page64,x.com,social,edge
2026-02-08 06:44:11,https://hotstar.com/page74,hotstar.com,video,edge
2026-02-08 06:46:07,https://kaggle.com/page58,kaggle.com,learning,edge
2026-02-08 06:47:59,https://netflix.com/page100,netflix.com,video,chrome
2026-02-08 06:48:37,https://flipkart.com/page41,flipkart.com,shopping,edge
2026-02-08 06:49:04,https://hotstar.com/page76,hotstar.com,video,edge
2026-02-08 06:49:44,https://kaggle.com/page68,kaggle.com,learning,chrome
2026-02-08 06:51:41,https://coursera.org/page20,coursera.org,learning,edge
2026-02-08 06:53:07,https://github.com/page55,github.com,learning,chrome
2026-02-08 06:54:57,https://stackoverflow.com/page62,stackoverflow.com,learning,edge
2026-02-08 06:56:21,https://netflix.com/page99,netflix.com,video,chrome
2026-02-08 06:58:03,https://x.com/page87,x.com,social,chrome
2026-02-08 06:58:43,https://instagram.com/page84,instagram.com,social,chrome
2026-02-08 06:59:51,https://flipkart.com/page22,flipkart.com,shopping,edge
2026-02-08 07:00:21,https://flipkart.com/page72,flipkart.com,shopping,edge
2026-02-08 07:01:35,https://facebook.com/page12,facebook.com,social,chrome
2026-02-08 07:03:18,https://kaggle.com/page96,kaggle.com,learning,chrome
2026-02-08 07:04:43,https://netflix.com/page38,netflix.com,video,edge
2026-02-08 07:05:47,https://coursera.org/page28,coursera.org,learning,edge
2026-02-08 07:07:39,https://reddit.com/page59,reddit.com,social,edge
2026-02-08 07:07:50,https://youtube.com/page21,youtube.com,video,chrome
2026-02-08 07:08:03,https://flipkart.com/page85,flipkart.com,shopping,edge
2026-02-08 07:09:24,https://instagram.com/page71,instagram.com,social,chrome
2026-02-08 07:10:39,https://youtube.com/page7,youtube.com,video,chrome
2026-02-08 07:10:52,https://flipkart.com/page77,flipkart.com,shopping,edge
2026-02-08 07:12:00,https://wikipedia.org/page97,wikipedia.org,other,edge
2026-02-08 07:12:12,https://primevideo.com/page20,primevideo.com,video,chrome
2026-02-08 07:14:12,https://youtube.com/page48,youtube.com,video,chrome
2026-02-08 07:15:46,https://amazon.com/page11,amazon.com,shopping,edge
2026-02-08 07:16:54,https://flipkart.com/page64,flipkart.com,shopping,edge
2026-02-08 07:18:26,https://instagram.com/page17,instagram.com,social,chrome
2026-02-08 07:19:47,https://primevideo.com/page53,primevideo.com,video,edge
2026-02-08 07:20:43,https://medium.com/page6,medium.com,learning,chrome
2026-02-08 08:19:43,https://github.com/page28,github.com,learning,chrome
2026-02-08 08:21:24,https://stackoverflow.com/page38,stackoverflow.com,learning,edge
2026-02-08 08:22:48,https://medium.com/page59,medium.com,learning,edge
2026-02-08 08:23:57,https://github.com/page88,github.com,learning,chrome
2026-02-08 08:25:32,https://flipkart.com/page24,flipkart.com,shopping,edge
2026-02-08 08:26:45,https://x.com/page57,x.com,social,edge
2026-02-08 08:28:11,https://kaggle.com/page11,kaggle.com,learning,chrome
2026-02-08 08:30:04,https://flipkart.com/page60,flipkart.com,shopping,chrome
2026-02-08 08:31:33,https://instagram.com/page62,instagram.com,social,edge
2026-02-08 09:28:33,https://facebook.com/page29,facebook.com,social,chrome
2026-02-08 09:29:18,https://netflix.com/page19,netflix.com,video,chrome
2026-02-08 09:29:46,https://kaggle.com/page28,kaggle.com,learning,chrome
2026-02-08 09:30:43,https://hotstar.com/page98,hotstar.com,video,chrome
2026-02-08 09:32:05,https://github.com/page61,github.com,learning,edge
2026-02-08 09:33:23,https://coursera.org/page95,coursera.org,learning,edge
2026-02-08 09:33:41,https://primevideo.com/page95,primevideo.com,video,edge
2026-02-08 09:34:48,https://facebook.com/page100,facebook.com,social,edge
2026-02-08 09:36:00,https://netflix.com/page14,netflix.com,video,edge
2026-02-08 09:37:46,https://x.com/page71,x.com,social,chrome
2026-02-08 09:39:18,https://instagram.com/page1,instagram.com,social,chrome
2026-02-08 09:40:23,https://github.com/page52,github.com,learning,edge
2026-02-08 09:41:35,https://hotstar.com/page57,hotstar.com,video,chrome
2026-02-08 09:42:12,https://reddit.com/page56,reddit.com,social,chrome
2026-02-08 09:43:17,https://hotstar.com/page99,hotstar.com,video,edge
2026-02-08 09:44:31,https://amazon.com/page56,amazon.com,shopping,chrome
2026-02-08 09:44:41,https://kaggle.com/page27,kaggle.com,learning,chrome
2026-02-08 09:46:21,https://amazon.com/page22,amazon.com,shopping,chrome
2026-02-08 09:47:54,https://hotstar.com/page79,hotstar.com,video,chrome
2026-02-08 09:49:33,https://kaggle.com/page97,kaggle.com,learning,chrome
2026-02-08 09:50:59,https://netflix.com/page98,netflix.com,video,chrome
2026-02-08 09:52:59,https://coursera.org/page28,coursera.org,learning,chrome
2026-02-08 09:53:26,https://coursera.org/page71,coursera.org,learning,edge
2026-02-08 09:54:53,https://flipkart.com/page71,flipkart.com,shopping,edge
2026-02-08 09:55:16,https://flipkart.com/page9,flipkart.com,shopping,edge
2026-02-08 09:55:32,https://amazon.com/page8,amazon.com,shopping,edge
2026-02-08 09:56:49,https://flipkart.com/page60,flipkart.com,shopping,chrome
2026-02-08 09:58:15,https://wikipedia.org/page45,wikipedia.org,other,chrome
2026-02-08 09:59:40,https://x.com/page19,x.com,social,edge
2026-02-08 10:00:29,https://stackoverflow.com/page18,stackoverflow.com,learning,chrome
2026-02-08 10:00:47,https://github.com/page92,github.com,learning,edge
2026-02-08 10:01:16,https://primevideo.com/page30,primevideo.com,video,chrome
2026-02-08 10:02:30,https://reddit.com/page68,reddit.com,social,edge
2026-02-08 10:03:13,https://x.com/page22,x.com,social,edge
2026-02-08 10:04:20,https://youtube.com/page79,youtube.com,video,chrome
2026-02-08 10:04:42,https://instagram.com/page98,instagram.com,social,edge
2026-02-08 10:06:15,https://netflix.com/page40,netflix.com,video,edge
2026-02-08 10:06:35,https://youtube.com/page61,youtube.com,video,chrome
2026-02-08 10:06:58,https://amazon.com/page12,amazon.com,shopping,edge
2026-02-08 10:07:24,https://coursera.org/page38,coursera.org,learning,edge
2026-02-08 10:08:43,https://flipkart.com/page12,flipkart.com,shopping,edge
2026-02-08 10:10:08,https://github.com/page54,github.com,learning,edge
2026-02-08 10:11:24,https://flipkart.com/page45,flipkart.com,shopping,edge
2026-02-08 10:12:11,https://wikipedia.org/page15,wikipedia.org,other,edge
2026-02-08 10:12:37,https://flipkart.com/page3,flipkart.com,shopping,chrome
2026-02-08 10:14:06,https://kaggle.com/page62,kaggle.com,learning,chrome
2026-02-08 10:14:24,https://wikipedia.org/page67,wikipedia.org,other,chrome
2026-02-08 10:15:49,https://coursera.org/page68,coursera.org,learning,edge
2026-02-08 10:46:49,https://flipkart.com/page73,flipkart.com,shopping,edge
2026-02-08 10:48:13,https://wikipedia.org/page29,wikipedia.org,other,edge
2026-02-08 10:49:08,https://reddit.com/page2,reddit.com,social,edge
2026-02-08 10:50:18,https://wikipedia.org/page33,wikipedia.org,other,chrome
2026-02-08 10:51:31,https://x.com/page64,x.com,social,chrome
2026-02-08 10:53:10,https://medium.com/page18,medium.com,learning,edge
2026-02-08 10:54:58,https://youtube.com/page88,youtube.com,video,edge
2026-02-08 10:56:17,https://youtube.com/page99,youtube.com,video,chrome
2026-02-08 10:56:35,https://kaggle.com/page97,kaggle.com,learning,edge
2026-02-08 10:58:09,https://github.com/page45,github.com,learning,chrome
2026-02-08 11:39:09,https://coursera.org/page3,coursera.org,learning,edge
2026-02-08 11:40:55,https://netflix.com/page21,netflix.com,video,chrome
2026-02-08 11:42:18,https://github.com/page50,github.com,learning,edge
2026-02-08 11:42:38,https://amazon.com/page50,amazon.com,shopping,edge
2026-02-08 11:44:33,https://hotstar.com/page98,hotstar.com,video,edge
2026-02-08 11:46:05,https://primevideo.com/page96,primevideo.com,video,chrome
2026-02-08 11:46:16,https://github.com/page21,github.com,learning,chrome
2026-02-08 11:46:47,https://reddit.com/page39,reddit.com,social,edge
2026-02-08 11:47:06,https://youtube.com/page29,youtube.com,video,chrome
2026-02-08 11:47:51,https://wikipedia.org/page63,wikipedia.org,other,chrome
2026-02-08 11:49:11,https://youtube.com/page8,youtube.com,video,chrome
2026-02-08 11:49:57,https://reddit.com/page17,reddit.com,social,chrome
2026-02-08 11:50:41,https://github.com/page67,github.com,learning,edge
2026-02-08 11:51:04,https://wikipedia.org/page88,wikipedia.org,other,chrome
2026-02-08 11:51:56,https://coursera.org/page7,coursera.org,learning,chrome
2026-02-08 11:53:50,https://youtube.com/page31,youtube.com,video,chrome
2026-02-08 11:55:26,https://netflix.com/page63,netflix.com,video,chrome
2026-02-08 11:56:59,https://wikipedia.org/page72,wikipedia.org,other,edge
2026-02-08 11:58:58,https://amazon.com/page42,amazon.com,shopping,edge
2026-02-08 12:00:16,https://instagram.com/page43,instagram.com,social,chrome
2026-02-08 12:01:09,https://coursera.org/page100,coursera.org,learning,chrome
2026-02-08 12:02:31,https://coursera.org/page40,coursera.org,learning,chrome
2026-02-08 12:03:01,https://facebook.com/page49,facebook.com,social,edge
2026-02-08 12:04:03,https://wikipedia.org/page75,wikipedia.org,other,edge
2026-02-08 12:06:02,https://stackoverflow.com/page26,stackoverflow.com,learning,chrome
2026-02-08 12:07:41,https://primevideo.com/page85,primevideo.com,video,chrome
2026-02-08 12:09:27,https://hotstar.com/page48,hotstar.com,video,chrome
2026-02-08 12:10:31,https://netflix.com/page63,netflix.com,video,edge
2026-02-08 12:12:23,https://amazon.com/page77,amazon.com,shopping,edge
2026-02-08 12:13:16,https://primevideo.com/page52,primevideo.com,video,edge
2026-02-08 12:14:00,https://x.com/page99,x.com,social,chrome
2026-02-08 12:15:04,https://kaggle.com/page95,kaggle.com,learning,edge
2026-02-08 12:15:46,https://kaggle.com/page92,kaggle.com,learning,edge
2026-02-08 12:16:56,https://flipkart.com/page98,flipkart.com,shopping,edge
2026-02-08 12:18:12,https://kaggle.com/page73,kaggle.com,learning,edge
2026-02-08 12:19:19,https://wikipedia.org/page2,wikipedia.org,other,chrome
2026-02-08 12:21:16,https://facebook.com/page52,facebook.com,social,chrome
2026-02-08 12:21:57,https://instagram.com/page7,instagram.com,social,chrome
2026-02-08 12:22:17,https://x.com/page26,x.com,social,chrome
2026-02-08 12:24:00,https://x.com/page63,x.com,social,chrome
2026-02-08 12:24:22,https://github.com/page33,github.com,learning,chrome
2026-02-08 12:25:48,https://netflix.com/page72,netflix.com,video,edge
2026-02-08 12:26:20,https://amazon.com/page76,amazon.com,shopping,edge
2026-02-08 12:27:15,https://amazon.com/page5,amazon.com,shopping,chrome
2026-02-08 12:56:15,https://hotstar.com/page35,hotstar.com,video,edge
2026-02-08 12:57:36,https://flipkart.com/page84,flipkart.com,shopping,chrome
2026-02-08 12:58:25,https://instagram.com/page58,instagram.com,social,chrome
2026-02-08 12:59:48,https://flipkart.com/page31,flipkart.com,shopping,chrome
2026-02-08 13:01:11,https://x.com/page6,x.com,social,chrome
2026-02-08 13:02:58,https://wikipedia.org/page7,wikipedia.org,other,chrome
2026-02-08 13:03:24,https://amazon.com/page51,amazon.com,shopping,chrome
2026-02-08 13:04:49,https://x.com/page42,x.com,social,edge
2026-02-08 13:06:34,https://facebook.com/page64,facebook.com,social,chrome
2026-02-08 13:08:22,https://facebook.com/page24,facebook.com,social,edge
2026-02-08 13:09:18,https://wikipedia.org/page59,wikipedia.org,other,chrome
2026-02-08 13:10:37,https://x.com/page23,x.com,social,edge
2026-02-08 13:41:37,https://amazon.com/page77,amazon.com,shopping,chrome
2026-02-08 13:42:10,https://medium.com/page51,medium.com,learning,chrome
2026-02-08 13:42:52,https://amazon.com/page1,amazon.com,shopping,edge
2026-02-08 13:44:12,https://netflix.com/page14,netflix.com,video,edge
2026-02-08 13:44:53,https://wikipedia.org/page36,wikipedia.org,other,chrome
2026-02-08 13:46:43,https://medium.com/page8,medium.com,learning,edge
2026-02-08 13:48:17,https://primevideo.com/page83,primevideo.com,video,chrome
2026-02-08 13:49:15,https://youtube.com/page8,youtube.com,video,chrome
2026-02-08 13:50:29,https://primevideo.com/page28,primevideo.com,video,edge
2026-02-08 13:51:49,https://github.com/page68,github.com,learning,edge
2026-02-08 13:53:49,https://stackoverflow.com/page1,stackoverflow.com,learning,chrome
2026-02-08 13:54:57,https://netflix.com/page75,netflix.com,video,edge
2026-02-08 13:55:45,https://flipkart.com/page35,flipkart.com,shopping,chrome
2026-02-08 13:57:18,https://github.com/page13,github.com,learning,chrome
2026-02-08 13:58:43,https://wikipedia.org/page58,wikipedia.org,other,edge
2026-02-08 13:59:57,https://wikipedia.org/page3,wikipedia.org,other,edge
2026-02-08 14:00:07,https://stackoverflow.com/page41,stackoverflow.com,learning,chrome
2026-02-08 14:00:23,https://primevideo.com/page97,primevideo.com,video,edge
2026-02-08 14:01:35,https://youtube.com/page27,youtube.com,video,edge
2026-02-08 14:03:15,https://x.com/page59,x.com,social,chrome
2026-02-08 14:04:20,https://hotstar.com/page67,hotstar.com,video,chrome
2026-02-08 14:06:13,https://github.com/page16,github.com,learning,edge
2026-02-08 14:07:27,https://kaggle.com/page29,kaggle.com,learning,chrome
2026-02-08 14:09:11,https://primevideo.com/page71,primevideo.com,video,chrome
2026-02-08 14:09:42,https://medium.com/page68,medium.com,learning,chrome
2026-02-08 14:10:04,https://youtube.com/page81,youtube.com,video,chrome
2026-02-08 14:12:00,https://wikipedia.org/page64,wikipedia.org,other,chrome
2026-02-08 14:12:51,https://primevideo.com/page41,primevideo.com,video,chrome
2026-02-08 14:13:09,https://amazon.com/page20,amazon.com,shopping,chrome
2026-02-08 14:14:47,https://medium.com/page13,medium.com,learning,chrome
2026-02-08 14:15:50,https://facebook.com/page88,facebook.com,social,edge
2026-02-08 14:16:56,https://amazon.com/page33,amazon.com,shopping,chrome
2026-02-08 14:18:51,https://github.com/page82,github.com,learning,edge
2026-02-08 14:19:56,https://kaggle.com/page45,kaggle.com,learning,edge
2026-02-08 14:20:14,https://facebook.com/page26,facebook.com,social,chrome
2026-02-08 14:21:12,https://medium.com/page39,medium.com,learning,chrome
2026-02-08 14:22:09,https://stackoverflow.com/page19,stackoverflow.com,learning,edge
2026-02-08 14:23:56,https://youtube.com/page28,youtube.com,video,chrome
2026-02-08 15:03:56,https://wikipedia.org/page46,wikipedia.org,other,chrome
2026-02-08 15:04:43,https://coursera.org/page10,coursera.org,learning,edge
2026-02-08 15:05:07,https://github.com/page20,github.com,learning,chrome
2026-02-08 15:06:11,https://facebook.com/page83,facebook.com,social,chrome
2026-02-08 16:06:11,https://facebook.com/page80,facebook.com,social,chrome
2026-02-08 16:06:54,https://x.com/page11,x.com,social,edge
2026-02-08 16:07:46,https://instagram.com/page8,instagram.com,social,edge
2026-02-08 16:08:07,https://coursera.org/page22,coursera.org,learning,chrome
2026-02-08 16:09:41,https://amazon.com/page35,amazon.com,shopping,chrome
2026-02-08 16:10:17,https://hotstar.com/page35,hotstar.com,video,chrome
2026-02-08 16:59:17,https://medium.com/page34,medium.com,learning,edge
2026-02-08 17:01:08,https://coursera.org/page56,coursera.org,learning,edge
2026-02-08 17:02:33,https://wikipedia.org/page4,wikipedia.org,other,edge
2026-02-08 17:03:12,https://kaggle.com/page67,kaggle.com,learning,edge
2026-02-08 17:04:17,https://medium.com/page72,medium.com,learning,chrome
2026-02-08 17:05:27,https://stackoverflow.com/page35,stackoverflow.com,learning,edge
2026-02-08 17:05:55,https://kaggle.com/page55,kaggle.com,learning,edge
2026-02-08 17:07:52,https://github.com/page39,github.com,learning,chrome
2026-02-08 17:08:23,https://netflix.com/page8,netflix.com,video,chrome
2026-02-08 17:10:21,https://flipkart.com/page5,flipkart.com,shopping,edge
2026-02-08 17:10:33,https://medium.com/page66,medium.com,learning,edge
2026-02-08 17:11:40,https://github.com/page70,github.com,learning,chrome
2026-02-08 17:12:17,https://medium.com/page67,medium.com,learning,chrome
2026-02-08 17:13:19,https://wikipedia.org/page83,wikipedia.org,other,chrome
2026-02-08 17:14:15,https://facebook.com/page99,facebook.com,social,edge
2026-02-08 17:16:11,https://netflix.com/page28,netflix.com,video,chrome
2026-02-08 17:18:09,https://coursera.org/page88,coursera.org,learning,chrome
2026-02-08 17:19:56,https://medium.com/page77,medium.com,learning,edge
2026-02-08 17:20:36,https://medium.com/page48,medium.com,learning,chrome
2026-02-08 17:21:36,https://hotstar.com/page86,hotstar.com,video,edge
2026-02-08 17:22:23,https://x.com/page36,x.com,social,edge
2026-02-08 17:22:40,https://youtube.com/page80,youtube.com,video,chrome
2026-02-08 17:23:48,https://coursera.org/page36,coursera.org,learning,edge
2026-02-08 17:24:42,https://primevideo.com/page35,primevideo.com,video,edge
2026-02-08 17:26:41,https://x.com/page48,x.com,social,chrome
2026-02-08 17:28:23,https://coursera.org/page63,coursera.org,learning,chrome
2026-02-08 17:30:23,https://stackoverflow.com/page28,stackoverflow.com,learning,chrome
2026-02-08 17:30:57,https://amazon.com/page31,amazon.com,shopping,chrome
2026-02-08 17:32:16,https://stackoverflow.com/page88,stackoverflow.com,learning,edge
2026-02-08 17:33:27,https://x.com/page32,x.com,social,edge
2026-02-08 17:35:04,https://flipkart.com/page95,flipkart.com,shopping,edge
2026-02-08 17:35:51,https://hotstar.com/page31,hotstar.com,video,chrome
2026-02-08 17:37:20,https://instagram.com/page46,instagram.com,social,edge
2026-02-08 17:37:49,https://hotstar.com/page87,hotstar.com,video,edge
2026-02-08 17:39:46,https://flipkart.com/page12,flipkart.com,shopping,edge
2026-02-08 17:40:48,https://youtube.com/page98,youtube.com,video,chrome
2026-02-08 17:41:35,https://facebook.com/page89,facebook.com,social,chrome
2026-02-08 17:43:25,https://x.com/page96,x.com,social,chrome
2026-02-08 17:44:18,https://x.com/page74,x.com,social,chrome
2026-02-08 17:44:43,https://facebook.com/page54,facebook.com,social,chrome
2026-02-08 17:46:10,https://medium.com/page100,medium.com,learning,chrome
2026-02-08 17:47:28,https://hotstar.com/page11,hotstar.com,video,chrome
2026-02-08 17:49:09,https://stackoverflow.com/page21,stackoverflow.com,learning,edge
2026-02-08 17:50:45,https://netflix.com/page88,netflix.com,video,edge
2026-02-08 17:52:44,https://stackoverflow.com/page68,stackoverflow.com,learning,chrome
2026-02-08 17:54:38,https://wikipedia.org/page27,wikipedia.org,other,edge
2026-02-08 17:56:32,https://wikipedia.org/page78,wikipedia.org,other,edge
2026-02-08 17:56:45,https://facebook.com/page9,facebook.com,social,chrome
2026-02-08 17:57:11,https://coursera.org/page19,coursera.org,learning,chrome
2026-02-08 17:57:39,https://amazon.com/page49,amazon.com,shopping,edge
2026-02-08 17:59:05,https://amazon.com/page88,amazon.com,shopping,chrome
2026-02-08 17:59:21,https://stackoverflow.com/page12,stackoverflow.com,learning,edge
2026-02-08 17:59:37,https://wikipedia.org/page12,wikipedia.org,other,chrome
2026-02-08 18:01:36,https://youtube.com/page73,youtube.com,video,chrome
2026-02-08 18:02:40,https://instagram.com/page67,instagram.com,social,chrome
2026-02-08 18:03:04,https://stackoverflow.com/page86,stackoverflow.com,learning,chrome
2026-02-08 18:04:44,https://kaggle.com/page50,kaggle.com,learning,edge
2026-02-08 18:05:47,https://github.com/page22,github.com,learning,chrome
2026-02-08 18:07:15,https://instagram.com/page19,instagram.com,social,chrome
2026-02-08 18:08:51,https://hotstar.com/page36,hotstar.com,video,edge
2026-02-08 18:09:39,https://wikipedia.org/page42,wikipedia.org,other,chrome
2026-02-08 18:10:53,https://coursera.org/page34,coursera.org,learning,edge
2026-02-08 18:12:00,https://youtube.com/page3,youtube.com,video,edge
2026-02-08 18:13:50,https://kaggle.com/page95,kaggle.com,learning,edge
2026-02-08 18:15:01,https://youtube.com/page71,youtube.com,video,edge
2026-02-08 18:16:21,https://kaggle.com/page26,kaggle.com,learning,chrome
2026-02-08 18:36:21,https://flipkart.com/page41,flipkart.com,shopping,chrome
2026-02-08 18:37:01,https://netflix.com/page56,netflix.com,video,chrome
2026-02-08 18:37:35,https://amazon.com/page28,amazon.com,shopping,edge
2026-02-08 18:39:35,https://reddit.com/page27,reddit.com,social,edge
2026-02-08 18:41:01,https://netflix.com/page97,netflix.com,video,chrome
2026-02-08 18:42:28,https://x.com/page42,x.com,social,edge
2026-02-08 18:43:52,https://reddit.com/page80,reddit.com,social,edge
2026-02-08 18:45:32,https://amazon.com/page44,amazon.com,shopping,edge
2026-02-08 18:46:18,https://kaggle.com/page69,kaggle.com,learning,chrome
2026-02-08 18:47:30,https://x.com/page99,x.com,social,chrome
2026-02-08 19:45:30,https://wikipedia.org/page39,wikipedia.org,other,edge
2026-02-08 20:15:30,https://primevideo.com/page44,primevideo.com,video,edge
2026-02-08 20:16:03,https://x.com/page8,x.com,social,chrome
2026-02-08 20:17:35,https://coursera.org/page64,coursera.org,learning,chrome
2026-02-08 20:18:42,https://flipkart.com/page54,flipkart.com,shopping,edge
2026-02-08 20:19:17,https://hotstar.com/page60,hotstar.com,video,chrome
2026-02-08 20:20:12,https://flipkart.com/page55,flipkart.com,shopping,edge
2026-02-08 20:21:53,https://youtube.com/page50,youtube.com,video,chrome
2026-02-08 20:22:35,https://youtube.com/page90,youtube.com,video,chrome
2026-02-08 20:24:26,https://hotstar.com/page8,hotstar.com,video,edge
2026-02-08 20:26:06,https://primevideo.com/page45,primevideo.com,video,chrome
2026-02-08 20:27:28,https://netflix.com/page31,netflix.com,video,chrome
2026-02-08 20:28:16,https://kaggle.com/page97,kaggle.com,learning,edge
2026-02-08 20:29:08,https://coursera.org/page13,coursera.org,learning,edge
2026-02-08 20:29:56,https://kaggle.com/page28,kaggle.com,learning,edge
2026-02-08 20:30:38,https://facebook.com/page83,facebook.com,social,chrome
2026-02-08 20:31:34,https://flipkart.com/page95,flipkart.com,shopping,edge
2026-02-08 20:32:08,https://instagram.com/page13,instagram.com,social,edge
2026-02-08 20:32:29,https://primevideo.com/page72,primevideo.com,video,edge
2026-02-08 20:33:25,https://hotstar.com/page89,hotstar.com,video,chrome
2026-02-08 21:29:25,https://medium.com/page11,medium.com,learning,edge
2026-02-08 21:31:07,https://github.com/page45,github.com,learning,edge
2026-02-08 21:31:54,https://flipkart.com/page66,flipkart.com,shopping,edge
2026-02-08 21:32:17,https://hotstar.com/page92,hotstar.com,video,edge
2026-02-08 22:11:17,https://coursera.org/page99,coursera.org,learning,edge
2026-02-08 22:12:31,https://github.com/page89,github.com,learning,edge
2026-02-08 22:12:43,https://youtube.com/page84,youtube.com,video,edge
2026-02-08 22:12:54,https://primevideo.com/page12,primevideo.com,video,chrome
2026-02-08 22:13:13,https://flipkart.com/page99,flipkart.com,shopping,chrome
2026-02-08 22:14:03,https://hotstar.com/page46,hotstar.com,video,chrome
2026-02-08 22:15:38,https://flipkart.com/page74,flipkart.com,shopping,edge
2026-02-08 22:15:59,https://youtube.com/page12,youtube.com,video,edge
2026-02-08 22:17:04,https://reddit.com/page27,reddit.com,social,edge
2026-02-08 22:17:45,https://hotstar.com/page7,hotstar.com,video,edge
2026-02-08 22:19:29,https://coursera.org/page33,coursera.org,learning,chrome
2026-02-08 22:19:53,https://kaggle.com/page44,kaggle.com,learning,chrome
2026-02-08 22:20:30,https://primevideo.com/page30,primevideo.com,video,chrome
2026-02-08 22:21:33,https://amazon.com/page50,amazon.com,shopping,edge
2026-02-08 22:21:55,https://kaggle.com/page99,kaggle.com,learning,edge
2026-02-08 22:22:47,https://hotstar.com/page93,hotstar.com,video,edge
2026-02-08 22:24:32,https://stackoverflow.com/page64,stackoverflow.com,learning,chrome
2026-02-08 22:25:54,https://kaggle.com/page44,kaggle.com,learning,edge
2026-02-08 22:27:31,https://flipkart.com/page90,flipkart.com,shopping,chrome
2026-02-08 22:29:16,https://reddit.com/page66,reddit.com,social,chrome
2026-02-08 22:30:01,https://amazon.com/page81,amazon.com,shopping,edge
2026-02-08 22:31:53,https://hotstar.com/page93,hotstar.com,video,edge
2026-02-08 22:32:05,https://stackoverflow.com/page26,stackoverflow.com,learning,chrome
2026-02-08 22:32:55,https://instagram.com/page95,instagram.com,social,edge
2026-02-08 22:33:32,https://primevideo.com/page18,primevideo.com,video,chrome
2026-02-08 22:34:09,https://primevideo.com/page43,primevideo.com,video,chrome
2026-02-08 22:36:06,https://netflix.com/page1,netflix.com,video,chrome
2026-02-08 22:37:04,https://youtube.com/page46,youtube.com,video,edge
2026-02-08 22:39:03,https://stackoverflow.com/page72,stackoverflow.com,learning,edge
2026-02-08 22:40:19,https://coursera.org/page64,coursera.org,learning,chrome
2026-02-08 22:40:48,https://github.com/page57,github.com,learning,edge
2026-02-08 22:42:19,https://netflix.com/page23,netflix.com,video,chrome
2026-02-08 22:43:28,https://youtube.com/page2,youtube.com,video,chrome
2026-02-08 22:45:26,https://kaggle.com/page36,kaggle.com,learning,edge
2026-02-08 22:46:55,https://wikipedia.org/page45,wikipedia.org,other,chrome
2026-02-08 22:48:34,https://netflix.com/page26,netflix.com,video,chrome
2026-02-08 22:50:25,https://flipkart.com/page69,flipkart.com,shopping,edge
2026-02-08 22:52:09,https://github.com/page26,github.com,learning,edge
2026-02-08 22:53:35,https://coursera.org/page57,coursera.org,learning,chrome
2026-02-08 22:55:27,https://kaggle.com/page68,kaggle.com,learning,chrome
2026-02-08 22:56:48,https://netflix.com/page95,netflix.com,video,edge
2026-02-08 22:57:16,https://kaggle.com/page4,kaggle.com,learning,edge
2026-02-08 22:58:43,https://netflix.com/page62,netflix.com,video,edge
2026-02-08 23:00:01,https://medium.com/page52,medium.com,learning,chrome
2026-02-08 23:00:52,https://hotstar.com/page92,hotstar.com,video,chrome
2026-02-08 23:01:42,https://kaggle.com/page33,kaggle.com,learning,chrome
2026-02-08 23:02:10,https://x.com/page80,x.com,social,chrome
2026-02-08 23:04:04,https://x.com/page70,x.com,social,edge
2026-02-08 23:04:58,https://reddit.com/page98,reddit.com,social,edge
2026-02-08 23:05:09,https://coursera.org/page86,coursera.org,learning,edge
2026-02-08 23:05:25,https://hotstar.com/page73,hotstar.com,video,edge
2026-02-08 23:07:08,https://kaggle.com/page20,kaggle.com,learning,chrome
2026-02-08 23:07:38,https://amazon.com/page68,amazon.com,shopping,chrome
2026-02-08 23:08:50,https://stackoverflow.com/page37,stackoverflow.com,learning,edge
2026-02-08 23:09:34,https://hotstar.com/page86,hotstar.com,video,edge
2026-02-08 23:11:31,https://wikipedia.org/page30,wikipedia.org,other,edge
2026-02-08 23:12:18,https://coursera.org/page17,coursera.org,learning,chrome
2026-02-08 23:12:47,https://primevideo.com/page38,primevideo.com,video,edge
2026-02-08 23:13:43,https://reddit.com/page72,reddit.com,social,edge
2026-02-08 23:15:33,https://amazon.com/page89,amazon.com,shopping,chrome
2026-02-08 23:17:08,https://wikipedia.org/page83,wikipedia.org,other,chrome
2026-02-08 23:17:40,https://coursera.org/page93,coursera.org,learning,chrome
2026-02-08 23:18:44,https://x.com/page40,x.com,social,edge
2026-02-08 23:20:12,https://github.com/page24,github.com,learning,edge
2026-02-08 23:21:37,https://kaggle.com/page21,kaggle.com,learning,chrome
2026-02-08 23:21:52,https://coursera.org/page78,coursera.org,learning,edge
2026-02-08 23:23:47,https://reddit.com/page40,reddit.com,social,chrome
2026-02-08 23:24:17,https://kaggle.com/page98,kaggle.com,learning,edge
2026-02-08 23:25:05,https://wikipedia.org/page19,wikipedia.org,other,edge
2026-02-08 23:26:38,https://medium.com/page66,medium.com,learning,edge
2026-02-08 23:28:37,https://instagram.com/page99,instagram.com,social,chrome
2026-02-08 23:29:46,https://github.com/page43,github.com,learning,chrome
2026-02-08 23:30:36,https://github.com/page59,github.com,learning,edge
2026-02-08 23:53:36,https://netflix.com/page45,netflix.com,video,chrome
2026-02-08 23:54:24,https://coursera.org/page84,coursera.org,learning,edge
2026-02-09 00:50:24,https://github.com/page78,github.com,learning,edge
2026-02-09 00:51:37,https://facebook.com/page34,facebook.com,social,edge
2026-02-09 00:52:12,https://x.com/page31,x.com,social,chrome
2026-02-09 00:52:35,https://primevideo.com/page100,primevideo.com,video,chrome
2026-02-09 01:21:35,https://github.com/page94,github.com,learning,chrome
2026-02-09 01:23:29,https://x.com/page55,x.com,social,edge
2026-02-09 01:23:42,https://youtube.com/page89,youtube.com,video,edge
2026-02-09 01:25:37,https://facebook.com/page18,facebook.com,social,chrome
2026-02-09 01:27:29,https://x.com/page29,x.com,social,chrome
2026-02-09 01:29:17,https://stackoverflow.com/page16,stackoverflow.com,learning,chrome
2026-02-09 01:30:16,https://netflix.com/page38,netflix.com,video,edge
2026-02-09 01:30:53,https://instagram.com/page53,instagram.com,social,chrome
2026-02-09 01:32:04,https://amazon.com/page58,amazon.com,shopping,edge
2026-02-09 01:33:05,https://hotstar.com/page29,hotstar.com,video,chrome
2026-02-09 01:33:39,https://medium.com/page36,medium.com,learning,chrome
2026-02-09 01:35:05,https://medium.com/page27,medium.com,learning,edge
2026-02-09 01:35:17,https://github.com/page41,github.com,learning,edge
2026-02-09 01:36:59,https://facebook.com/page81,facebook.com,social,edge
2026-02-09 01:38:48,https://x.com/page65,x.com,social,chrome
2026-02-09 01:39:29,https://wikipedia.org/page13,wikipedia.org,other,edge
2026-02-09 01:39:49,https://facebook.com/page83,facebook.com,social,chrome
2026-02-09 01:40:33,https://wikipedia.org/page98,wikipedia.org,other,chrome
2026-02-09 01:41:57,https://hotstar.com/page70,hotstar.com,video,edge
2026-02-09 01:42:18,https://facebook.com/page74,facebook.com,social,chrome
2026-02-09 01:43:11,https://medium.com/page26,medium.com,learning,chrome
2026-02-09 01:43:49,https://youtube.com/page16,youtube.com,video,edge
2026-02-09 01:44:26,https://facebook.com/page11,facebook.com,social,chrome
2026-02-09 01:45:07,https://amazon.com/page39,amazon.com,shopping,edge
2026-02-09 01:46:37,https://amazon.com/page9,amazon.com,shopping,edge
2026-02-09 01:47:47,https://youtube.com/page34,youtube.com,video,edge
2026-02-09 01:48:14,https://facebook.com/page62,facebook.com,social,chrome
2026-02-09 01:48:35,https://primevideo.com/page15,primevideo.com,video,edge
2026-02-09 01:50:26,https://netflix.com/page40,netflix.com,video,edge
2026-02-09 01:51:26,https://facebook.com/page14,facebook.com,social,edge
2026-02-09 01:52:00,https://stackoverflow.com/page75,stackoverflow.com,learning,edge
2026-02-09 01:53:00,https://stackoverflow.com/page18,stackoverflow.com,learning,edge
2026-02-09 01:54:47,https://youtube.com/page10,youtube.com,video,edge
2026-02-09 01:55:54,https://netflix.com/page87,netflix.com,video,chrome
2026-02-09 01:56:07,https://facebook.com/page27,facebook.com,social,edge
2026-02-09 01:57:13,https://wikipedia.org/page57,wikipedia.org,other,chrome
2026-02-09 01:57:35,https://hotstar.com/page91,hotstar.com,video,chrome
2026-02-09 01:58:30,https://wikipedia.org/page61,wikipedia.org,other,chrome
2026-02-09 01:59:37,https://netflix.com/page64,netflix.com,video,edge
2026-02-09 02:00:55,https://github.com/page87,github.com,learning,edge
2026-02-09 02:02:40,https://stackoverflow.com/page62,stackoverflow.com,learning,edge
2026-02-09 02:03:27,https://flipkart.com/page46,flipkart.com,shopping,chrome
2026-02-09 02:04:32,https://netflix.com/page14,netflix.com,video,chrome
2026-02-09 02:04:46,https://netflix.com/page48,netflix.com,video,chrome
2026-02-09 02:06:09,https://wikipedia.org/page57,wikipedia.org,other,chrome
2026-02-09 02:07:27,https://hotstar.com/page8,hotstar.com,video,chrome
2026-02-09 02:08:20,https://github.com/page26,github.com,learning,chrome
2026-02-09 02:08:40,https://kaggle.com/page69,kaggle.com,learning,edge
2026-02-09 02:08:55,https://amazon.com/page66,amazon.com,shopping,edge
2026-02-09 02:09:17,https://stackoverflow.com/page68,stackoverflow.com,learning,edge
2026-02-09 02:11:04,https://hotstar.com/page80,hotstar.com,video,edge
2026-02-09 02:12:17,https://medium.com/page46,medium.com,learning,chrome
2026-02-09 02:12:34,https://youtube.com/page80,youtube.com,video,chrome
2026-02-09 02:13:50,https://instagram.com/page75,instagram.com,social,edge
2026-02-09 02:15:25,https://x.com/page68,x.com,social,chrome
2026-02-09 02:15:48,https://x.com/page32,x.com,social,edge
2026-02-09 02:16:53,https://flipkart.com/page28,flipkart.com,shopping,edge
2026-02-09 02:18:35,https://reddit.com/page78,reddit.com,social,edge
2026-02-09 02:20:07,https://instagram.com/page72,instagram.com,social,chrome
2026-02-09 02:20:59,https://flipkart.com/page38,flipkart.com,shopping,chrome
2026-02-09 02:21:11,https://github.com/page57,github.com,learning,edge
2026-02-09 02:23:06,https://facebook.com/page72,facebook.com,social,chrome
2026-02-09 02:24:52,https://amazon.com/page64,amazon.com,shopping,edge
2026-02-09 03:17:52,https://instagram.com/page52,instagram.com,social,edge
2026-02-09 03:18:20,https://x.com/page32,x.com,social,edge
2026-02-09 03:19:54,https://netflix.com/page12,netflix.com,video,edge
2026-02-09 03:20:48,https://coursera.org/page40,coursera.org,learning,edge
2026-02-09 03:21:37,https://kaggle.com/page55,kaggle.com,learning,edge
2026-02-09 03:23:05,https://flipkart.com/page46,flipkart.com,shopping,edge
2026-02-09 03:24:17,https://x.com/page57,x.com,social,edge
2026-02-09 04:05:17,https://stackoverflow.com/page93,stackoverflow.com,learning,edge
2026-02-09 04:07:17,https://amazon.com/page2,amazon.com,shopping,chrome
2026-02-09 04:08:38,https://flipkart.com/page34,flipkart.com,shopping,chrome
2026-02-09 04:09:57,https://primevideo.com/page36,primevideo.com,video,edge
2026-02-09 04:11:35,https://medium.com/page24,medium.com,learning,chrome
2026-02-09 04:13:07,https://flipkart.com/page36,flipkart.com,shopping,chrome
2026-02-09 04:14:34,https://amazon.com/page6,amazon.com,shopping,chrome
2026-02-09 04:15:38,https://reddit.com/page90,reddit.com,social,chrome
2026-02-09 04:17:30,https://amazon.com/page72,amazon.com,shopping,chrome
2026-02-09 04:17:57,https://github.com/page45,github.com,learning,edge
2026-02-09 04:44:57,https://reddit.com/page96,reddit.com,social,edge
2026-02-09 04:46:54,https://github.com/page50,github.com,learning,chrome
2026-02-09 04:47:12,https://medium.com/page29,medium.com,learning,edge
2026-02-09 04:47:49,https://coursera.org/page90,coursera.org,learning,chrome
2026-02-09 04:49:48,https://stackoverflow.com/page9,stackoverflow.com,learning,chrome
2026-02-09 04:51:37,https://amazon.com/page48,amazon.com,shopping,edge
2026-02-09 04:52:17,https://medium.com/page45,medium.com,learning,chrome
2026-02-09 04:53:22,https://amazon.com/page68,amazon.com,shopping,edge
2026-02-09 04:53:43,https://flipkart.com/page54,flipkart.com,shopping,edge
2026-02-09 04:55:38,https://facebook.com/page88,facebook.com,social,edge
2026-02-09 04:55:49,https://coursera.org/page35,coursera.org,learning,edge
2026-02-09 04:57:18,https://netflix.com/page99,netflix.com,video,chrome
2026-02-09 04:58:13,https://coursera.org/page75,coursera.org,learning,edge
2026-02-09 04:59:52,https://primevideo.com/page51,primevideo.com,video,edge
2026-02-09 05:01:48,https://facebook.com/page93,facebook.com,social,edge
2026-02-09 05:02:22,https://stackoverflow.com/page82,stackoverflow.com,learning,chrome
2026-02-09 05:04:04,https://reddit.com/page7,reddit.com,social,edge
2026-02-09 05:04:32,https://coursera.org/page73,coursera.org,learning,edge
2026-02-09 05:05:55,https://coursera.org/page38,coursera.org,learning,edge
2026-02-09 05:06:52,https://facebook.com/page80,facebook.com,social,edge
2026-02-09 05:07:28,https://amazon.com/page18,amazon.com,shopping,edge
2026-02-09 05:08:13,https://stackoverflow.com/page18,stackoverflow.com,learning,edge
2026-02-09 05:10:07,https://wikipedia.org/page34,wikipedia.org,other,edge
2026-02-09 05:11:29,https://stackoverflow.com/page13,stackoverflow.com,learning,chrome
2026-02-09 05:12:09,https://primevideo.com/page86,primevideo.com,video,chrome
2026-02-09 05:13:44,https://instagram.com/page26,instagram.com,social,chrome
2026-02-09 05:13:55,https://hotstar.com/page34,hotstar.com,video,chrome
2026-02-09 05:14:41,https://flipkart.com/page54,flipkart.com,shopping,chrome
2026-02-09 05:15:41,https://github.com/page65,github.com,learning,edge
2026-02-09 05:16:01,https://wikipedia.org/page99,wikipedia.org,other,chrome
2026-02-09 05:18:01,https://netflix.com/page92,netflix.com,video,edge
2026-02-09 05:19:38,https://kaggle.com/page85,kaggle.com,learning,edge
2026-02-09 05:20:03,https://netflix.com/page96,netflix.com,video,chrome
2026-02-09 05:21:32,https://reddit.com/page28,reddit.com,social,chrome
2026-02-09 05:22:30,https://youtube.com/page31,youtube.com,video,edge
2026-02-09 05:23:15,https://stackoverflow.com/page98,stackoverflow.com,learning,edge
2026-02-09 05:23:32,https://medium.com/page86,medium.com,learning,edge
2026-02-09 05:24:43,https://x.com/page37,x.com,social,edge
2026-02-09 05:25:53,https://kaggle.com/page42,kaggle.com,learning,chrome
2026-02-09 05:26:59,https://kaggle.com/page54,kaggle.com,learning,chrome
2026-02-09 05:27:38,https://wikipedia.org/page24,wikipedia.org,other,chrome
2026-02-09 05:29:12,https://netflix.com/page59,netflix.com,video,chrome
2026-02-09 05:30:47,https://medium.com/page49,medium.com,learning,chrome
2026-02-09 05:32:37,https://reddit.com/page1,reddit.com,social,chrome
2026-02-09 05:33:21,https://reddit.com/page71,reddit.com,social,edge
2026-02-09 06:19:21,https://kaggle.com/page61,kaggle.com,learning,chrome
2026-02-09 06:20:13,https://x.com/page79,x.com,social,chrome
2026-02-09 06:21:38,https://github.com/page52,github.com,learning,chrome
2026-02-09 06:22:06,https://kaggle.com/page17,kaggle.com,learning,chrome
2026-02-09 06:23:36,https://facebook.com/page47,facebook.com,social,edge
2026-02-09 06:57:36,https://kaggle.com/page86,kaggle.com,learning,edge
2026-02-09 06:59:25,https://x.com/page21,x.com,social,edge
2026-02-09 07:01:15,https://flipkart.com/page1,flipkart.com,shopping,chrome
2026-02-09 07:02:52,https://netflix.com/page8,netflix.com,video,chrome
2026-02-09 07:03:03,https://facebook.com/page51,facebook.com,social,edge
2026-02-09 07:03:35,https://coursera.org/page57,coursera.org,learning,chrome
2026-02-09 07:05:13,https://wikipedia.org/page34,wikipedia.org,other,chrome
2026-02-09 07:51:13,https://instagram.com/page84,instagram.com,social,edge
2026-02-09 07:53:09,https://stackoverflow.com/page64,stackoverflow.com,learning,edge
2026-02-09 07:54:53,https://youtube.com/page3,youtube.com,video,edge
2026-02-09 07:56:27,https://instagram.com/page90,instagram.com,social,edge
2026-02-09 07:57:33,https://x.com/page7,x.com,social,edge
2026-02-09 07:58:23,https://x.com/page77,x.com,social,chrome
2026-02-09 07:59:21,https://instagram.com/page47,instagram.com,social,chrome
2026-02-09 08:00:12,https://wikipedia.org/page47,wikipedia.org,other,edge
2026-02-09 08:01:27,https://stackoverflow.com/page47,stackoverflow.com,learning,edge
2026-02-09 08:01:38,https://kaggle.com/page39,kaggle.com,learning,edge
2026-02-09 08:01:56,https://github.com/page29,github.com,learning,chrome
2026-02-09 08:03:01,https://coursera.org/page25,coursera.org,learning,edge
2026-02-09 08:04:07,https://medium.com/page17,medium.com,learning,edge
2026-02-09 08:04:23,https://x.com/page72,x.com,social,edge
2026-02-09 08:05:30,https://coursera.org/page58,coursera.org,learning,edge
2026-02-09 08:05:58,https://youtube.com/page41,youtube.com,video,edge
2026-02-09 08:25:58,https://hotstar.com/page27,hotstar.com,video,chrome
2026-02-09 08:26:25,https://amazon.com/page65,amazon.com,shopping,edge
2026-02-09 08:27:15,https://instagram.com/page67,instagram.com,social,chrome
2026-02-09 08:29:15,https://facebook.com/page55,facebook.com,social,edge
2026-02-09 08:30:08,https://reddit.com/page57,reddit.com,social,edge
2026-02-09 08:31:41,https://reddit.com/page5,reddit.com,social,edge
2026-02-09 08:33:40,https://kaggle.com/page2,kaggle.com,learning,chrome
2026-02-09 08:34:55,https://netflix.com/page4,netflix.com,video,chrome
2026-02-09 08:35:14,https://reddit.com/page45,reddit.com,social,edge
2026-02-09 08:35:40,https://primevideo.com/page52,primevideo.com,video,edge
2026-02-09 08:37:01,https://coursera.org/page38,coursera.org,learning,chrome
2026-02-09 08:37:25,https://wikipedia.org/page78,wikipedia.org,other,chrome
2026-02-09 08:37:58,https://x.com/page51,x.com,social,edge
2026-02-09 08:39:12,https://netflix.com/page67,netflix.com,video,edge
2026-02-09 08:39:57,https://instagram.com/page4,instagram.com,social,chrome
2026-02-09 08:41:42,https://amazon.com/page16,amazon.com,shopping,chrome
2026-02-09 08:42:00,https://github.com/page51,github.com,learning,chrome
2026-02-09 08:42:27,https://youtube.com/page14,youtube.com,video,chrome
2026-02-09 08:43:40,https://amazon.com/page4,amazon.com,shopping,chrome
2026-02-09 08:44:38,https://medium.com/page94,medium.com,learning,chrome
2026-02-09 08:46:08,https://primevideo.com/page20,primevideo.com,video,chrome
2026-02-09 08:47:45,https://wikipedia.org/page32,wikipedia.org,other,chrome
2026-02-09 08:49:25,https://facebook.com/page97,facebook.com,social,edge
2026-02-09 08:51:21,https://x.com/page25,x.com,social,chrome
2026-02-09 08:52:31,https://hotstar.com/page20,hotstar.com,video,edge
2026-02-09 08:54:08,https://flipkart.com/page48,flipkart.com,shopping,edge
2026-02-09 08:55:26,https://youtube.com/page9,youtube.com,video,chrome
2026-02-09 08:57:17,https://reddit.com/page36,reddit.com,social,edge
2026-02-09 08:58:28,https://primevideo.com/page74,primevideo.com,video,chrome
2026-02-09 08:59:30,https://youtube.com/page79,youtube.com,video,edge
2026-02-09 09:00:51,https://hotstar.com/page95,hotstar.com,video,chrome
2026-02-09 09:01:29,https://hotstar.com/page60,hotstar.com,video,edge
2026-02-09 09:32:29,https://hotstar.com/page62,hotstar.com,video,chrome
2026-02-09 09:32:50,https://netflix.com/page36,netflix.com,video,chrome
2026-02-09 09:34:38,https://youtube.com/page46,youtube.com,video,chrome
2026-02-09 09:35:53,https://primevideo.com/page21,primevideo.com,video,edge
2026-02-09 09:36:05,https://x.com/page15,x.com,social,edge
2026-02-09 09:37:31,https://netflix.com/page69,netflix.com,video,edge
2026-02-09 09:39:30,https://coursera.org/page35,coursera.org,learning,edge
2026-02-09 09:40:47,https://flipkart.com/page59,flipkart.com,shopping,edge
2026-02-09 09:41:43,https://medium.com/page21,medium.com,learning,chrome
2026-02-09 09:42:53,https://flipkart.com/page28,flipkart.com,shopping,edge
2026-02-09 09:43:33,https://reddit.com/page9,reddit.com,social,edge
2026-02-09 09:44:43,https://youtube.com/page21,youtube.com,video,edge
2026-02-09 09:45:44,https://github.com/page82,github.com,learning,chrome
2026-02-09 09:46:08,https://coursera.org/page64,coursera.org,learning,chrome
2026-02-09 09:47:53,https://wikipedia.org/page1,wikipedia.org,other,edge
2026-02-09 09:49:07,https://hotstar.com/page99,hotstar.com,video,edge
2026-02-09 09:49:59,https://youtube.com/page21,youtube.com,video,chrome
2026-02-09 09:51:05,https://wikipedia.org/page7,wikipedia.org,other,chrome
2026-02-09 09:52:41,https://youtube.com/page94,youtube.com,video,edge
2026-02-09 09:53:32,https://coursera.org/page10,coursera.org,learning,chrome
2026-02-09 09:54:06,https://instagram.com/page4,instagram.com,social,chrome
2026-02-09 09:54:20,https://netflix.com/page99,netflix.com,video,chrome
2026-02-09 09:54:39,https://stackoverflow.com/page49,stackoverflow.com,learning,edge
2026-02-09 09:56:05,https://wikipedia.org/page56,wikipedia.org,other,edge
2026-02-09 09:57:39,https://instagram.com/page87,instagram.com,social,edge
2026-02-09 09:58:06,https://instagram.com/page15,instagram.com,social,edge
2026-02-09 09:58:48,https://wikipedia.org/page49,wikipedia.org,other,chrome
2026-02-09 09:59:18,https://wikipedia.org/page34,wikipedia.org,other,chrome
2026-02-09 10:01:05,https://facebook.com/page62,facebook.com,social,edge
2026-02-09 10:02:55,https://netflix.com/page18,netflix.com,video,chrome
2026-02-09 10:04:07,https://medium.com/page98,medium.com,learning,chrome
2026-02-09 10:05:19,https://github.com/page79,github.com,learning,chrome
2026-02-09 10:06:17,https://wikipedia.org/page28,wikipedia.org,other,chrome
2026-02-09 10:06:37,https://facebook.com/page93,facebook.com,social,edge
2026-02-09 10:07:53,https://amazon.com/page20,amazon.com,shopping,chrome
2026-02-09 10:08:21,https://hotstar.com/page82,hotstar.com,video,edge
2026-02-09 10:09:01,https://primevideo.com/page74,primevideo.com,video,edge
2026-02-09 10:53:01,https://youtube.com/page85,youtube.com,video,chrome
2026-02-09 10:53:20,https://medium.com/page1,medium.com,learning,chrome
2026-02-09 10:54:27,https://hotstar.com/page74,hotstar.com,video,chrome
2026-02-09 10:56:06,https://coursera.org/page98,coursera.org,learning,chrome
2026-02-09 10:57:37,https://reddit.com/page77,reddit.com,social,chrome
2026-02-09 10:58:05,https://kaggle.com/page28,kaggle.com,learning,chrome
2026-02-09 10:58:25,https://reddit.com/page67,reddit.com,social,edge
2026-02-09 11:00:11,https://facebook.com/page71,facebook.com,social,edge
2026-02-09 11:00:47,https://primevideo.com/page72,primevideo.com,video,chrome
2026-02-09 11:01:00,https://x.com/page47,x.com,social,chrome
2026-02-09 11:01:16,https://primevideo.com/page98,primevideo.com,video,chrome
2026-02-09 11:03:04,https://primevideo.com/page6,primevideo.com,video,chrome
2026-02-09 11:04:24,https://youtube.com/page53,youtube.com,video,edge
2026-02-09 11:33:24,https://netflix.com/page29,netflix.com,video,edge
2026-02-09 11:34:13,https://hotstar.com/page94,hotstar.com,video,edge
2026-02-09 12:11:13,https://hotstar.com/page44,hotstar.com,video,edge
2026-02-09 12:13:06,https://flipkart.com/page96,flipkart.com,shopping,chrome
2026-02-09 12:14:59,https://instagram.com/page22,instagram.com,social,chrome
2026-02-09 12:15:13,https://wikipedia.org/page22,wikipedia.org,other,edge
2026-02-09 12:16:57,https://primevideo.com/page82,primevideo.com,video,edge
2026-02-09 12:18:13,https://primevideo.com/page23,primevideo.com,video,edge
2026-02-09 12:18:41,https://instagram.com/page48,instagram.com,social,chrome
2026-02-09 12:19:34,https://instagram.com/page100,instagram.com,social,edge
2026-02-09 12:20:15,https://kaggle.com/page97,kaggle.com,learning,chrome
2026-02-09 12:21:26,https://primevideo.com/page36,primevideo.com,video,chrome
2026-02-09 12:22:56,https://stackoverflow.com/page81,stackoverflow.com,learning,chrome
2026-02-09 12:23:46,https://hotstar.com/page13,hotstar.com,video,edge
2026-02-09 12:25:07,https://x.com/page27,x.com,social,edge
2026-02-09 12:26:56,https://youtube.com/page86,youtube.com,video,edge
2026-02-09 12:28:05,https://amazon.com/page47,amazon.com,shopping,chrome
2026-02-09 12:30:04,https://youtube.com/page74,youtube.com,video,edge
2026-02-09 12:31:04,https://facebook.com/page82,facebook.com,social,chrome
2026-02-09 12:32:33,https://wikipedia.org/page54,wikipedia.org,other,chrome
2026-02-09 12:33:37,https://x.com/page40,x.com,social,chrome
2026-02-09 12:34:25,https://reddit.com/page81,reddit.com,social,chrome
2026-02-09 12:35:03,https://youtube.com/page6,youtube.com,video,chrome
2026-02-09 12:36:33,https://github.com/page75,github.com,learning,chrome
2026-02-09 12:36:48,https://instagram.com/page20,instagram.com,social,edge
2026-02-09 12:37:40,https://flipkart.com/page74,flipkart.com,shopping,edge
2026-02-09 12:39:26,https://facebook.com/page45,facebook.com,social,chrome
2026-02-09 12:41:16,https://x.com/page61,x.com,social,chrome
2026-02-09 12:41:56,https://x.com/page46,x.com,social,edge
2026-02-09 12:42:06,https://youtube.com/page25,youtube.com,video,edge
2026-02-09 12:43:02,https://primevideo.com/page11,primevideo.com,video,chrome
2026-02-09 12:43:43,https://netflix.com/page24,netflix.com,video,edge
2026-02-09 12:44:50,https://youtube.com/page89,youtube.com,video,edge
2026-02-09 12:46:45,https://kaggle.com/page83,kaggle.com,learning,edge
2026-02-09 12:47:18,https://kaggle.com/page39,kaggle.com,learning,edge
2026-02-09 12:48:52,https://netflix.com/page99,netflix.com,video,edge
2026-02-09 12:49:03,https://netflix.com/page100,netflix.com,video,edge
2026-02-09 12:50:16,https://github.com/page61,github.com,learning,edge
2026-02-09 12:51:20,https://primevideo.com/page33,primevideo.com,video,chrome
2026-02-09 12:52:18,https://flipkart.com/page50,flipkart.com,shopping,edge
2026-02-09 12:52:47,https://youtube.com/page20,youtube.com,video,edge
2026-02-09 12:54:36,https://medium.com/page25,medium.com,learning,edge
2026-02-09 12:55:51,https://youtube.com/page96,youtube.com,video,edge
2026-02-09 12:56:02,https://stackoverflow.com/page83,stackoverflow.com,learning,edge
2026-02-09 12:57:39,https://x.com/page60,x.com,social,edge
2026-02-09 12:59:08,https://facebook.com/page48,facebook.com,social,edge
2026-02-09 13:00:33,https://medium.com/page90,medium.com,learning,chrome
2026-02-09 13:01:41,https://facebook.com/page34,facebook.com,social,chrome
2026-02-09 13:03:27,https://stackoverflow.com/page32,stackoverflow.com,learning,edge
2026-02-09 13:04:47,https://kaggle.com/page12,kaggle.com,learning,chrome
2026-02-09 13:06:38,https://amazon.com/page26,amazon.com,shopping,chrome
2026-02-09 13:07:35,https://instagram.com/page61,instagram.com,social,chrome
2026-02-09 13:08:31,https://netflix.com/page1,netflix.com,video,edge
2026-02-09 13:09:21,https://amazon.com/page54,amazon.com,shopping,chrome
2026-02-09 13:11:01,https://wikipedia.org/page13,wikipedia.org,other,edge
2026-02-09 13:11:11,https://coursera.org/page24,coursera.org,learning,chrome
2026-02-09 13:12:10,https://facebook.com/page3,facebook.com,social,edge
2026-02-09 13:12:54,https://x.com/page71,x.com,social,edge
2026-02-09 13:14:24,https://youtube.com/page60,youtube.com,video,edge
2026-02-09 13:16:04,https://stackoverflow.com/page20,stackoverflow.com,learning,edge
2026-02-09 13:17:57,https://github.com/page60,github.com,learning,edge
2026-02-09 13:19:50,https://medium.com/page75,medium.com,learning,edge
2026-02-09 13:21:49,https://stackoverflow.com/page89,stackoverflow.com,learning,edge
2026-02-09 14:05:49,https://x.com/page1,x.com,social,edge
2026-02-09 14:07:24,https://instagram.com/page82,instagram.com,social,edge
2026-02-09 14:08:07,https://facebook.com/page24,facebook.com,social,chrome
2026-02-09 14:08:28,https://facebook.com/page32,facebook.com,social,chrome
2026-02-09 14:45:28,https://instagram.com/page70,instagram.com,social,edge
2026-02-09 14:46:21,https://netflix.com/page31,netflix.com,video,edge
2026-02-09 14:47:51,https://primevideo.com/page83,primevideo.com,video,chrome
2026-02-09 14:49:24,https://amazon.com/page98,amazon.com,shopping,chrome
2026-02-09 14:49:35,https://coursera.org/page89,coursera.org,learning,edge
2026-02-09 14:50:29,https://facebook.com/page63,facebook.com,social,chrome
2026-02-09 14:51:14,https://github.com/page5,github.com,learning,chrome
2026-02-09 14:52:55,https://github.com/page85,github.com,learning,chrome
2026-02-09 14:54:15,https://netflix.com/page30,netflix.com,video,edge
2026-02-09 14:54:56,https://youtube.com/page56,youtube.com,video,chrome
2026-02-09 14:55:29,https://x.com/page6,x.com,social,edge
2026-02-09 14:56:38,https://flipkart.com/page57,flipkart.com,shopping,chrome
2026-02-09 14:56:57,https://facebook.com/page29,facebook.com,social,chrome
2026-02-09 14:57:08,https://stackoverflow.com/page75,stackoverflow.com,learning,chrome
2026-02-09 14:58:08,https://github.com/page19,github.com,learning,edge
2026-02-09 14:59:27,https://kaggle.com/page98,kaggle.com,learning,edge
2026-02-09 15:00:50,https://medium.com/page56,medium.com,learning,chrome
2026-02-09 15:01:40,https://medium.com/page92,medium.com,learning,edge
2026-02-09 15:02:39,https://instagram.com/page33,instagram.com,social,chrome
2026-02-09 15:03:54,https://coursera.org/page14,coursera.org,learning,edge
2026-02-09 15:05:52,https://facebook.com/page66,facebook.com,social,edge
2026-02-09 15:06:48,https://wikipedia.org/page49,wikipedia.org,other,edge
2026-02-09 15:08:01,https://reddit.com/page49,reddit.com,social,edge
2026-02-09 15:09:12,https://facebook.com/page47,facebook.com,social,edge
2026-02-09 15:11:00,https://x.com/page19,x.com,social,edge
2026-02-09 15:44:00,https://flipkart.com/page67,flipkart.com,shopping,edge
2026-02-09 15:45:36,https://medium.com/page92,medium.com,learning,edge
2026-02-09 15:47:35,https://primevideo.com/page84,primevideo.com,video,edge
2026-02-09 15:49:30,https://coursera.org/page37,coursera.org,learning,chrome
2026-02-09 15:50:08,https://facebook.com/page64,facebook.com,social,chrome
2026-02-09 15:51:58,https://stackoverflow.com/page73,stackoverflow.com,learning,chrome
2026-02-09 15:53:44,https://instagram.com/page49,instagram.com,social,chrome
2026-02-09 15:54:05,https://netflix.com/page46,netflix.com,video,edge
2026-02-09 15:55:11,https://medium.com/page31,medium.com,learning,chrome
2026-02-09 15:57:02,https://instagram.com/page34,instagram.com,social,chrome
2026-02-09 15:58:00,https://netflix.com/page82,netflix.com,video,chrome
2026-02-09 15:58:45,https://youtube.com/page42,youtube.com,video,edge
2026-02-09 15:59:21,https://coursera.org/page99,coursera.org,learning,chrome
2026-02-09 16:00:53,https://x.com/page70,x.com,social,chrome
2026-02-09 16:01:36,https://hotstar.com/page36,hotstar.com,video,chrome
2026-02-09 16:03:20,https://github.com/page42,github.com,learning,chrome
2026-02-09 16:04:48,https://reddit.com/page19,reddit.com,social,chrome
2026-02-09 16:06:04,https://netflix.com/page94,netflix.com,video,chrome
2026-02-09 16:07:24,https://github.com/page28,github.com,learning,chrome
2026-02-09 16:09:12,https://amazon.com/page8,amazon.com,shopping,chrome
2026-02-09 16:10:44,https://reddit.com/page100,reddit.com,social,edge
2026-02-09 16:12:08,https://medium.com/page8,medium.com,learning,chrome
2026-02-09 16:13:36,https://medium.com/page61,medium.com,learning,chrome
2026-02-09 16:39:36,https://facebook.com/page16,facebook.com,social,edge
2026-02-09 16:40:42,https://x.com/page48,x.com,social,edge
2026-02-09 16:41:29,https://coursera.org/page15,coursera.org,learning,edge
2026-02-09 16:43:23,https://coursera.org/page65,coursera.org,learning,chrome
2026-02-09 17:16:23,https://youtube.com/page97,youtube.com,video,chrome
2026-02-09 17:18:06,https://youtube.com/page69,youtube.com,video,edge
2026-02-09 17:18:23,https://youtube.com/page6,youtube.com,video,edge
2026-02-09 17:19:23,https://youtube.com/page76,youtube.com,video,edge
2026-02-09 17:19:46,https://primevideo.com/page40,primevideo.com,video,chrome
2026-02-09 17:21:13,https://amazon.com/page43,amazon.com,shopping,edge
2026-02-09 17:21:26,https://instagram.com/page89,instagram.com,social,edge
2026-02-09 17:23:11,https://hotstar.com/page31,hotstar.com,video,edge
2026-02-09 17:23:25,https://hotstar.com/page13,hotstar.com,video,edge
2026-02-09 17:24:37,https://wikipedia.org/page39,wikipedia.org,other,edge
2026-02-09 17:26:21,https://kaggle.com/page81,kaggle.com,learning,chrome
2026-02-09 17:27:44,https://facebook.com/page96,facebook.com,social,chrome
2026-02-09 17:27:59,https://hotstar.com/page16,hotstar.com,video,edge
2026-02-09 17:29:57,https://stackoverflow.com/page84,stackoverflow.com,learning,edge
2026-02-09 17:30:43,https://facebook.com/page99,facebook.com,social,edge
2026-02-09 17:31:35,https://x.com/page80,x.com,social,chrome
2026-02-09 17:33:11,https://kaggle.com/page77,kaggle.com,learning,chrome
2026-02-09 17:35:06,https://instagram.com/page100,instagram.com,social,edge
2026-02-09 18:09:06,https://x.com/page50,x.com,social,edge
2026-02-09 18:10:43,https://wikipedia.org/page80,wikipedia.org,other,chrome
2026-02-09 18:11:33,https://instagram.com/page99,instagram.com,social,edge
2026-02-09 18:12:51,https://medium.com/page6,medium.com,learning,edge
2026-02-09 18:13:31,https://kaggle.com/page5,kaggle.com,learning,edge
2026-02-09 18:15:14,https://wikipedia.org/page6,wikipedia.org,other,chrome
2026-02-09 18:16:26,https://wikipedia.org/page46,wikipedia.org,other,chrome
2026-02-09 18:18:14,https://amazon.com/page12,amazon.com,shopping,edge
2026-02-09 19:14:14,https://instagram.com/page86,instagram.com,social,chrome
2026-02-09 19:14:32,https://primevideo.com/page33,primevideo.com,video,edge
2026-02-09 19:15:31,https://youtube.com/page29,youtube.com,video,edge
2026-02-09 19:15:56,https://stackoverflow.com/page46,stackoverflow.com,learning,edge
2026-02-09 19:16:18,https://youtube.com/page30,youtube.com,video,edge
2026-02-09 19:18:13,https://x.com/page10,x.com,social,chrome
2026-02-09 19:19:01,https://flipkart.com/page83,flipkart.com,shopping,edge
2026-02-09 19:20:53,https://netflix.com/page29,netflix.com,video,chrome
2026-02-09 19:21:23,https://stackoverflow.com/page92,stackoverflow.com,learning,edge
2026-02-09 19:22:02,https://flipkart.com/page45,flipkart.com,shopping,edge
2026-02-09 19:22:45,https://reddit.com/page46,reddit.com,social,chrome
2026-02-09 19:24:42,https://reddit.com/page22,reddit.com,social,edge
2026-02-09 19:25:40,https://hotstar.com/page23,hotstar.com,video,chrome
2026-02-09 19:27:12,https://kaggle.com/page57,kaggle.com,learning,chrome
2026-02-09 19:27:41,https://youtube.com/page36,youtube.com,video,chrome
2026-02-09 20:21:41,https://kaggle.com/page21,kaggle.com,learning,edge
2026-02-09 20:22:36,https://netflix.com/page100,netflix.com,video,edge
2026-02-09 20:23:56,https://coursera.org/page97,coursera.org,learning,chrome
2026-02-09 20:25:30,https://github.com/page20,github.com,learning,edge
2026-02-09 20:26:18,https://primevideo.com/page24,primevideo.com,video,edge
2026-02-09 20:26:58,https://amazon.com/page21,amazon.com,shopping,chrome
2026-02-09 20:28:01,https://primevideo.com/page2,primevideo.com,video,chrome
2026-02-09 20:28:17,https://netflix.com/page98,netflix.com,video,chrome
2026-02-09 20:28:36,https://reddit.com/page98,reddit.com,social,edge
2026-02-09 20:29:00,https://x.com/page89,x.com,social,edge
2026-02-09 20:29:38,https://wikipedia.org/page13,wikipedia.org,other,chrome
2026-02-09 20:31:33,https://coursera.org/page19,coursera.org,learning,chrome
2026-02-09 20:33:33,https://x.com/page98,x.com,social,chrome
2026-02-09 20:33:58,https://netflix.com/page75,netflix.com,video,chrome
2026-02-09 20:34:50,https://x.com/page34,x.com,social,chrome
2026-02-09 20:35:25,https://stackoverflow.com/page89,stackoverflow.com,learning,edge
2026-02-09 20:36:30,https://coursera.org/page54,coursera.org,learning,edge
2026-02-09 20:37:15,https://stackoverflow.com/page27,stackoverflow.com,learning,edge
2026-02-09 20:37:27,https://wikipedia.org/page67,wikipedia.org,other,edge
2026-02-09 20:38:07,https://hotstar.com/page94,hotstar.com,video,edge
2026-02-09 20:39:29,https://instagram.com/page99,instagram.com,social,edge
2026-02-09 20:39:54,https://reddit.com/page75,reddit.com,social,edge
2026-02-09 20:41:31,https://flipkart.com/page64,flipkart.com,shopping,chrome
2026-02-09 20:42:35,https://instagram.com/page88,instagram.com,social,chrome
2026-02-09 20:43:15,https://amazon.com/page85,amazon.com,shopping,edge
2026-02-09 20:44:22,https://youtube.com/page76,youtube.com,video,edge
2026-02-09 20:45:59,https://netflix.com/page88,netflix.com,video,chrome
2026-02-09 20:47:54,https://kaggle.com/page25,kaggle.com,learning,edge
2026-02-09 20:49:04,https://coursera.org/page82,coursera.org,learning,edge
2026-02-09 20:49:14,https://instagram.com/page51,instagram.com,social,chrome
2026-02-09 20:50:25,https://youtube.com/page46,youtube.com,video,chrome
2026-02-09 20:52:20,https://coursera.org/page3,coursera.org,learning,edge
2026-02-09 20:52:41,https://coursera.org/page65,coursera.org,learning,edge
2026-02-09 20:54:40,https://stackoverflow.com/page5,stackoverflow.com,learning,chrome
2026-02-09 20:55:41,https://hotstar.com/page19,hotstar.com,video,edge
2026-02-09 20:56:29,https://instagram.com/page82,instagram.com,social,edge
2026-02-09 20:58:20,https://medium.com/page85,medium.com,learning,edge
2026-02-09 20:59:07,https://primevideo.com/page59,primevideo.com,video,chrome
2026-02-09 20:59:30,https://flipkart.com/page42,flipkart.com,shopping,edge
2026-02-09 21:00:58,https://stackoverflow.com/page59,stackoverflow.com,learning,chrome
2026-02-09 21:02:18,https://medium.com/page1,medium.com,learning,chrome
2026-02-09 21:02:44,https://primevideo.com/page71,primevideo.com,video,edge
2026-02-09 21:03:21,https://youtube.com/page15,youtube.com,video,edge
2026-02-09 21:04:53,https://primevideo.com/page87,primevideo.com,video,chrome
2026-02-09 21:06:22,https://netflix.com/page84,netflix.com,video,edge
2026-02-09 21:08:15,https://x.com/page69,x.com,social,edge
2026-02-09 21:09:24,https://stackoverflow.com/page7,stackoverflow.com,learning,edge
2026-02-09 21:10:51,https://primevideo.com/page90,primevideo.com,video,edge
2026-02-09 21:11:51,https://youtube.com/page42,youtube.com,video,chrome
2026-02-09 21:12:47,https://wikipedia.org/page98,wikipedia.org,other,chrome
2026-02-09 21:13:42,https://kaggle.com/page68,kaggle.com,learning,chrome
2026-02-09 21:15:38,https://netflix.com/page41,netflix.com,video,chrome
2026-02-09 21:15:54,https://youtube.com/page64,youtube.com,video,edge
2026-02-09 21:17:30,https://amazon.com/page58,amazon.com,shopping,chrome
2026-02-09 21:18:13,https://hotstar.com/page57,hotstar.com,video,chrome
2026-02-09 21:19:12,https://facebook.com/page2,facebook.com,social,edge
2026-02-09 21:20:43,https://youtube.com/page67,youtube.com,video,chrome
2026-02-09 21:22:34,https://netflix.com/page63,netflix.com,video,edge
2026-02-09 21:24:28,https://youtube.com/page1,youtube.com,video,edge
2026-02-09 21:26:21,https://hotstar.com/page54,hotstar.com,video,edge
2026-02-09 21:27:18,https://netflix.com/page59,netflix.com,video,edge
2026-02-09 21:27:31,https://facebook.com/page100,facebook.com,social,chrome
2026-02-09 21:28:55,https://github.com/page81,github.com,learning,edge
2026-02-09 21:30:12,https://github.com/page69,github.com,learning,edge
2026-02-09 21:31:36,https://wikipedia.org/page97,wikipedia.org,other,chrome
2026-02-09 21:33:21,https://netflix.com/page86,netflix.com,video,edge
2026-02-09 21:33:51,https://coursera.org/page33,coursera.org,learning,edge
2026-02-09 21:34:14,https://x.com/page13,x.com,social,chrome
2026-02-09 22:05:14,https://facebook.com/page4,facebook.com,social,edge
2026-02-09 22:06:09,https://youtube.com/page69,youtube.com,video,edge
2026-02-09 22:07:21,https://kaggle.com/page39,kaggle.com,learning,chrome
2026-02-09 22:09:00,https://netflix.com/page94,netflix.com,video,edge
2026-02-09 22:09:14,https://flipkart.com/page79,flipkart.com,shopping,edge
2026-02-09 22:10:06,https://netflix.com/page4,netflix.com,video,chrome
2026-02-09 22:10:36,https://hotstar.com/page99,hotstar.com,video,edge
2026-02-09 22:11:39,https://x.com/page67,x.com,social,edge
2026-02-09 22:12:38,https://github.com/page98,github.com,learning,edge
2026-02-09 22:14:15,https://instagram.com/page26,instagram.com,social,chrome
2026-02-09 22:15:37,https://hotstar.com/page12,hotstar.com,video,edge
2026-02-09 22:17:37,https://amazon.com/page47,amazon.com,shopping,chrome
2026-02-09 22:19:25,https://instagram.com/page72,instagram.com,social,chrome
2026-02-09 22:20:30,https://coursera.org/page59,coursera.org,learning,edge
2026-02-09 22:20:51,https://youtube.com/page56,youtube.com,video,chrome
2026-02-09 22:22:47,https://primevideo.com/page35,primevideo.com,video,chrome
2026-02-09 22:24:37,https://reddit.com/page75,reddit.com,social,edge
2026-02-09 22:24:56,https://x.com/page5,x.com,social,edge
2026-02-09 22:25:07,https://netflix.com/page60,netflix.com,video,chrome
2026-02-09 22:25:34,https://instagram.com/page18,instagram.com,social,chrome
2026-02-09 22:27:24,https://wikipedia.org/page77,wikipedia.org,other,chrome
2026-02-09 22:28:45,https://reddit.com/page77,reddit.com,social,edge
2026-02-09 22:29:47,https://flipkart.com/page60,flipkart.com,shopping,edge
2026-02-09 22:31:21,https://kaggle.com/page42,kaggle.com,learning,chrome
2026-02-09 22:31:50,https://x.com/page11,x.com,social,chrome
2026-02-09 22:32:10,https://x.com/page35,x.com,social,chrome
2026-02-09 22:32:39,https://primevideo.com/page74,primevideo.com,video,chrome
2026-02-09 22:33:25,https://hotstar.com/page61,hotstar.com,video,chrome
2026-02-09 22:35:03,https://primevideo.com/page96,primevideo.com,video,chrome
2026-02-09 22:55:03,https://instagram.com/page83,instagram.com,social,edge
2026-02-09 23:36:03,https://facebook.com/page18,facebook.com,social,chrome
2026-02-09 23:37:42,https://amazon.com/page22,amazon.com,shopping,edge
2026-02-09 23:39:40,https://coursera.org/page1,coursera.org,learning,edge
2026-02-09 23:41:21,https://youtube.com/page26,youtube.com,video,chrome
2026-02-09 23:41:34,https://amazon.com/page19,amazon.com,shopping,edge
2026-02-09 23:41:45,https://primevideo.com/page39,primevideo.com,video,edge
2026-02-09 23:42:27,https://kaggle.com/page6,kaggle.com,learning,edge
2026-02-09 23:43:28,https://github.com/page11,github.com,learning,chrome
2026-02-09 23:43:43,https://flipkart.com/page100,flipkart.com,shopping,edge
2026-02-09 23:44:31,https://primevideo.com/page10,primevideo.com,video,chrome
2026-02-09 23:45:02,https://facebook.com/page11,facebook.com,social,edge
2026-02-09 23:46:37,https://instagram.com/page54,instagram.com,social,chrome
2026-02-09 23:47:49,https://amazon.com/page55,amazon.com,shopping,chrome
2026-02-09 23:48:15,https://coursera.org/page95,coursera.org,learning,edge
2026-02-09 23:48:30,https://x.com/page81,x.com,social,chrome
2026-02-09 23:48:40,https://hotstar.com/page29,hotstar.com,video,chrome
2026-02-09 23:50:39,https://amazon.com/page83,amazon.com,shopping,chrome
2026-02-09 23:51:24,https://x.com/page30,x.com,social,edge
2026-02-09 23:52:27,https://reddit.com/page93,reddit.com,social,edge
2026-02-09 23:53:05,https://wikipedia.org/page34,wikipedia.org,other,edge
2026-02-09 23:54:06,https://github.com/page40,github.com,learning,edge
2026-02-09 23:56:00,https://x.com/page17,x.com,social,edge
2026-02-09 23:56:52,https://coursera.org/page65,coursera.org,learning,edge
2026-02-09 23:58:01,https://coursera.org/page99,coursera.org,learning,chrome
2026-02-09 23:58:43,https://instagram.com/page24,instagram.com,social,edge
2026-02-09 23:58:58,https://hotstar.com/page78,hotstar.com,video,edge
2026-02-10 00:00:18,https://medium.com/page29,medium.com,learning,chrome
2026-02-10 00:02:06,https://reddit.com/page19,reddit.com,social,edge
2026-02-10 00:02:59,https://instagram.com/page13,instagram.com,social,edge
2026-02-10 00:04:39,https://facebook.com/page99,facebook.com,social,chrome
2026-02-10 00:06:37,https://primevideo.com/page64,primevideo.com,video,chrome
2026-02-10 00:08:14,https://wikipedia.org/page54,wikipedia.org,other,chrome
2026-02-10 00:09:50,https://hotstar.com/page60,hotstar.com,video,chrome
2026-02-10 00:10:29,https://coursera.org/page57,coursera.org,learning,chrome
2026-02-10 00:12:02,https://stackoverflow.com/page13,stackoverflow.com,learning,edge
2026-02-10 00:13:55,https://netflix.com/page33,netflix.com,video,chrome
2026-02-10 00:14:34,https://github.com/page64,github.com,learning,edge
2026-02-10 00:15:59,https://kaggle.com/page10,kaggle.com,learning,chrome
2026-02-10 00:16:24,https://youtube.com/page54,youtube.com,video,chrome
2026-02-10 00:17:53,https://github.com/page87,github.com,learning,edge
2026-02-10 01:11:53,https://primevideo.com/page65,primevideo.com,video,edge
2026-02-10 01:13:10,https://coursera.org/page78,coursera.org,learning,chrome
2026-02-10 01:13:29,https://facebook.com/page10,facebook.com,social,chrome
2026-02-10 01:37:29,https://stackoverflow.com/page8,stackoverflow.com,learning,chrome
2026-02-10 01:38:35,https://netflix.com/page93,netflix.com,video,chrome
2026-02-10 01:38:52,https://instagram.com/page29,instagram.com,social,edge
2026-02-10 01:39:02,https://netflix.com/page70,netflix.com,video,chrome
2026-02-10 01:39:20,https://facebook.com/page29,facebook.com,social,edge
2026-02-10 01:40:13,https://hotstar.com/page20,hotstar.com,video,edge
2026-02-10 01:41:15,https://netflix.com/page9,netflix.com,video,chrome
2026-02-10 01:42:55,https://youtube.com/page74,youtube.com,video,edge
2026-02-10 01:44:26,https://x.com/page24,x.com,social,edge
2026-02-10 01:45:02,https://amazon.com/page32,amazon.com,shopping,chrome
2026-02-10 01:47:02,https://amazon.com/page5,amazon.com,shopping,edge
2026-02-10 01:48:22,https://stackoverflow.com/page40,stackoverflow.com,learning,chrome
2026-02-10 01:48:36,https://stackoverflow.com/page78,stackoverflow.com,learning,chrome
2026-02-10 01:50:08,https://github.com/page76,github.com,learning,chrome
2026-02-10 01:50:35,https://amazon.com/page94,amazon.com,shopping,edge
2026-02-10 01:51:05,https://github.com/page11,github.com,learning,chrome
2026-02-10 01:52:31,https://stackoverflow.com/page71,stackoverflow.com,learning,chrome
2026-02-10 01:54:14,https://reddit.com/page42,reddit.com,social,edge
2026-02-10 01:55:05,https://primevideo.com/page74,primevideo.com,video,edge
2026-02-10 01:55:42,https://reddit.com/page96,reddit.com,social,chrome
2026-02-10 01:57:17,https://x.com/page30,x.com,social,chrome
2026-02-10 01:58:50,https://stackoverflow.com/page76,stackoverflow.com,learning,edge
2026-02-10 01:59:41,https://x.com/page73,x.com,social,edge
2026-02-10 02:00:37,https://x.com/page24,x.com,social,chrome
2026-02-10 02:58:37,https://instagram.com/page86,instagram.com,social,chrome
2026-02-10 02:59:39,https://amazon.com/page55,amazon.com,shopping,chrome
2026-02-10 03:00:08,https://stackoverflow.com/page13,stackoverflow.com,learning,edge
2026-02-10 03:00:28,https://flipkart.com/page85,flipkart.com,shopping,chrome
2026-02-10 03:02:04,https://kaggle.com/page28,kaggle.com,learning,chrome
2026-02-10 03:03:45,https://facebook.com/page82,facebook.com,social,chrome
2026-02-10 03:04:55,https://primevideo.com/page39,primevideo.com,video,chrome
2026-02-10 03:05:19,https://reddit.com/page6,reddit.com,social,chrome
2026-02-10 03:05:38,https://facebook.com/page49,facebook.com,social,edge
2026-02-10 03:07:18,https://medium.com/page96,medium.com,learning,edge
2026-02-10 03:07:32,https://primevideo.com/page35,primevideo.com,video,chrome
2026-02-10 03:09:00,https://medium.com/page87,medium.com,learning,edge
2026-02-10 04:03:00,https://instagram.com/page3,instagram.com,social,edge
2026-02-10 04:04:21,https://amazon.com/page37,amazon.com,shopping,edge
2026-02-10 04:05:06,https://flipkart.com/page61,flipkart.com,shopping,edge
2026-02-10 04:51:06,https://instagram.com/page98,instagram.com,social,edge
2026-02-10 04:51:37,https://coursera.org/page27,coursera.org,learning,edge
2026-02-10 04:52:21,https://x.com/page9,x.com,social,edge
2026-02-10 04:53:49,https://facebook.com/page29,facebook.com,social,edge
2026-02-10 04:54:09,https://facebook.com/page73,facebook.com,social,edge
2026-02-10 04:55:54,https://coursera.org/page25,coursera.org,learning,chrome
2026-02-10 04:57:48,https://netflix.com/page17,netflix.com,video,chrome
2026-02-10 04:58:29,https://hotstar.com/page58,hotstar.com,video,chrome
2026-02-10 04:58:48,https://youtube.com/page16,youtube.com,video,edge
2026-02-10 05:00:48,https://github.com/page20,github.com,learning,chrome
2026-02-10 05:01:30,https://youtube.com/page11,youtube.com,video,chrome
2026-02-10 05:03:01,https://instagram.com/page64,instagram.com,social,edge
2026-02-10 05:04:26,https://youtube.com/page24,youtube.com,video,chrome
2026-02-10 05:40:26,https://reddit.com/page63,reddit.com,social,chrome
2026-02-10 06:29:26,https://primevideo.com/page85,primevideo.com,video,chrome
2026-02-10 06:30:53,https://coursera.org/page7,coursera.org,learning,chrome
2026-02-10 07:22:53,https://coursera.org/page88,coursera.org,learning,chrome
2026-02-10 07:23:04,https://flipkart.com/page10,flipkart.com,shopping,edge
2026-02-10 07:23:39,https://wikipedia.org/page99,wikipedia.org,other,edge
2026-02-10 07:25:35,https://hotstar.com/page20,hotstar.com,video,edge
2026-02-10 07:27:17,https://wikipedia.org/page57,wikipedia.org,other,edge
2026-02-10 07:28:30,https://netflix.com/page57,netflix.com,video,edge
2026-02-10 07:28:43,https://hotstar.com/page71,hotstar.com,video,edge
2026-02-10 07:29:13,https://primevideo.com/page95,primevideo.com,video,chrome
2026-02-10 07:29:39,https://coursera.org/page37,coursera.org,learning,edge
2026-02-10 07:30:25,https://hotstar.com/page36,hotstar.com,video,chrome
2026-02-10 07:30:40,https://github.com/page83,github.com,learning,chrome
2026-02-10 07:31:58,https://facebook.com/page74,facebook.com,social,edge
2026-02-10 07:33:43,https://netflix.com/page16,netflix.com,video,edge
2026-02-10 07:35:04,https://medium.com/page70,medium.com,learning,chrome
2026-02-10 07:36:50,https://wikipedia.org/page28,wikipedia.org,other,chrome
2026-02-10 07:37:26,https://facebook.com/page65,facebook.com,social,edge
2026-02-10 07:37:57,https://instagram.com/page44,instagram.com,social,chrome
2026-02-10 07:38:24,https://kaggle.com/page2,kaggle.com,learning,edge
2026-02-10 08:00:24,https://netflix.com/page77,netflix.com,video,edge
2026-02-10 08:01:05,https://reddit.com/page75,reddit.com,social,chrome
2026-02-10 08:02:55,https://instagram.com/page86,instagram.com,social,chrome
2026-02-10 08:03:17,https://reddit.com/page18,reddit.com,social,chrome
2026-02-10 08:03:55,https://stackoverflow.com/page99,stackoverflow.com,learning,chrome
2026-02-10 08:05:19,https://primevideo.com/page37,primevideo.com,video,edge
2026-02-10 08:06:23,https://github.com/page65,github.com,learning,edge
2026-02-10 08:08:21,https://netflix.com/page15,netflix.com,video,edge
2026-02-10 08:08:34,https://github.com/page7,github.com,learning,edge
2026-02-10 08:10:03,https://flipkart.com/page100,flipkart.com,shopping,edge
2026-02-10 08:11:29,https://reddit.com/page23,reddit.com,social,edge
2026-02-10 08:12:56,https://coursera.org/page67,coursera.org,learning,chrome
2026-02-10 08:13:49,https://facebook.com/page29,facebook.com,social,chrome
2026-02-10 08:14:32,https://netflix.com/page78,netflix.com,video,chrome
2026-02-10 08:15:03,https://netflix.com/page54,netflix.com,video,edge
2026-02-10 08:15:18,https://facebook.com/page53,facebook.com,social,chrome
2026-02-10 08:15:29,https://hotstar.com/page22,hotstar.com,video,chrome
2026-02-10 08:16:57,https://medium.com/page50,medium.com,learning,edge
2026-02-10 08:18:56,https://flipkart.com/page78,flipkart.com,shopping,edge
2026-02-10 08:20:20,https://hotstar.com/page40,hotstar.com,video,chrome
2026-02-10 08:20:31,https://amazon.com/page23,amazon.com,shopping,edge
2026-02-10 08:22:16,https://reddit.com/page19,reddit.com,social,edge
2026-02-10 08:23:44,https://coursera.org/page99,coursera.org,learning,chrome
2026-02-10 08:25:17,https://amazon.com/page54,amazon.com,shopping,edge
2026-02-10 08:26:54,https://instagram.com/page61,instagram.com,social,chrome
2026-02-10 08:28:40,https://stackoverflow.com/page58,stackoverflow.com,learning,edge
2026-02-10 08:29:29,https://stackoverflow.com/page82,stackoverflow.com,learning,chrome
2026-02-10 08:30:55,https://github.com/page38,github.com,learning,chrome
2026-02-10 08:32:54,https://flipkart.com/page75,flipkart.com,shopping,edge
2026-02-10 08:58:54,https://hotstar.com/page100,hotstar.com,video,chrome
2026-02-10 08:59:32,https://primevideo.com/page7,primevideo.com,video,chrome
2026-02-10 09:00:01,https://kaggle.com/page24,kaggle.com,learning,edge
2026-02-10 09:01:34,https://wikipedia.org/page53,wikipedia.org,other,chrome
2026-02-10 09:25:34,https://wikipedia.org/page96,wikipedia.org,other,edge
2026-02-10 09:27:03,https://netflix.com/page99,netflix.com,video,edge
2026-02-10 09:28:48,https://kaggle.com/page58,kaggle.com,learning,chrome
2026-02-10 09:30:25,https://kaggle.com/page93,kaggle.com,learning,chrome
2026-02-10 09:31:48,https://primevideo.com/page42,primevideo.com,video,edge
2026-02-10 09:33:22,https://reddit.com/page21,reddit.com,social,chrome
2026-02-10 09:33:34,https://x.com/page7,x.com,social,edge
2026-02-10 09:34:48,https://primevideo.com/page43,primevideo.com,video,edge
2026-02-10 09:36:30,https://medium.com/page42,medium.com,learning,edge
2026-02-10 09:38:16,https://reddit.com/page18,reddit.com,social,edge
2026-02-10 10:10:16,https://github.com/page69,github.com,learning,chrome
2026-02-10 10:11:49,https://hotstar.com/page39,hotstar.com,video,edge
2026-02-10 10:13:17,https://amazon.com/page92,amazon.com,shopping,edge
2026-02-10 10:14:20,https://stackoverflow.com/page17,stackoverflow.com,learning,chrome
2026-02-10 10:15:21,https://instagram.com/page76,instagram.com,social,edge
2026-02-10 10:16:37,https://stackoverflow.com/page18,stackoverflow.com,learning,edge
2026-02-10 10:16:48,https://coursera.org/page97,coursera.org,learning,edge
2026-02-10 10:18:33,https://medium.com/page100,medium.com,learning,edge
2026-02-10 10:20:09,https://wikipedia.org/page90,wikipedia.org,other,chrome
2026-02-10 10:21:52,https://x.com/page27,x.com,social,edge
2026-02-10 10:22:23,https://x.com/page48,x.com,social,edge
2026-02-10 10:23:41,https://facebook.com/page88,facebook.com,social,edge
2026-02-10 10:25:14,https://primevideo.com/page18,primevideo.com,video,chrome
2026-02-10 10:26:07,https://x.com/page68,x.com,social,edge
2026-02-10 10:26:54,https://hotstar.com/page30,hotstar.com,video,chrome
2026-02-10 10:27:21,https://primevideo.com/page46,primevideo.com,video,chrome
2026-02-10 10:28:36,https://youtube.com/page41,youtube.com,video,edge
2026-02-10 10:29:35,https://netflix.com/page63,netflix.com,video,chrome
2026-02-10 10:30:48,https://wikipedia.org/page86,wikipedia.org,other,edge
2026-02-10 10:32:35,https://flipkart.com/page62,flipkart.com,shopping,chrome
2026-02-10 10:34:23,https://stackoverflow.com/page95,stackoverflow.com,learning,chrome
2026-02-10 10:34:55,https://wikipedia.org/page93,wikipedia.org,other,edge
2026-02-10 10:35:25,https://instagram.com/page42,instagram.com,social,edge
2026-02-10 10:37:01,https://stackoverflow.com/page93,stackoverflow.com,learning,edge
2026-02-10 10:38:11,https://x.com/page65,x.com,social,edge
2026-02-10 10:39:07,https://hotstar.com/page40,hotstar.com,video,chrome
2026-02-10 10:39:31,https://reddit.com/page36,reddit.com,social,edge
2026-02-10 10:41:03,https://primevideo.com/page14,primevideo.com,video,edge
2026-02-10 10:43:01,https://wikipedia.org/page46,wikipedia.org,other,chrome
2026-02-10 10:44:04,https://facebook.com/page11,facebook.com,social,chrome
2026-02-10 10:45:39,https://youtube.com/page1,youtube.com,video,edge
2026-02-10 10:46:40,https://flipkart.com/page18,flipkart.com,shopping,chrome
2026-02-10 10:47:51,https://netflix.com/page2,netflix.com,video,edge
2026-02-10 10:48:03,https://facebook.com/page1,facebook.com,social,chrome
2026-02-10 10:49:43,https://reddit.com/page53,reddit.com,social,edge
2026-02-10 10:51:12,https://medium.com/page65,medium.com,learning,edge
2026-02-10 10:52:59,https://coursera.org/page61,coursera.org,learning,edge
2026-02-10 10:53:23,https://facebook.com/page100,facebook.com,social,chrome
2026-02-10 10:53:55,https://kaggle.com/page35,kaggle.com,learning,chrome
2026-02-10 10:54:33,https://x.com/page20,x.com,social,chrome
2026-02-10 10:56:10,https://primevideo.com/page64,primevideo.com,video,chrome
2026-02-10 10:57:19,https://facebook.com/page97,facebook.com,social,chrome
2026-02-10 10:58:42,https://hotstar.com/page39,hotstar.com,video,chrome
2026-02-10 10:58:56,https://wikipedia.org/page19,wikipedia.org,other,edge
2026-02-10 11:00:47,https://kaggle.com/page37,kaggle.com,learning,edge
2026-02-10 11:02:43,https://x.com/page56,x.com,social,chrome
2026-02-10 11:04:22,https://netflix.com/page88,netflix.com,video,edge
2026-02-10 11:05:27,https://github.com/page60,github.com,learning,chrome
2026-02-10 11:06:21,https://medium.com/page97,medium.com,learning,chrome
2026-02-10 11:07:29,https://medium.com/page64,medium.com,learning,chrome
2026-02-10 11:09:23,https://flipkart.com/page94,flipkart.com,shopping,chrome
2026-02-10 11:11:10,https://netflix.com/page92,netflix.com,video,edge
2026-02-10 11:12:47,https://github.com/page67,github.com,learning,edge
2026-02-10 11:13:45,https://kaggle.com/page85,kaggle.com,learning,edge
2026-02-10 11:15:27,https://facebook.com/page21,facebook.com,social,chrome
2026-02-10 11:16:04,https://x.com/page74,x.com,social,chrome
2026-02-10 11:16:25,https://netflix.com/page100,netflix.com,video,edge
2026-02-10 11:18:08,https://github.com/page76,github.com,learning,edge
2026-02-10 11:18:23,https://kaggle.com/page13,kaggle.com,learning,edge
2026-02-10 11:19:40,https://x.com/page44,x.com,social,edge
2026-02-10 11:21:26,https://x.com/page23,x.com,social,chrome
2026-02-10 11:22:40,https://hotstar.com/page31,hotstar.com,video,chrome
2026-02-10 11:23:33,https://medium.com/page61,medium.com,learning,chrome
2026-02-10 11:24:40,https://stackoverflow.com/page91,stackoverflow.com,learning,chrome
2026-02-10 11:25:09,https://medium.com/page10,medium.com,learning,chrome
2026-02-10 11:25:56,https://stackoverflow.com/page62,stackoverflow.com,learning,chrome
2026-02-10 11:27:42,https://hotstar.com/page27,hotstar.com,video,chrome
2026-02-10 11:29:15,https://facebook.com/page54,facebook.com,social,chrome
2026-02-10 11:30:01,https://github.com/page78,github.com,learning,chrome
2026-02-10 11:30:53,https://x.com/page6,x.com,social,edge
2026-02-10 11:32:50,https://kaggle.com/page39,kaggle.com,learning,edge
2026-02-10 11:33:04,https://hotstar.com/page12,hotstar.com,video,edge
2026-02-10 12:23:04,https://netflix.com/page50,netflix.com,video,chrome
2026-02-10 12:24:48,https://reddit.com/page1,reddit.com,social,chrome
2026-02-10 12:25:42,https://primevideo.com/page98,primevideo.com,video,edge
2026-02-10 12:26:06,https://amazon.com/page72,amazon.com,shopping,chrome
2026-02-10 12:26:29,https://instagram.com/page42,instagram.com,social,edge
2026-02-10 12:27:04,https://netflix.com/page64,netflix.com,video,edge
2026-02-10 12:28:12,https://flipkart.com/page63,flipkart.com,shopping,chrome
2026-02-10 12:29:08,https://netflix.com/page68,netflix.com,video,chrome
2026-02-10 12:29:41,https://x.com/page31,x.com,social,edge
2026-02-10 12:30:33,https://hotstar.com/page94,hotstar.com,video,chrome
2026-02-10 12:30:46,https://instagram.com/page31,instagram.com,social,chrome
2026-02-10 12:31:56,https://github.com/page79,github.com,learning,edge
2026-02-10 12:32:44,https://netflix.com/page69,netflix.com,video,chrome
2026-02-10 12:33:06,https://netflix.com/page37,netflix.com,video,chrome
2026-02-10 12:34:58,https://reddit.com/page80,reddit.com,social,chrome
2026-02-10 12:35:28,https://facebook.com/page59,facebook.com,social,chrome
2026-02-10 12:36:48,https://netflix.com/page8,netflix.com,video,chrome
2026-02-10 13:24:48,https://stackoverflow.com/page56,stackoverflow.com,learning,edge
2026-02-10 13:25:12,https://reddit.com/page81,reddit.com,social,chrome
2026-02-10 13:26:24,https://primevideo.com/page79,primevideo.com,video,chrome
2026-02-10 13:28:22,https://stackoverflow.com/page7,stackoverflow.com,learning,edge
2026-02-10 13:29:12,https://x.com/page77,x.com,social,edge
2026-02-10 13:30:49,https://primevideo.com/page70,primevideo.com,video,edge
2026-02-10 13:31:48,https://medium.com/page89,medium.com,learning,edge
2026-02-10 13:32:51,https://x.com/page21,x.com,social,edge
2026-02-10 13:33:47,https://wikipedia.org/page78,wikipedia.org,other,edge
2026-02-10 13:35:46,https://stackoverflow.com/page5,stackoverflow.com,learning,edge
2026-02-10 13:36:05,https://hotstar.com/page71,hotstar.com,video,edge
2026-02-10 14:00:05,https://github.com/page9,github.com,learning,chrome
2026-02-10 14:00:55,https://x.com/page22,x.com,social,edge
2026-02-10 14:01:18,https://wikipedia.org/page63,wikipedia.org,other,edge
2026-02-10 14:01:39,https://github.com/page12,github.com,learning,chrome
2026-02-10 14:02:01,https://reddit.com/page47,reddit.com,social,chrome
2026-02-10 14:03:42,https://kaggle.com/page44,kaggle.com,learning,edge
2026-02-10 14:05:01,https://hotstar.com/page4,hotstar.com,video,chrome
2026-02-10 14:06:51,https://stackoverflow.com/page53,stackoverflow.com,learning,chrome
2026-02-10 14:07:02,https://github.com/page70,github.com,learning,edge
2026-02-10 14:08:24,https://wikipedia.org/page41,wikipedia.org,other,edge
2026-02-10 14:08:43,https://github.com/page64,github.com,learning,chrome
2026-02-10 14:09:44,https://x.com/page7,x.com,social,edge
2026-02-10 14:11:33,https://youtube.com/page94,youtube.com,video,chrome
2026-02-10 14:13:26,https://stackoverflow.com/page20,stackoverflow.com,learning,chrome
2026-02-10 14:13:52,https://medium.com/page36,medium.com,learning,edge
2026-02-10 14:15:24,https://flipkart.com/page39,flipkart.com,shopping,chrome
2026-02-10 14:16:11,https://kaggle.com/page97,kaggle.com,learning,chrome
2026-02-10 14:17:11,https://amazon.com/page16,amazon.com,shopping,chrome
2026-02-10 14:18:27,https://primevideo.com/page3,primevideo.com,video,chrome
2026-02-10 14:19:13,https://flipkart.com/page51,flipkart.com,shopping,edge
2026-02-10 14:21:03,https://hotstar.com/page42,hotstar.com,video,edge
2026-02-10 14:22:16,https://instagram.com/page36,instagram.com,social,chrome
2026-02-10 14:46:16,https://netflix.com/page58,netflix.com,video,edge
2026-02-10 14:47:11,https://coursera.org/page48,coursera.org,learning,edge
2026-02-10 14:47:33,https://hotstar.com/page20,hotstar.com,video,edge
2026-02-10 14:47:49,https://netflix.com/page34,netflix.com,video,chrome
2026-02-10 14:49:28,https://amazon.com/page38,amazon.com,shopping,chrome
2026-02-10 14:49:38,https://medium.com/page41,medium.com,learning,edge
2026-02-10 14:51:36,https://kaggle.com/page5,kaggle.com,learning,edge
2026-02-10 14:52:30,https://reddit.com/page42,reddit.com,social,edge
2026-02-10 14:54:19,https://wikipedia.org/page78,wikipedia.org,other,edge
2026-02-10 14:55:19,https://hotstar.com/page40,hotstar.com,video,chrome
2026-02-10 14:56:16,https://medium.com/page29,medium.com,learning,chrome
2026-02-10 14:57:19,https://facebook.com/page63,facebook.com,social,chrome
2026-02-10 14:57:57,https://wikipedia.org/page84,wikipedia.org,other,chrome
2026-02-10 14:58:40,https://github.com/page82,github.com,learning,chrome
2026-02-10 14:59:10,https://primevideo.com/page6,primevideo.com,video,edge
2026-02-10 15:00:17,https://netflix.com/page88,netflix.com,video,chrome
2026-02-10 15:01:08,https://primevideo.com/page74,primevideo.com,video,edge
2026-02-10 15:02:47,https://github.com/page65,github.com,learning,chrome
2026-02-10 15:03:47,https://coursera.org/page20,coursera.org,learning,chrome
2026-02-10 15:42:47,https://primevideo.com/page75,primevideo.com,video,chrome
2026-02-10 15:43:28,https://wikipedia.org/page24,wikipedia.org,other,edge
2026-02-10 15:45:26,https://netflix.com/page4,netflix.com,video,edge
2026-02-10 15:45:56,https://amazon.com/page4,amazon.com,shopping,edge
2026-02-10 16:40:56,https://netflix.com/page98,netflix.com,video,chrome
2026-02-10 16:41:28,https://github.com/page88,github.com,learning,chrome
2026-02-10 16:42:15,https://hotstar.com/page43,hotstar.com,video,chrome
2026-02-10 16:43:15,https://wikipedia.org/page52,wikipedia.org,other,chrome
2026-02-10 16:45:13,https://hotstar.com/page6,hotstar.com,video,chrome
2026-02-10 16:45:36,https://youtube.com/page5,youtube.com,video,edge
2026-02-10 16:46:14,https://github.com/page51,github.com,learning,edge
2026-02-10 16:46:44,https://facebook.com/page7,facebook.com,social,edge
2026-02-10 16:48:28,https://netflix.com/page66,netflix.com,video,edge
2026-02-10 16:50:19,https://instagram.com/page30,instagram.com,social,chrome
2026-02-10 16:50:51,https://wikipedia.org/page72,wikipedia.org,other,chrome
2026-02-10 16:52:16,https://facebook.com/page13,facebook.com,social,edge
2026-02-10 16:52:43,https://primevideo.com/page47,primevideo.com,video,chrome
2026-02-10 16:53:21,https://kaggle.com/page64,kaggle.com,learning,edge
2026-02-10 16:54:08,https://github.com/page52,github.com,learning,chrome
2026-02-10 16:55:07,https://amazon.com/page28,amazon.com,shopping,edge
2026-02-10 16:56:27,https://youtube.com/page97,youtube.com,video,edge
2026-02-10 16:57:24,https://x.com/page58,x.com,social,edge
2026-02-10 16:57:36,https://amazon.com/page30,amazon.com,shopping,chrome
2026-02-10 16:57:53,https://coursera.org/page74,coursera.org,learning,edge
2026-02-10 16:58:07,https://primevideo.com/page86,primevideo.com,video,edge
2026-02-10 17:51:07,https://netflix.com/page45,netflix.com,video,edge
2026-02-10 17:52:52,https://coursera.org/page3,coursera.org,learning,chrome
2026-02-10 17:53:05,https://wikipedia.org/page23,wikipedia.org,other,chrome
2026-02-10 17:54:43,https://primevideo.com/page75,primevideo.com,video,chrome
2026-02-10 17:56:15,https://reddit.com/page96,reddit.com,social,edge
2026-02-10 17:56:30,https://facebook.com/page1,facebook.com,social,edge
2026-02-10 18:52:30,https://hotstar.com/page53,hotstar.com,video,edge
2026-02-10 19:43:30,https://coursera.org/page66,coursera.org,learning,edge
2026-02-10 19:44:04,https://wikipedia.org/page27,wikipedia.org,other,edge
2026-02-10 19:45:08,https://kaggle.com/page55,kaggle.com,learning,edge
2026-02-10 19:46:27,https://netflix.com/page34,netflix.com,video,chrome
2026-02-10 19:47:18,https://flipkart.com/page5,flipkart.com,shopping,edge
2026-02-10 19:47:51,https://netflix.com/page55,netflix.com,video,edge
2026-02-10 19:49:10,https://facebook.com/page34,facebook.com,social,chrome
2026-02-10 19:50:05,https://primevideo.com/page36,primevideo.com,video,edge
2026-02-10 19:51:27,https://coursera.org/page17,coursera.org,learning,chrome
2026-02-10 19:52:05,https://wikipedia.org/page67,wikipedia.org,other,edge
2026-02-10 19:53:57,https://kaggle.com/page89,kaggle.com,learning,edge
2026-02-10 19:54:59,https://reddit.com/page26,reddit.com,social,edge
2026-02-10 19:55:48,https://stackoverflow.com/page42,stackoverflow.com,learning,chrome
2026-02-10 19:56:55,https://youtube.com/page95,youtube.com,video,chrome
2026-02-10 19:58:37,https://primevideo.com/page9,primevideo.com,video,edge
2026-02-10 19:59:01,https://youtube.com/page99,youtube.com,video,chrome
2026-02-10 19:59:56,https://youtube.com/page71,youtube.com,video,chrome
2026-02-10 20:01:48,https://wikipedia.org/page62,wikipedia.org,other,chrome
2026-02-10 20:02:28,https://stackoverflow.com/page3,stackoverflow.com,learning,chrome
2026-02-10 20:03:38,https://coursera.org/page61,coursera.org,learning,chrome
2026-02-10 20:05:07,https://stackoverflow.com/page36,stackoverflow.com,learning,edge
2026-02-10 20:05:18,https://facebook.com/page71,facebook.com,social,edge
2026-02-10 20:05:36,https://amazon.com/page28,amazon.com,shopping,edge
2026-02-10 20:07:16,https://flipkart.com/page59,flipkart.com,shopping,chrome
2026-02-10 20:08:03,https://amazon.com/page89,amazon.com,shopping,chrome
2026-02-10 20:08:49,https://coursera.org/page38,coursera.org,learning,chrome
2026-02-10 20:10:25,https://youtube.com/page4,youtube.com,video,chrome
2026-02-10 20:12:01,https://wikipedia.org/page44,wikipedia.org,other,chrome
2026-02-10 20:13:03,https://kaggle.com/page60,kaggle.com,learning,chrome
2026-02-10 20:13:34,https://kaggle.com/page69,kaggle.com,learning,edge
2026-02-10 20:13:49,https://amazon.com/page53,amazon.com,shopping,chrome
2026-02-10 20:15:26,https://primevideo.com/page28,primevideo.com,video,chrome
2026-02-10 20:17:00,https://amazon.com/page40,amazon.com,shopping,edge
2026-02-10 20:18:36,https://facebook.com/page12,facebook.com,social,chrome
2026-02-10 20:19:40,https://facebook.com/page53,facebook.com,social,edge
2026-02-10 20:21:15,https://primevideo.com/page94,primevideo.com,video,edge
2026-02-10 20:23:08,https://youtube.com/page88,youtube.com,video,edge
2026-02-10 20:24:28,https://github.com/page29,github.com,learning,edge
2026-02-10 20:25:48,https://primevideo.com/page40,primevideo.com,video,edge
2026-02-10 20:26:33,https://reddit.com/page20,reddit.com,social,chrome
2026-02-10 20:28:02,https://stackoverflow.com/page29,stackoverflow.com,learning,chrome
2026-02-10 20:29:54,https://medium.com/page12,medium.com,learning,chrome
2026-02-10 20:31:25,https://reddit.com/page13,reddit.com,social,edge
2026-02-10 20:31:55,https://x.com/page3,x.com,social,chrome
2026-02-10 21:05:55,https://stackoverflow.com/page18,stackoverflow.com,learning,chrome
2026-02-10 21:07:16,https://instagram.com/page5,instagram.com,social,chrome
2026-02-10 21:07:50,https://github.com/page57,github.com,learning,edge
2026-02-10 21:09:12,https://primevideo.com/page66,primevideo.com,video,edge
2026-02-10 21:09:37,https://wikipedia.org/page13,wikipedia.org,other,chrome
2026-02-10 21:11:02,https://amazon.com/page20,amazon.com,shopping,edge
2026-02-10 21:11:14,https://flipkart.com/page94,flipkart.com,shopping,chrome
2026-02-10 21:12:00,https://amazon.com/page88,amazon.com,shopping,chrome
2026-02-10 21:12:56,https://x.com/page18,x.com,social,edge
2026-02-10 21:13:22,https://amazon.com/page23,amazon.com,shopping,chrome
2026-02-10 21:13:53,https://netflix.com/page52,netflix.com,video,edge
2026-02-10 21:15:23,https://primevideo.com/page89,primevideo.com,video,edge
2026-02-10 21:17:19,https://amazon.com/page73,amazon.com,shopping,edge
2026-02-10 21:17:50,https://x.com/page46,x.com,social,edge
2026-02-10 21:18:57,https://stackoverflow.com/page46,stackoverflow.com,learning,edge
2026-02-10 21:20:46,https://netflix.com/page92,netflix.com,video,edge
2026-02-10 21:22:17,https://netflix.com/page81,netflix.com,video,chrome
2026-02-10 21:24:09,https://medium.com/page84,medium.com,learning,chrome
2026-02-10 21:25:29,https://x.com/page45,x.com,social,edge
2026-02-10 21:26:26,https://flipkart.com/page53,flipkart.com,shopping,edge
2026-02-10 22:18:26,https://reddit.com/page85,reddit.com,social,chrome
2026-02-10 22:20:09,https://stackoverflow.com/page40,stackoverflow.com,learning,chrome
2026-02-10 22:21:54,https://github.com/page78,github.com,learning,chrome
2026-02-10 22:23:38,https://facebook.com/page34,facebook.com,social,edge
2026-02-10 22:24:28,https://reddit.com/page42,reddit.com,social,chrome
2026-02-10 22:24:42,https://netflix.com/page53,netflix.com,video,chrome
2026-02-10 22:26:32,https://flipkart.com/page11,flipkart.com,shopping,chrome
2026-02-10 22:27:58,https://x.com/page78,x.com,social,edge
2026-02-10 22:28:33,https://coursera.org/page38,coursera.org,learning,chrome
2026-02-10 22:29:15,https://hotstar.com/page7,hotstar.com,video,edge
2026-02-10 22:30:23,https://github.com/page66,github.com,learning,edge
2026-02-10 22:31:03,https://hotstar.com/page58,hotstar.com,video,edge
2026-02-10 22:32:14,https://reddit.com/page18,reddit.com,social,edge
2026-02-10 22:32:25,https://x.com/page87,x.com,social,chrome
2026-02-10 22:32:57,https://primevideo.com/page61,primevideo.com,video,chrome
2026-02-10 22:33:15,https://hotstar.com/page3,hotstar.com,video,chrome
2026-02-10 22:34:16,https://flipkart.com/page72,flipkart.com,shopping,edge
2026-02-10 22:35:19,https://flipkart.com/page25,flipkart.com,shopping,edge
2026-02-10 22:35:29,https://primevideo.com/page12,primevideo.com,video,chrome
2026-02-10 22:36:42,https://facebook.com/page32,facebook.com,social,edge
2026-02-10 22:38:34,https://primevideo.com/page14,primevideo.com,video,edge
2026-02-10 22:39:06,https://amazon.com/page38,amazon.com,shopping,chrome
2026-02-10 22:40:57,https://github.com/page14,github.com,learning,chrome
2026-02-10 22:42:22,https://instagram.com/page37,instagram.com,social,edge
2026-02-10 22:42:38,https://reddit.com/page100,reddit.com,social,edge
2026-02-10 22:43:32,https://wikipedia.org/page54,wikipedia.org,other,edge
2026-02-10 22:44:17,https://wikipedia.org/page12,wikipedia.org,other,edge
2026-02-10 22:45:14,https://primevideo.com/page86,primevideo.com,video,edge
2026-02-10 22:47:00,https://medium.com/page39,medium.com,learning,chrome
2026-02-10 22:47:58,https://stackoverflow.com/page30,stackoverflow.com,learning,chrome
2026-02-10 22:48:33,https://reddit.com/page48,reddit.com,social,chrome
2026-02-10 22:50:07,https://stackoverflow.com/page10,stackoverflow.com,learning,chrome
2026-02-10 22:50:17,https://flipkart.com/page13,flipkart.com,shopping,edge
2026-02-10 22:50:37,https://flipkart.com/page47,flipkart.com,shopping,chrome
2026-02-10 22:51:28,https://facebook.com/page50,facebook.com,social,chrome
2026-02-10 22:53:21,https://wikipedia.org/page58,wikipedia.org,other,edge
2026-02-10 22:53:51,https://wikipedia.org/page7,wikipedia.org,other,edge
2026-02-10 22:55:48,https://netflix.com/page45,netflix.com,video,edge
2026-02-10 22:57:35,https://stackoverflow.com/page61,stackoverflow.com,learning,chrome
2026-02-10 22:58:58,https://amazon.com/page6,amazon.com,shopping,edge
2026-02-10 22:59:19,https://flipkart.com/page37,flipkart.com,shopping,chrome
2026-02-10 23:00:53,https://coursera.org/page6,coursera.org,learning,edge
2026-02-10 23:02:14,https://facebook.com/page71,facebook.com,social,edge
2026-02-10 23:04:05,https://github.com/page89,github.com,learning,edge
2026-02-10 23:04:34,https://github.com/page45,github.com,learning,chrome
2026-02-10 23:04:56,https://flipkart.com/page6,flipkart.com,shopping,chrome
2026-02-10 23:06:26,https://stackoverflow.com/page68,stackoverflow.com,learning,edge
2026-02-10 23:08:18,https://hotstar.com/page27,hotstar.com,video,chrome
2026-02-10 23:09:00,https://netflix.com/page60,netflix.com,video,chrome
2026-02-10 23:09:13,https://kaggle.com/page37,kaggle.com,learning,chrome
2026-02-10 23:10:23,https://youtube.com/page57,youtube.com,video,chrome
2026-02-10 23:10:58,https://netflix.com/page5,netflix.com,video,edge
2026-02-10 23:12:48,https://primevideo.com/page4,primevideo.com,video,chrome
2026-02-10 23:13:21,https://x.com/page75,x.com,social,chrome
2026-02-10 23:14:40,https://facebook.com/page17,facebook.com,social,chrome
2026-02-10 23:16:18,https://facebook.com/page86,facebook.com,social,chrome
2026-02-10 23:16:46,https://flipkart.com/page52,flipkart.com,shopping,chrome
2026-02-10 23:18:43,https://github.com/page94,github.com,learning,edge
2026-02-10 23:19:21,https://reddit.com/page82,reddit.com,social,chrome
2026-02-10 23:20:01,https://hotstar.com/page9,hotstar.com,video,chrome
2026-02-10 23:21:15,https://amazon.com/page90,amazon.com,shopping,chrome
2026-02-10 23:21:40,https://medium.com/page89,medium.com,learning,edge
2026-02-10 23:22:48,https://primevideo.com/page44,primevideo.com,video,chrome
2026-02-10 23:24:10,https://netflix.com/page51,netflix.com,video,chrome
2026-02-10 23:25:17,https://youtube.com/page47,youtube.com,video,chrome
2026-02-10 23:27:14,https://netflix.com/page74,netflix.com,video,chrome
2026-02-10 23:28:30,https://stackoverflow.com/page15,stackoverflow.com,learning,chrome
2026-02-10 23:30:21,https://facebook.com/page80,facebook.com,social,chrome
2026-02-10 23:31:47,https://reddit.com/page77,reddit.com,social,chrome
2026-02-10 23:32:32,https://primevideo.com/page23,primevideo.com,video,edge
2026-02-10 23:34:00,https://primevideo.com/page50,primevideo.com,video,edge
2026-02-10 23:35:52,https://x.com/page1,x.com,social,edge
2026-02-10 23:36:05,https://primevideo.com/page91,primevideo.com,video,chrome
2026-02-10 23:37:40,https://github.com/page53,github.com,learning,edge
2026-02-10 23:38:24,https://facebook.com/page24,facebook.com,social,edge
2026-02-10 23:39:25,https://youtube.com/page39,youtube.com,video,edge
2026-02-10 23:40:55,https://reddit.com/page14,reddit.com,social,edge
2026-02-10 23:41:06,https://netflix.com/page9,netflix.com,video,edge
2026-02-10 23:42:57,https://netflix.com/page39,netflix.com,video,chrome
2026-02-10 23:44:57,https://facebook.com/page23,facebook.com,social,chrome
2026-02-10 23:45:07,https://facebook.com/page16,facebook.com,social,edge
2026-02-10 23:46:57,https://github.com/page84,github.com,learning,chrome
2026-02-10 23:47:24,https://primevideo.com/page22,primevideo.com,video,chrome
2026-02-10 23:47:50,https://x.com/page26,x.com,social,chrome
2026-02-11 00:44:50,https://instagram.com/page21,instagram.com,social,edge
2026-02-11 00:46:04,https://wikipedia.org/page91,wikipedia.org,other,edge
2026-02-11 00:46:49,https://youtube.com/page91,youtube.com,video,edge
2026-02-11 00:47:30,https://amazon.com/page71,amazon.com,shopping,chrome
2026-02-11 00:47:48,https://coursera.org/page60,coursera.org,learning,chrome
2026-02-11 00:49:37,https://instagram.com/page71,instagram.com,social,edge
2026-02-11 00:51:13,https://coursera.org/page14,coursera.org,learning,edge
2026-02-11 00:51:35,https://medium.com/page35,medium.com,learning,edge
2026-02-11 00:53:18,https://kaggle.com/page83,kaggle.com,learning,edge
2026-02-11 00:54:13,https://github.com/page55,github.com,learning,chrome
2026-02-11 00:55:37,https://youtube.com/page63,youtube.com,video,chrome
2026-02-11 00:57:10,https://stackoverflow.com/page25,stackoverflow.com,learning,edge
2026-02-11 00:57:57,https://amazon.com/page23,amazon.com,shopping,edge
2026-02-11 00:59:13,https://amazon.com/page41,amazon.com,shopping,edge
2026-02-11 01:00:02,https://medium.com/page5,medium.com,learning,chrome
2026-02-11 01:01:33,https://reddit.com/page81,reddit.com,social,edge
2026-02-11 01:03:01,https://primevideo.com/page56,primevideo.com,video,chrome
2026-02-11 01:04:35,https://reddit.com/page26,reddit.com,social,chrome
2026-02-11 01:47:35,https://reddit.com/page85,reddit.com,social,chrome
2026-02-11 01:48:29,https://facebook.com/page39,facebook.com,social,chrome
2026-02-11 01:50:26,https://facebook.com/page86,facebook.com,social,chrome
2026-02-11 01:50:57,https://kaggle.com/page94,kaggle.com,learning,edge
2026-02-11 01:52:54,https://coursera.org/page66,coursera.org,learning,edge
2026-02-11 01:53:11,https://reddit.com/page32,reddit.com,social,chrome
2026-02-11 01:54:42,https://amazon.com/page73,amazon.com,shopping,edge
2026-02-11 01:55:07,https://reddit.com/page12,reddit.com,social,edge
2026-02-11 01:55:21,https://primevideo.com/page35,primevideo.com,video,edge
2026-02-11 01:56:23,https://amazon.com/page49,amazon.com,shopping,edge
2026-02-11 01:58:12,https://coursera.org/page90,coursera.org,learning,chrome
2026-02-11 01:58:32,https://flipkart.com/page10,flipkart.com,shopping,edge
2026-02-11 01:58:52,https://primevideo.com/page59,primevideo.com,video,chrome
2026-02-11 02:30:52,https://reddit.com/page13,reddit.com,social,chrome
2026-02-11 02:32:06,https://stackoverflow.com/page88,stackoverflow.com,learning,chrome
2026-02-11 02:32:50,https://reddit.com/page45,reddit.com,social,edge
2026-02-11 02:33:35,https://hotstar.com/page28,hotstar.com,video,chrome
2026-02-11 02:35:30,https://instagram.com/page1,instagram.com,social,edge
2026-02-11 02:37:21,https://facebook.com/page11,facebook.com,social,edge
2026-02-11 02:37:41,https://amazon.com/page85,amazon.com,shopping,chrome
2026-02-11 02:39:14,https://youtube.com/page33,youtube.com,video,edge
2026-02-11 02:40:06,https://x.com/page29,x.com,social,edge
2026-02-11 02:41:42,https://reddit.com/page96,reddit.com,social,chrome
2026-02-11 02:43:39,https://coursera.org/page86,coursera.org,learning,edge
2026-02-11 02:45:20,https://youtube.com/page53,youtube.com,video,edge
2026-02-11 02:47:02,https://primevideo.com/page18,primevideo.com,video,chrome
2026-02-11 02:48:11,https://primevideo.com/page57,primevideo.com,video,edge
2026-02-11 02:48:21,https://primevideo.com/page72,primevideo.com,video,chrome
2026-02-11 02:50:05,https://hotstar.com/page49,hotstar.com,video,chrome
2026-02-11 02:50:20,https://coursera.org/page3,coursera.org,learning,edge
2026-02-11 02:51:38,https://flipkart.com/page73,flipkart.com,shopping,chrome
2026-02-11 02:53:26,https://instagram.com/page79,instagram.com,social,edge
2026-02-11 02:55:06,https://x.com/page8,x.com,social,edge
2026-02-11 02:55:23,https://instagram.com/page69,instagram.com,social,edge
2026-02-11 02:57:23,https://stackoverflow.com/page43,stackoverflow.com,learning,chrome
2026-02-11 02:58:55,https://wikipedia.org/page24,wikipedia.org,other,edge
2026-02-11 02:59:24,https://flipkart.com/page37,flipkart.com,shopping,chrome
2026-02-11 03:01:22,https://github.com/page1,github.com,learning,edge
2026-02-11 03:02:43,https://x.com/page10,x.com,social,chrome
2026-02-11 03:04:43,https://instagram.com/page88,instagram.com,social,chrome
2026-02-11 03:06:34,https://instagram.com/page49,instagram.com,social,chrome
2026-02-11 03:07:51,https://hotstar.com/page43,hotstar.com,video,chrome
2026-02-11 03:09:16,https://primevideo.com/page51,primevideo.com,video,edge
2026-02-11 03:10:32,https://primevideo.com/page7,primevideo.com,video,chrome
2026-02-11 03:11:33,https://flipkart.com/page99,flipkart.com,shopping,chrome
2026-02-11 03:12:41,https://stackoverflow.com/page47,stackoverflow.com,learning,chrome
2026-02-11 03:13:33,https://x.com/page44,x.com,social,chrome
2026-02-11 03:14:53,https://kaggle.com/page32,kaggle.com,learning,chrome
2026-02-11 03:15:30,https://stackoverflow.com/page78,stackoverflow.com,learning,edge
2026-02-11 03:17:06,https://primevideo.com/page41,primevideo.com,video,chrome
2026-02-11 03:18:12,https://facebook.com/page29,facebook.com,social,edge
2026-02-11 03:19:21,https://youtube.com/page30,youtube.com,video,chrome
2026-02-11 03:20:27,https://instagram.com/page7,instagram.com,social,edge
2026-02-11 03:22:00,https://amazon.com/page66,amazon.com,shopping,chrome
2026-02-11 03:23:03,https://flipkart.com/page30,flipkart.com,shopping,chrome
2026-02-11 03:23:46,https://coursera.org/page42,coursera.org,learning,edge
2026-02-11 03:24:39,https://coursera.org/page82,coursera.org,learning,chrome
2026-02-11 03:24:49,https://primevideo.com/page43,primevideo.com,video,chrome
2026-02-11 03:25:25,https://flipkart.com/page21,flipkart.com,shopping,chrome
2026-02-11 03:25:53,https://facebook.com/page29,facebook.com,social,edge
2026-02-11 03:26:20,https://instagram.com/page90,instagram.com,social,chrome
2026-02-11 03:27:51,https://github.com/page43,github.com,learning,edge
2026-02-11 03:29:46,https://facebook.com/page96,facebook.com,social,edge
2026-02-11 03:31:22,https://github.com/page49,github.com,learning,chrome
2026-02-11 03:33:09,https://netflix.com/page4,netflix.com,video,edge
2026-02-11 03:34:20,https://medium.com/page86,medium.com,learning,edge
2026-02-11 03:36:04,https://stackoverflow.com/page71,stackoverflow.com,learning,edge
2026-02-11 03:37:36,https://reddit.com/page95,reddit.com,social,edge
2026-02-11 03:38:29,https://flipkart.com/page77,flipkart.com,shopping,chrome
2026-02-11 03:39:58,https://reddit.com/page71,reddit.com,social,edge
2026-02-11 04:02:58,https://wikipedia.org/page71,wikipedia.org,other,chrome
2026-02-11 04:04:17,https://coursera.org/page45,coursera.org,learning,edge
2026-02-11 04:05:15,https://facebook.com/page99,facebook.com,social,chrome
2026-02-11 04:06:06,https://wikipedia.org/page98,wikipedia.org,other,edge
2026-02-11 04:06:17,https://medium.com/page42,medium.com,learning,edge
2026-02-11 04:06:51,https://primevideo.com/page35,primevideo.com,video,edge
2026-02-11 04:08:00,https://stackoverflow.com/page2,stackoverflow.com,learning,chrome
2026-02-11 04:08:56,https://kaggle.com/page42,kaggle.com,learning,edge
2026-02-11 04:09:53,https://wikipedia.org/page84,wikipedia.org,other,chrome
2026-02-11 05:04:53,https://reddit.com/page70,reddit.com,social,chrome
2026-02-11 05:06:22,https://flipkart.com/page10,flipkart.com,shopping,edge
2026-02-11 05:07:41,https://x.com/page96,x.com,social,chrome
2026-02-11 05:08:02,https://stackoverflow.com/page70,stackoverflow.com,learning,edge
2026-02-11 05:09:00,https://medium.com/page87,medium.com,learning,edge
2026-02-11 05:09:21,https://stackoverflow.com/page95,stackoverflow.com,learning,edge
2026-02-11 05:10:28,https://instagram.com/page73,instagram.com,social,edge
2026-02-11 05:12:14,https://amazon.com/page16,amazon.com,shopping,edge
2026-02-11 05:13:36,https://flipkart.com/page68,flipkart.com,shopping,edge
2026-02-11 05:15:13,https://hotstar.com/page30,hotstar.com,video,chrome
2026-02-11 05:15:42,https://kaggle.com/page40,kaggle.com,learning,edge
2026-02-11 05:17:34,https://x.com/page28,x.com,social,chrome
2026-02-11 05:18:11,https://amazon.com/page66,amazon.com,shopping,chrome
2026-02-11 05:19:08,https://hotstar.com/page48,hotstar.com,video,edge
2026-02-11 06:08:08,https://reddit.com/page35,reddit.com,social,edge
2026-02-11 06:08:58,https://facebook.com/page8,facebook.com,social,edge
2026-02-11 06:09:39,https://netflix.com/page24,netflix.com,video,edge
2026-02-11 06:11:00,https://coursera.org/page60,coursera.org,learning,edge
2026-02-11 06:12:29,https://hotstar.com/page5,hotstar.com,video,edge
2026-02-11 06:12:52,https://coursera.org/page74,coursera.org,learning,edge
2026-02-11 06:13:46,https://amazon.com/page76,amazon.com,shopping,edge
2026-02-11 06:14:08,https://facebook.com/page68,facebook.com,social,edge
2026-02-11 06:15:51,https://youtube.com/page61,youtube.com,video,chrome
2026-02-11 06:16:03,https://stackoverflow.com/page35,stackoverflow.com,learning,edge
2026-02-11 06:16:45,https://kaggle.com/page47,kaggle.com,learning,edge
2026-02-11 06:18:00,https://youtube.com/page8,youtube.com,video,chrome
2026-02-11 06:19:22,https://kaggle.com/page32,kaggle.com,learning,edge
2026-02-11 06:20:01,https://hotstar.com/page43,hotstar.com,video,edge
2026-02-11 06:21:22,https://netflix.com/page70,netflix.com,video,edge
2026-02-11 06:22:43,https://medium.com/page6,medium.com,learning,chrome
2026-02-11 06:23:26,https://facebook.com/page54,facebook.com,social,chrome
2026-02-11 06:25:14,https://facebook.com/page42,facebook.com,social,edge
2026-02-11 06:25:38,https://wikipedia.org/page76,wikipedia.org,other,chrome
2026-02-11 06:26:33,https://facebook.com/page11,facebook.com,social,chrome
2026-02-11 06:28:18,https://medium.com/page30,medium.com,learning,chrome
2026-02-11 06:30:12,https://facebook.com/page56,facebook.com,social,chrome
2026-02-11 06:30:31,https://primevideo.com/page40,primevideo.com,video,chrome
2026-02-11 07:29:31,https://youtube.com/page52,youtube.com,video,chrome
2026-02-11 07:30:51,https://flipkart.com/page48,flipkart.com,shopping,edge
2026-02-11 07:31:36,https://youtube.com/page33,youtube.com,video,edge
2026-02-11 07:31:50,https://medium.com/page18,medium.com,learning,chrome
2026-02-11 07:32:41,https://stackoverflow.com/page82,stackoverflow.com,learning,edge
2026-02-11 07:33:04,https://flipkart.com/page48,flipkart.com,shopping,chrome
2026-02-11 07:34:25,https://wikipedia.org/page3,wikipedia.org,other,chrome
2026-02-11 07:35:35,https://reddit.com/page90,reddit.com,social,edge
2026-02-11 07:57:35,https://netflix.com/page94,netflix.com,video,chrome
2026-02-11 07:58:46,https://instagram.com/page38,instagram.com,social,edge
2026-02-11 08:00:35,https://youtube.com/page68,youtube.com,video,edge
2026-02-11 08:00:49,https://netflix.com/page37,netflix.com,video,edge
2026-02-11 08:02:22,https://youtube.com/page47,youtube.com,video,edge
2026-02-11 08:04:09,https://stackoverflow.com/page25,stackoverflow.com,learning,edge
2026-02-11 08:04:53,https://instagram.com/page47,instagram.com,social,edge
2026-02-11 08:50:53,https://reddit.com/page43,reddit.com,social,chrome
2026-02-11 08:52:05,https://stackoverflow.com/page40,stackoverflow.com,learning,edge
2026-02-11 08:53:01,https://github.com/page22,github.com,learning,chrome
2026-02-11 08:54:56,https://medium.com/page7,medium.com,learning,chrome
2026-02-11 09:45:56,https://facebook.com/page21,facebook.com,social,chrome
2026-02-11 09:47:41,https://instagram.com/page95,instagram.com,social,chrome
2026-02-11 09:48:19,https://x.com/page65,x.com,social,chrome
2026-02-11 09:49:14,https://wikipedia.org/page29,wikipedia.org,other,chrome
2026-02-11 09:49:58,https://coursera.org/page46,coursera.org,learning,edge
2026-02-11 09:51:01,https://stackoverflow.com/page98,stackoverflow.com,learning,edge
2026-02-11 10:26:01,https://medium.com/page100,medium.com,learning,chrome
2026-02-11 10:26:47,https://wikipedia.org/page65,wikipedia.org,other,edge
2026-02-11 10:28:13,https://coursera.org/page65,coursera.org,learning,chrome
2026-02-11 10:28:49,https://reddit.com/page75,reddit.com,social,chrome
2026-02-11 10:29:13,https://instagram.com/page17,instagram.com,social,edge
2026-02-11 10:30:46,https://medium.com/page23,medium.com,learning,chrome
2026-02-11 10:32:43,https://medium.com/page48,medium.com,learning,chrome
2026-02-11 10:34:11,https://hotstar.com/page46,hotstar.com,video,chrome
2026-02-11 10:34:42,https://coursera.org/page44,coursera.org,learning,chrome
2026-02-11 10:35:47,https://flipkart.com/page60,flipkart.com,shopping,chrome
2026-02-11 10:36:53,https://kaggle.com/page97,kaggle.com,learning,chrome
2026-02-11 10:37:06,https://amazon.com/page73,amazon.com,shopping,chrome
2026-02-11 10:38:07,https://amazon.com/page77,amazon.com,shopping,edge
2026-02-11 10:39:17,https://x.com/page19,x.com,social,chrome
2026-02-11 10:40:22,https://wikipedia.org/page49,wikipedia.org,other,chrome
2026-02-11 10:40:51,https://facebook.com/page63,facebook.com,social,edge
2026-02-11 10:42:37,https://coursera.org/page44,coursera.org,learning,chrome
2026-02-11 10:43:26,https://instagram.com/page34,instagram.com,social,chrome
2026-02-11 10:44:13,https://wikipedia.org/page67,wikipedia.org,other,edge
2026-02-11 10:46:08,https://medium.com/page28,medium.com,learning,chrome
2026-02-11 10:47:25,https://youtube.com/page12,youtube.com,video,edge
2026-02-11 10:48:44,https://facebook.com/page25,facebook.com,social,chrome
2026-02-11 10:49:55,https://reddit.com/page39,reddit.com,social,edge
2026-02-11 10:50:41,https://reddit.com/page60,reddit.com,social,chrome
2026-02-11 10:51:32,https://github.com/page52,github.com,learning,edge
2026-02-11 10:51:43,https://stackoverflow.com/page82,stackoverflow.com,learning,chrome
2026-02-11 10:53:24,https://github.com/page36,github.com,learning,edge
2026-02-11 10:55:01,https://wikipedia.org/page74,wikipedia.org,other,edge
2026-02-11 10:55:48,https://netflix.com/page9,netflix.com,video,chrome
2026-02-11 10:56:02,https://facebook.com/page5,facebook.com,social,edge
2026-02-11 10:57:29,https://stackoverflow.com/page2,stackoverflow.com,learning,chrome
2026-02-11 10:57:58,https://facebook.com/page44,facebook.com,social,chrome
2026-02-11 10:58:34,https://amazon.com/page7,amazon.com,shopping,edge
2026-02-11 10:58:53,https://amazon.com/page37,amazon.com,shopping,edge
2026-02-11 10:59:14,https://flipkart.com/page89,flipkart.com,shopping,edge
2026-02-11 11:00:49,https://coursera.org/page21,coursera.org,learning,edge
2026-02-11 11:01:07,https://stackoverflow.com/page56,stackoverflow.com,learning,edge
2026-02-11 11:02:46,https://stackoverflow.com/page32,stackoverflow.com,learning,edge
2026-02-11 11:03:20,https://kaggle.com/page44,kaggle.com,learning,edge
2026-02-11 11:04:55,https://amazon.com/page43,amazon.com,shopping,edge
2026-02-11 11:05:10,https://x.com/page67,x.com,social,edge
2026-02-11 11:05:50,https://amazon.com/page84,amazon.com,shopping,edge
2026-02-11 11:06:04,https://kaggle.com/page1,kaggle.com,learning,edge
2026-02-11 11:06:41,https://hotstar.com/page82,hotstar.com,video,edge
2026-02-11 11:07:01,https://facebook.com/page8,facebook.com,social,edge
2026-02-11 11:08:34,https://medium.com/page78,medium.com,learning,chrome
2026-02-11 11:09:42,https://kaggle.com/page31,kaggle.com,learning,edge
2026-02-11 11:10:29,https://github.com/page65,github.com,learning,chrome
2026-02-11 11:10:44,https://facebook.com/page99,facebook.com,social,chrome
2026-02-11 11:12:18,https://medium.com/page41,medium.com,learning,chrome
2026-02-11 11:12:44,https://amazon.com/page70,amazon.com,shopping,edge
2026-02-11 11:13:56,https://primevideo.com/page1,primevideo.com,video,edge
2026-02-11 11:43:56,https://x.com/page75,x.com,social,edge
2026-02-11 11:45:17,https://wikipedia.org/page61,wikipedia.org,other,edge
2026-02-11 11:46:23,https://medium.com/page62,medium.com,learning,edge
2026-02-11 11:47:34,https://reddit.com/page29,reddit.com,social,chrome
2026-02-11 12:19:34,https://stackoverflow.com/page69,stackoverflow.com,learning,chrome
2026-02-11 12:20:00,https://github.com/page99,github.com,learning,chrome
2026-02-11 12:22:00,https://flipkart.com/page59,flipkart.com,shopping,chrome
2026-02-11 12:23:41,https://x.com/page7,x.com,social,edge
2026-02-11 12:24:39,https://x.com/page93,x.com,social,edge
2026-02-11 12:25:28,https://reddit.com/page12,reddit.com,social,chrome
2026-02-11 12:26:18,https://primevideo.com/page50,primevideo.com,video,edge
2026-02-11 12:26:34,https://kaggle.com/page41,kaggle.com,learning,edge
2026-02-11 13:23:34,https://netflix.com/page22,netflix.com,video,chrome
2026-02-11 13:24:24,https://x.com/page61,x.com,social,edge
2026-02-11 13:25:02,https://netflix.com/page50,netflix.com,video,chrome
2026-02-11 13:25:45,https://netflix.com/page48,netflix.com,video,chrome
2026-02-11 13:26:25,https://youtube.com/page58,youtube.com,video,edge
2026-02-11 13:27:17,https://medium.com/page81,medium.com,learning,edge
2026-02-11 13:29:13,https://youtube.com/page48,youtube.com,video,chrome
2026-02-11 13:31:12,https://instagram.com/page92,instagram.com,social,chrome
2026-02-11 13:31:56,https://flipkart.com/page100,flipkart.com,shopping,chrome
2026-02-11 13:54:56,https://coursera.org/page43,coursera.org,learning,edge
2026-02-11 13:56:49,https://flipkart.com/page53,flipkart.com,shopping,chrome
2026-02-11 13:58:43,https://stackoverflow.com/page9,stackoverflow.com,learning,edge
2026-02-11 13:59:14,https://netflix.com/page73,netflix.com,video,edge
2026-02-11 14:00:19,https://kaggle.com/page80,kaggle.com,learning,chrome
2026-02-11 14:00:56,https://kaggle.com/page17,kaggle.com,learning,edge
2026-02-11 14:02:31,https://kaggle.com/page28,kaggle.com,learning,edge
2026-02-11 14:02:45,https://coursera.org/page95,coursera.org,learning,edge
2026-02-11 14:04:30,https://reddit.com/page67,reddit.com,social,edge
2026-02-11 14:05:50,https://github.com/page87,github.com,learning,chrome
2026-02-11 14:06:25,https://netflix.com/page60,netflix.com,video,edge
2026-02-11 14:59:25,https://kaggle.com/page11,kaggle.com,learning,edge
2026-02-11 15:01:14,https://kaggle.com/page46,kaggle.com,learning,chrome
2026-02-11 15:01:41,https://hotstar.com/page1,hotstar.com,video,edge
2026-02-11 15:02:42,https://flipkart.com/page87,flipkart.com,shopping,edge
2026-02-11 15:03:30,https://netflix.com/page48,netflix.com,video,chrome
2026-02-11 15:03:40,https://wikipedia.org/page64,wikipedia.org,other,edge
2026-02-11 15:04:52,https://github.com/page25,github.com,learning,edge
2026-02-11 15:05:50,https://primevideo.com/page72,primevideo.com,video,chrome
2026-02-11 15:07:20,https://hotstar.com/page13,hotstar.com,video,chrome
2026-02-11 15:09:14,https://netflix.com/page92,netflix.com,video,edge
2026-02-11 15:10:22,https://flipkart.com/page31,flipkart.com,shopping,chrome
2026-02-11 15:11:08,https://kaggle.com/page67,kaggle.com,learning,edge
2026-02-11 15:12:24,https://netflix.com/page48,netflix.com,video,chrome
2026-02-11 15:13:58,https://youtube.com/page12,youtube.com,video,chrome
2026-02-11 15:15:09,https://netflix.com/page47,netflix.com,video,edge
2026-02-11 15:16:38,https://coursera.org/page86,coursera.org,learning,chrome
2026-02-11 15:17:48,https://amazon.com/page17,amazon.com,shopping,edge
2026-02-11 15:18:02,https://coursera.org/page34,coursera.org,learning,chrome
2026-02-11 15:19:02,https://instagram.com/page64,instagram.com,social,edge
2026-02-11 15:20:24,https://x.com/page51,x.com,social,edge
2026-02-11 15:21:43,https://medium.com/page17,medium.com,learning,chrome
2026-02-11 15:23:21,https://github.com/page70,github.com,learning,edge
2026-02-11 15:24:51,https://primevideo.com/page7,primevideo.com,video,edge
2026-02-11 15:25:18,https://primevideo.com/page21,primevideo.com,video,chrome
2026-02-11 15:26:05,https://x.com/page56,x.com,social,edge
2026-02-11 15:26:34,https://reddit.com/page41,reddit.com,social,chrome
2026-02-11 15:28:06,https://coursera.org/page95,coursera.org,learning,edge
2026-02-11 15:29:52,https://coursera.org/page56,coursera.org,learning,chrome
2026-02-11 15:31:18,https://github.com/page58,github.com,learning,chrome
2026-02-11 15:31:42,https://kaggle.com/page2,kaggle.com,learning,chrome
2026-02-11 15:32:52,https://youtube.com/page13,youtube.com,video,chrome
2026-02-11 15:33:44,https://facebook.com/page31,facebook.com,social,chrome
2026-02-11 15:35:22,https://youtube.com/page44,youtube.com,video,chrome
2026-02-11 15:36:46,https://github.com/page76,github.com,learning,edge
2026-02-11 15:38:18,https://hotstar.com/page3,hotstar.com,video,chrome
2026-02-11 15:38:30,https://x.com/page73,x.com,social,edge
2026-02-11 16:04:30,https://flipkart.com/page67,flipkart.com,shopping,edge
2026-02-11 16:06:16,https://wikipedia.org/page53,wikipedia.org,other,chrome
2026-02-11 16:08:14,https://youtube.com/page2,youtube.com,video,chrome
2026-02-11 16:08:46,https://youtube.com/page9,youtube.com,video,chrome
2026-02-11 16:10:02,https://coursera.org/page72,coursera.org,learning,chrome
2026-02-11 16:10:28,https://instagram.com/page49,instagram.com,social,chrome
2026-02-11 16:11:55,https://medium.com/page90,medium.com,learning,edge
2026-02-11 16:12:19,https://primevideo.com/page31,primevideo.com,video,edge
2026-02-11 16:13:49,https://primevideo.com/page13,primevideo.com,video,chrome
2026-02-11 16:14:36,https://medium.com/page99,medium.com,learning,edge
2026-02-11 16:51:36,https://kaggle.com/page43,kaggle.com,learning,edge
2026-02-11 16:52:18,https://flipkart.com/page57,flipkart.com,shopping,edge
2026-02-11 16:53:23,https://instagram.com/page51,instagram.com,social,edge
2026-02-11 16:54:09,https://facebook.com/page29,facebook.com,social,edge
2026-02-11 16:54:41,https://flipkart.com/page70,flipkart.com,shopping,chrome
2026-02-11 16:55:43,https://facebook.com/page6,facebook.com,social,chrome
2026-02-11 16:56:41,https://facebook.com/page25,facebook.com,social,edge
2026-02-11 16:57:09,https://medium.com/page78,medium.com,learning,chrome
2026-02-11 16:58:29,https://coursera.org/page31,coursera.org,learning,chrome
2026-02-11 17:00:25,https://medium.com/page63,medium.com,learning,chrome
2026-02-11 17:00:55,https://x.com/page22,x.com,social,chrome
2026-02-11 17:01:28,https://medium.com/page60,medium.com,learning,edge
2026-02-11 17:02:27,https://flipkart.com/page18,flipkart.com,shopping,edge
2026-02-11 17:03:05,https://github.com/page12,github.com,learning,chrome
2026-02-11 17:04:04,https://hotstar.com/page47,hotstar.com,video,edge
2026-02-11 17:04:14,https://hotstar.com/page2,hotstar.com,video,chrome
2026-02-11 17:06:01,https://stackoverflow.com/page91,stackoverflow.com,learning,edge
2026-02-11 17:07:25,https://kaggle.com/page39,kaggle.com,learning,chrome
2026-02-11 17:09:25,https://amazon.com/page13,amazon.com,shopping,edge
2026-02-11 17:11:01,https://instagram.com/page92,instagram.com,social,edge
2026-02-11 17:12:44,https://facebook.com/page90,facebook.com,social,edge
2026-02-11 17:13:26,https://reddit.com/page11,reddit.com,social,chrome
2026-02-11 17:15:08,https://kaggle.com/page93,kaggle.com,learning,edge
2026-02-11 17:16:22,https://youtube.com/page77,youtube.com,video,edge
2026-02-11 17:18:11,https://flipkart.com/page36,flipkart.com,shopping,chrome
2026-02-11 17:19:01,https://wikipedia.org/page36,wikipedia.org,other,edge
2026-02-11 17:19:35,https://x.com/page93,x.com,social,edge
2026-02-11 17:20:58,https://reddit.com/page38,reddit.com,social,edge
2026-02-11 17:22:37,https://coursera.org/page35,coursera.org,learning,edge
2026-02-11 17:24:08,https://youtube.com/page47,youtube.com,video,edge
2026-02-11 17:26:08,https://flipkart.com/page16,flipkart.com,shopping,chrome
2026-02-11 17:26:24,https://amazon.com/page61,amazon.com,shopping,edge
2026-02-11 17:26:47,https://flipkart.com/page24,flipkart.com,shopping,edge
2026-02-11 17:27:36,https://instagram.com/page57,instagram.com,social,chrome
2026-02-11 17:29:05,https://medium.com/page38,medium.com,learning,chrome
2026-02-11 17:29:51,https://facebook.com/page22,facebook.com,social,chrome
2026-02-11 17:30:19,https://stackoverflow.com/page45,stackoverflow.com,learning,edge
2026-02-11 17:31:39,https://reddit.com/page44,reddit.com,social,chrome
2026-02-11 17:32:18,https://medium.com/page70,medium.com,learning,edge
2026-02-11 17:34:14,https://github.com/page56,github.com,learning,edge
2026-02-11 17:35:40,https://instagram.com/page65,instagram.com,social,edge
2026-02-11 18:16:40,https://flipkart.com/page23,flipkart.com,shopping,chrome
2026-02-11 18:17:03,https://kaggle.com/page81,kaggle.com,learning,chrome
2026-02-11 18:17:35,https://flipkart.com/page48,flipkart.com,shopping,edge
2026-02-11 18:18:22,https://primevideo.com/page51,primevideo.com,video,chrome
2026-02-11 18:19:28,https://amazon.com/page49,amazon.com,shopping,edge
2026-02-11 18:19:54,https://reddit.com/page84,reddit.com,social,chrome
2026-02-11 18:21:47,https://medium.com/page6,medium.com,learning,edge
2026-02-11 18:22:03,https://medium.com/page55,medium.com,learning,chrome
2026-02-11 18:23:21,https://primevideo.com/page67,primevideo.com,video,chrome
2026-02-11 18:23:45,https://amazon.com/page90,amazon.com,shopping,edge
2026-02-11 18:25:42,https://primevideo.com/page91,primevideo.com,video,chrome
2026-02-11 18:26:25,https://reddit.com/page77,reddit.com,social,chrome
2026-02-11 18:26:47,https://x.com/page67,x.com,social,chrome
2026-02-11 18:27:29,https://youtube.com/page66,youtube.com,video,edge
2026-02-11 18:29:08,https://stackoverflow.com/page7,stackoverflow.com,learning,chrome
2026-02-11 18:29:41,https://coursera.org/page38,coursera.org,learning,edge
2026-02-11 18:30:04,https://primevideo.com/page5,primevideo.com,video,edge
2026-02-11 18:31:05,https://reddit.com/page8,reddit.com,social,chrome
2026-02-11 18:32:37,https://facebook.com/page75,facebook.com,social,chrome
2026-02-11 18:32:50,https://reddit.com/page25,reddit.com,social,edge
2026-02-11 18:34:49,https://stackoverflow.com/page92,stackoverflow.com,learning,chrome
2026-02-11 18:36:40,https://hotstar.com/page79,hotstar.com,video,chrome
2026-02-11 18:38:23,https://primevideo.com/page69,primevideo.com,video,chrome
2026-02-11 18:40:04,https://github.com/page14,github.com,learning,chrome
2026-02-11 18:41:14,https://youtube.com/page41,youtube.com,video,chrome
2026-02-11 18:42:52,https://facebook.com/page97,facebook.com,social,edge
2026-02-11 18:44:38,https://youtube.com/page53,youtube.com,video,chrome
2026-02-11 18:45:25,https://medium.com/page61,medium.com,learning,edge
2026-02-11 18:47:14,https://coursera.org/page52,coursera.org,learning,chrome
2026-02-11 18:48:10,https://medium.com/page9,medium.com,learning,chrome
2026-02-11 18:49:28,https://medium.com/page21,medium.com,learning,edge
2026-02-11 18:50:32,https://amazon.com/page48,amazon.com,shopping,chrome
2026-02-11 18:52:23,https://reddit.com/page82,reddit.com,social,edge
2026-02-11 18:53:37,https://amazon.com/page66,amazon.com,shopping,chrome
2026-02-11 18:54:04,https://reddit.com/page14,reddit.com,social,edge
2026-02-11 19:14:04,https://reddit.com/page13,reddit.com,social,chrome
2026-02-11 19:15:15,https://amazon.com/page41,amazon.com,shopping,chrome
2026-02-11 19:17:06,https://stackoverflow.com/page8,stackoverflow.com,learning,chrome
2026-02-11 19:17:19,https://youtube.com/page9,youtube.com,video,chrome
2026-02-11 19:19:00,https://facebook.com/page91,facebook.com,social,edge
2026-02-11 19:20:25,https://stackoverflow.com/page52,stackoverflow.com,learning,chrome
2026-02-11 19:20:49,https://youtube.com/page33,youtube.com,video,chrome
2026-02-11 19:22:25,https://flipkart.com/page91,flipkart.com,shopping,chrome
2026-02-11 19:23:35,https://github.com/page18,github.com,learning,edge
2026-02-11 19:25:02,https://primevideo.com/page43,primevideo.com,video,edge
2026-02-11 19:25:28,https://reddit.com/page30,reddit.com,social,chrome
2026-02-11 19:27:12,https://wikipedia.org/page15,wikipedia.org,other,edge
2026-02-11 19:27:51,https://reddit.com/page31,reddit.com,social,edge
2026-02-11 19:29:28,https://reddit.com/page100,reddit.com,social,edge
2026-02-11 19:29:42,https://facebook.com/page10,facebook.com,social,edge
2026-02-11 19:31:38,https://amazon.com/page84,amazon.com,shopping,edge
2026-02-11 19:31:54,https://coursera.org/page66,coursera.org,learning,edge
2026-02-11 19:32:32,https://flipkart.com/page13,flipkart.com,shopping,chrome
2026-02-11 19:32:45,https://instagram.com/page9,instagram.com,social,edge
2026-02-11 19:33:58,https://coursera.org/page57,coursera.org,learning,chrome
2026-02-11 19:35:37,https://medium.com/page47,medium.com,learning,chrome
2026-02-11 19:37:03,https://flipkart.com/page32,flipkart.com,shopping,edge
2026-02-11 19:38:00,https://x.com/page47,x.com,social,chrome
2026-02-11 19:38:26,https://amazon.com/page93,amazon.com,shopping,edge
2026-02-11 19:40:10,https://instagram.com/page41,instagram.com,social,chrome
2026-02-11 19:41:58,https://kaggle.com/page31,kaggle.com,learning,edge
2026-02-11 19:42:44,https://kaggle.com/page58,kaggle.com,learning,edge
2026-02-11 19:44:25,https://wikipedia.org/page50,wikipedia.org,other,edge
2026-02-11 19:46:18,https://wikipedia.org/page14,wikipedia.org,other,edge
2026-02-11 19:48:08,https://reddit.com/page47,reddit.com,social,chrome
2026-02-11 19:50:06,https://primevideo.com/page24,primevideo.com,video,edge
2026-02-11 19:52:04,https://amazon.com/page78,amazon.com,shopping,edge
2026-02-11 19:52:35,https://github.com/page39,github.com,learning,edge
2026-02-11 19:54:22,https://hotstar.com/page48,hotstar.com,video,chrome
2026-02-11 19:54:48,https://flipkart.com/page67,flipkart.com,shopping,chrome
2026-02-11 19:56:36,https://github.com/page30,github.com,learning,chrome
2026-02-11 19:58:01,https://stackoverflow.com/page75,stackoverflow.com,learning,chrome
2026-02-11 19:58:23,https://facebook.com/page73,facebook.com,social,chrome
2026-02-11 19:59:59,https://coursera.org/page56,coursera.org,learning,edge
2026-02-11 20:00:09,https://instagram.com/page30,instagram.com,social,chrome
2026-02-11 20:01:37,https://instagram.com/page47,instagram.com,social,edge
2026-02-11 20:02:19,https://hotstar.com/page16,hotstar.com,video,chrome
2026-02-11 20:03:52,https://flipkart.com/page73,flipkart.com,shopping,edge
2026-02-11 20:05:31,https://facebook.com/page20,facebook.com,social,chrome
2026-02-11 20:07:03,https://facebook.com/page29,facebook.com,social,edge
2026-02-11 20:07:39,https://kaggle.com/page25,kaggle.com,learning,edge
2026-02-11 20:07:57,https://instagram.com/page53,instagram.com,social,edge
2026-02-11 20:08:39,https://wikipedia.org/page85,wikipedia.org,other,chrome
2026-02-11 20:09:58,https://medium.com/page82,medium.com,learning,edge
2026-02-11 20:10:53,https://hotstar.com/page49,hotstar.com,video,edge
2026-02-11 20:11:04,https://netflix.com/page10,netflix.com,video,edge
2026-02-11 20:12:13,https://hotstar.com/page19,hotstar.com,video,chrome
2026-02-11 20:14:07,https://instagram.com/page71,instagram.com,social,edge
2026-02-11 20:15:36,https://coursera.org/page54,coursera.org,learning,edge
2026-02-11 20:17:06,https://netflix.com/page68,netflix.com,video,edge
2026-02-11 20:17:50,https://github.com/page15,github.com,learning,edge
2026-02-11 20:18:03,https://facebook.com/page17,facebook.com,social,edge
2026-02-11 20:18:38,https://coursera.org/page49,coursera.org,learning,edge
2026-02-11 20:19:02,https://primevideo.com/page23,primevideo.com,video,chrome
2026-02-11 20:20:45,https://netflix.com/page48,netflix.com,video,chrome
2026-02-11 20:21:14,https://stackoverflow.com/page29,stackoverflow.com,learning,chrome
2026-02-11 20:22:02,https://medium.com/page93,medium.com,learning,edge
2026-02-11 20:22:26,https://instagram.com/page28,instagram.com,social,chrome
2026-02-11 20:23:30,https://primevideo.com/page28,primevideo.com,video,edge
2026-02-11 20:25:25,https://x.com/page71,x.com,social,edge
2026-02-11 20:25:36,https://kaggle.com/page43,kaggle.com,learning,chrome
2026-02-11 20:25:52,https://stackoverflow.com/page93,stackoverflow.com,learning,chrome
2026-02-11 20:26:27,https://reddit.com/page70,reddit.com,social,chrome
2026-02-11 20:27:55,https://amazon.com/page88,amazon.com,shopping,chrome
2026-02-11 20:28:12,https://kaggle.com/page93,kaggle.com,learning,edge
2026-02-11 20:28:53,https://instagram.com/page48,instagram.com,social,edge
2026-02-11 20:29:20,https://amazon.com/page34,amazon.com,shopping,edge
2026-02-11 20:31:04,https://x.com/page81,x.com,social,chrome
2026-02-11 20:31:59,https://wikipedia.org/page24,wikipedia.org,other,edge
2026-02-11 20:32:28,https://stackoverflow.com/page3,stackoverflow.com,learning,chrome
2026-02-11 20:34:17,https://kaggle.com/page19,kaggle.com,learning,chrome
2026-02-11 20:35:36,https://coursera.org/page56,coursera.org,learning,chrome
2026-02-11 20:37:13,https://netflix.com/page75,netflix.com,video,chrome
2026-02-11 20:37:41,https://kaggle.com/page74,kaggle.com,learning,chrome
2026-02-11 20:38:29,https://stackoverflow.com/page33,stackoverflow.com,learning,edge
2026-02-11 20:40:24,https://medium.com/page9,medium.com,learning,edge
2026-02-11 20:41:57,https://kaggle.com/page37,kaggle.com,learning,chrome
2026-02-11 20:43:13,https://kaggle.com/page36,kaggle.com,learning,edge
2026-02-11 20:44:21,https://youtube.com/page99,youtube.com,video,chrome
2026-02-11 20:44:33,https://youtube.com/page84,youtube.com,video,chrome
2026-02-11 20:44:46,https://x.com/page98,x.com,social,chrome
2026-02-11 20:45:32,https://netflix.com/page81,netflix.com,video,chrome
2026-02-11 20:46:16,https://reddit.com/page12,reddit.com,social,edge
2026-02-11 20:47:26,https://instagram.com/page52,instagram.com,social,chrome
2026-02-11 20:48:03,https://reddit.com/page84,reddit.com,social,chrome
2026-02-11 20:49:52,https://youtube.com/page76,youtube.com,video,chrome
2026-02-11 20:51:16,https://kaggle.com/page80,kaggle.com,learning,chrome
2026-02-11 20:51:41,https://hotstar.com/page60,hotstar.com,video,edge
2026-02-11 20:52:32,https://netflix.com/page87,netflix.com,video,chrome
2026-02-11 20:54:18,https://hotstar.com/page35,hotstar.com,video,chrome
2026-02-11 20:54:30,https://netflix.com/page55,netflix.com,video,edge
2026-02-11 20:56:16,https://medium.com/page72,medium.com,learning,chrome
2026-02-11 20:57:30,https://netflix.com/page97,netflix.com,video,chrome
2026-02-11 20:59:29,https://amazon.com/page44,amazon.com,shopping,edge
2026-02-11 21:25:29,https://amazon.com/page46,amazon.com,shopping,edge
2026-02-11 21:27:00,https://amazon.com/page58,amazon.com,shopping,chrome
2026-02-11 22:16:00,https://flipkart.com/page89,flipkart.com,shopping,edge
2026-02-11 22:17:13,https://github.com/page69,github.com,learning,edge
2026-02-11 22:18:10,https://x.com/page89,x.com,social,chrome
2026-02-11 23:07:10,https://flipkart.com/page100,flipkart.com,shopping,edge
2026-02-11 23:07:42,https://reddit.com/page96,reddit.com,social,edge
2026-02-11 23:09:35,https://netflix.com/page80,netflix.com,video,chrome
2026-02-11 23:11:07,https://flipkart.com/page64,flipkart.com,shopping,chrome
2026-02-11 23:13:06,https://facebook.com/page92,facebook.com,social,chrome
2026-02-11 23:13:17,https://amazon.com/page36,amazon.com,shopping,edge
2026-02-11 23:13:44,https://youtube.com/page39,youtube.com,video,chrome
2026-02-11 23:15:41,https://medium.com/page66,medium.com,learning,edge
2026-02-11 23:15:55,https://x.com/page15,x.com,social,chrome
2026-02-11 23:16:51,https://flipkart.com/page51,flipkart.com,shopping,chrome
2026-02-11 23:18:28,https://coursera.org/page90,coursera.org,learning,chrome
2026-02-11 23:19:40,https://medium.com/page44,medium.com,learning,chrome
2026-02-11 23:21:15,https://stackoverflow.com/page44,stackoverflow.com,learning,chrome
2026-02-11 23:21:51,https://amazon.com/page99,amazon.com,shopping,chrome
2026-02-11 23:22:10,https://kaggle.com/page15,kaggle.com,learning,edge
2026-02-11 23:22:40,https://stackoverflow.com/page70,stackoverflow.com,learning,chrome
2026-02-11 23:23:08,https://medium.com/page88,medium.com,learning,edge
2026-02-11 23:23:51,https://instagram.com/page60,instagram.com,social,edge
2026-02-11 23:24:14,https://primevideo.com/page85,primevideo.com,video,chrome
2026-02-11 23:26:02,https://coursera.org/page31,coursera.org,learning,chrome
2026-02-11 23:27:51,https://primevideo.com/page96,primevideo.com,video,chrome
2026-02-11 23:29:43,https://instagram.com/page10,instagram.com,social,edge
2026-02-11 23:31:40,https://medium.com/page51,medium.com,learning,edge
2026-02-11 23:31:58,https://facebook.com/page47,facebook.com,social,chrome
2026-02-11 23:33:41,https://primevideo.com/page16,primevideo.com,video,chrome
2026-02-11 23:33:56,https://netflix.com/page20,netflix.com,video,chrome
2026-02-11 23:34:11,https://facebook.com/page20,facebook.com,social,chrome
2026-02-11 23:34:27,https://facebook.com/page95,facebook.com,social,edge
2026-02-11 23:35:06,https://coursera.org/page50,coursera.org,learning,chrome
2026-02-11 23:36:23,https://medium.com/page64,medium.com,learning,edge
2026-02-11 23:36:52,https://reddit.com/page86,reddit.com,social,chrome
2026-02-11 23:38:05,https://primevideo.com/page85,primevideo.com,video,chrome
2026-02-12 00:22:05,https://netflix.com/page59,netflix.com,video,edge
2026-02-12 00:23:09,https://wikipedia.org/page7,wikipedia.org,other,chrome
2026-02-12 00:23:23,https://medium.com/page95,medium.com,learning,edge
2026-02-12 00:24:31,https://kaggle.com/page86,kaggle.com,learning,chrome
2026-02-12 00:24:59,https://primevideo.com/page60,primevideo.com,video,chrome
2026-02-12 00:26:03,https://flipkart.com/page40,flipkart.com,shopping,edge
2026-02-12 00:26:29,https://flipkart.com/page99,flipkart.com,shopping,chrome
2026-02-12 00:26:40,https://x.com/page47,x.com,social,chrome
2026-02-12 00:28:21,https://kaggle.com/page80,kaggle.com,learning,edge
2026-02-12 00:29:10,https://kaggle.com/page90,kaggle.com,learning,chrome
2026-02-12 00:30:42,https://amazon.com/page63,amazon.com,shopping,edge
2026-02-12 00:32:24,https://amazon.com/page34,amazon.com,shopping,edge
2026-02-12 00:34:05,https://kaggle.com/page31,kaggle.com,learning,edge
2026-02-12 00:36:03,https://netflix.com/page78,netflix.com,video,chrome
2026-02-12 00:37:28,https://hotstar.com/page13,hotstar.com,video,edge
2026-02-12 01:21:28,https://primevideo.com/page53,primevideo.com,video,chrome
2026-02-12 01:22:04,https://youtube.com/page63,youtube.com,video,chrome
2026-02-12 01:23:31,https://x.com/page32,x.com,social,edge
2026-02-12 01:24:26,https://flipkart.com/page64,flipkart.com,shopping,chrome
2026-02-12 01:24:44,https://wikipedia.org/page39,wikipedia.org,other,chrome
2026-02-12 01:25:09,https://instagram.com/page42,instagram.com,social,edge
2026-02-12 01:25:25,https://stackoverflow.com/page47,stackoverflow.com,learning,chrome
2026-02-12 01:25:50,https://stackoverflow.com/page57,stackoverflow.com,learning,edge
2026-02-12 01:26:13,https://youtube.com/page90,youtube.com,video,chrome
2026-02-12 01:28:12,https://amazon.com/page10,amazon.com,shopping,chrome
2026-02-12 01:29:20,https://github.com/page29,github.com,learning,chrome
2026-02-12 01:30:12,https://hotstar.com/page42,hotstar.com,video,chrome
2026-02-12 01:31:25,https://flipkart.com/page49,flipkart.com,shopping,chrome
2026-02-12 01:32:09,https://reddit.com/page3,reddit.com,social,edge
2026-02-12 01:33:27,https://primevideo.com/page4,primevideo.com,video,edge
2026-02-12 01:33:44,https://flipkart.com/page15,flipkart.com,shopping,edge
2026-02-12 01:34:13,https://facebook.com/page7,facebook.com,social,chrome
2026-02-12 01:34:35,https://facebook.com/page4,facebook.com,social,edge
2026-02-12 01:35:12,https://youtube.com/page68,youtube.com,video,chrome
2026-02-12 01:36:00,https://youtube.com/page53,youtube.com,video,chrome
2026-02-12 01:36:24,https://kaggle.com/page43,kaggle.com,learning,edge
2026-02-12 02:20:24,https://stackoverflow.com/page77,stackoverflow.com,learning,edge
2026-02-12 02:20:53,https://medium.com/page86,medium.com,learning,edge
2026-02-12 02:21:42,https://coursera.org/page26,coursera.org,learning,edge
2026-02-12 02:22:56,https://medium.com/page98,medium.com,learning,edge
2026-02-12 02:23:11,https://hotstar.com/page91,hotstar.com,video,edge
2026-02-12 02:23:52,https://reddit.com/page79,reddit.com,social,edge
2026-02-12 02:24:02,https://flipkart.com/page4,flipkart.com,shopping,edge
2026-02-12 02:25:34,https://youtube.com/page84,youtube.com,video,edge
2026-02-12 03:20:34,https://facebook.com/page26,facebook.com,social,edge
2026-02-12 03:22:05,https://youtube.com/page15,youtube.com,video,edge
2026-02-12 03:22:36,https://primevideo.com/page11,primevideo.com,video,edge
2026-02-12 03:23:47,https://kaggle.com/page79,kaggle.com,learning,edge
2026-02-12 03:25:10,https://coursera.org/page92,coursera.org,learning,chrome
2026-02-12 03:26:26,https://medium.com/page45,medium.com,learning,chrome
2026-02-12 03:27:24,https://medium.com/page42,medium.com,learning,chrome
2026-02-12 03:28:08,https://amazon.com/page66,amazon.com,shopping,chrome
2026-02-12 03:28:29,https://stackoverflow.com/page1,stackoverflow.com,learning,edge
2026-02-12 03:29:08,https://reddit.com/page90,reddit.com,social,chrome
2026-02-12 03:30:22,https://hotstar.com/page55,hotstar.com,video,edge
2026-02-12 03:31:12,https://x.com/page6,x.com,social,chrome
2026-02-12 03:32:28,https://amazon.com/page20,amazon.com,shopping,chrome
2026-02-12 03:33:26,https://medium.com/page96,medium.com,learning,edge
2026-02-12 03:35:23,https://hotstar.com/page75,hotstar.com,video,edge
2026-02-12 03:36:11,https://x.com/page37,x.com,social,edge
2026-02-12 03:37:02,https://coursera.org/page63,coursera.org,learning,chrome
2026-02-12 03:38:55,https://kaggle.com/page66,kaggle.com,learning,chrome
2026-02-12 03:40:13,https://kaggle.com/page58,kaggle.com,learning,edge
2026-02-12 03:40:48,https://hotstar.com/page60,hotstar.com,video,chrome
2026-02-12 03:41:28,https://stackoverflow.com/page84,stackoverflow.com,learning,edge
2026-02-12 03:42:11,https://x.com/page54,x.com,social,edge
2026-02-12 03:43:44,https://coursera.org/page76,coursera.org,learning,edge
2026-02-12 03:44:49,https://medium.com/page24,medium.com,learning,edge
2026-02-12 03:45:23,https://coursera.org/page41,coursera.org,learning,chrome
2026-02-12 03:45:52,https://kaggle.com/page46,kaggle.com,learning,chrome
2026-02-12 03:47:27,https://medium.com/page44,medium.com,learning,edge
2026-02-12 04:10:27,https://youtube.com/page71,youtube.com,video,edge
2026-02-12 04:12:23,https://kaggle.com/page79,kaggle.com,learning,edge
2026-02-12 04:13:16,https://youtube.com/page26,youtube.com,video,chrome
2026-02-12 04:13:58,https://flipkart.com/page49,flipkart.com,shopping,chrome
2026-02-12 04:15:23,https://netflix.com/page57,netflix.com,video,chrome
2026-02-12 04:16:11,https://hotstar.com/page49,hotstar.com,video,chrome
2026-02-12 04:16:36,https://hotstar.com/page71,hotstar.com,video,edge
2026-02-12 04:18:02,https://hotstar.com/page92,hotstar.com,video,chrome
2026-02-12 04:19:28,https://x.com/page59,x.com,social,edge
2026-02-12 04:20:00,https://medium.com/page22,medium.com,learning,edge
2026-02-12 04:21:01,https://hotstar.com/page24,hotstar.com,video,edge
2026-02-12 04:21:50,https://instagram.com/page63,instagram.com,social,chrome
2026-02-12 04:22:55,https://github.com/page97,github.com,learning,chrome
2026-02-12 04:24:08,https://wikipedia.org/page69,wikipedia.org,other,chrome
2026-02-12 05:00:08,https://stackoverflow.com/page4,stackoverflow.com,learning,edge
2026-02-12 05:00:49,https://medium.com/page1,medium.com,learning,chrome
2026-02-12 05:01:07,https://kaggle.com/page83,kaggle.com,learning,edge
2026-02-12 05:01:28,https://github.com/page80,github.com,learning,edge
2026-02-12 05:02:13,https://amazon.com/page66,amazon.com,shopping,chrome
2026-02-12 05:02:29,https://coursera.org/page98,coursera.org,learning,chrome
2026-02-12 05:03:59,https://hotstar.com/page45,hotstar.com,video,chrome
2026-02-12 05:04:59,https://flipkart.com/page16,flipkart.com,shopping,chrome
2026-02-12 05:05:55,https://instagram.com/page57,instagram.com,social,edge
2026-02-12 05:06:11,https://stackoverflow.com/page12,stackoverflow.com,learning,edge
2026-02-12 05:08:07,https://amazon.com/page42,amazon.com,shopping,edge
2026-02-12 05:09:51,https://amazon.com/page44,amazon.com,shopping,chrome
2026-02-12 05:11:19,https://youtube.com/page78,youtube.com,video,chrome
2026-02-12 05:11:42,https://primevideo.com/page7,primevideo.com,video,edge
2026-02-12 05:13:20,https://wikipedia.org/page70,wikipedia.org,other,edge
2026-02-12 05:13:56,https://youtube.com/page16,youtube.com,video,chrome
2026-02-12 05:14:38,https://netflix.com/page63,netflix.com,video,chrome
2026-02-12 05:16:38,https://x.com/page43,x.com,social,chrome
2026-02-12 05:17:40,https://amazon.com/page56,amazon.com,shopping,edge
2026-02-12 05:17:51,https://reddit.com/page36,reddit.com,social,chrome
2026-02-12 05:18:34,https://stackoverflow.com/page50,stackoverflow.com,learning,chrome
2026-02-12 05:19:37,https://amazon.com/page52,amazon.com,shopping,chrome
2026-02-12 05:20:59,https://youtube.com/page81,youtube.com,video,chrome
2026-02-12 05:22:20,https://medium.com/page83,medium.com,learning,edge
2026-02-12 05:22:36,https://flipkart.com/page88,flipkart.com,shopping,chrome
2026-02-12 05:24:27,https://youtube.com/page96,youtube.com,video,chrome
2026-02-12 05:24:46,https://kaggle.com/page96,kaggle.com,learning,chrome
2026-02-12 05:25:34,https://coursera.org/page15,coursera.org,learning,edge
2026-02-12 05:26:52,https://stackoverflow.com/page49,stackoverflow.com,learning,edge
2026-02-12 05:28:01,https://coursera.org/page87,coursera.org,learning,edge
2026-02-12 05:28:57,https://facebook.com/page45,facebook.com,social,chrome
2026-02-12 05:29:51,https://kaggle.com/page24,kaggle.com,learning,chrome
2026-02-12 05:31:51,https://stackoverflow.com/page9,stackoverflow.com,learning,chrome
2026-02-12 05:33:25,https://flipkart.com/page71,flipkart.com,shopping,edge
2026-02-12 05:33:59,https://flipkart.com/page93,flipkart.com,shopping,chrome
2026-02-12 05:35:58,https://facebook.com/page55,facebook.com,social,chrome
2026-02-12 05:36:49,https://hotstar.com/page3,hotstar.com,video,chrome
2026-02-12 05:38:27,https://github.com/page91,github.com,learning,chrome
2026-02-12 05:38:52,https://wikipedia.org/page81,wikipedia.org,other,edge
2026-02-12 05:39:13,https://primevideo.com/page20,primevideo.com,video,edge
2026-02-12 05:40:44,https://youtube.com/page76,youtube.com,video,chrome
2026-02-12 05:41:44,https://facebook.com/page73,facebook.com,social,edge
2026-02-12 05:43:12,https://coursera.org/page81,coursera.org,learning,chrome
2026-02-12 05:44:22,https://flipkart.com/page83,flipkart.com,shopping,edge
2026-02-12 05:45:08,https://kaggle.com/page20,kaggle.com,learning,edge
2026-02-12 05:45:50,https://stackoverflow.com/page80,stackoverflow.com,learning,chrome
2026-02-12 05:46:48,https://youtube.com/page22,youtube.com,video,edge
2026-02-12 05:47:40,https://instagram.com/page68,instagram.com,social,edge
2026-02-12 05:48:28,https://medium.com/page90,medium.com,learning,chrome
2026-02-12 05:50:02,https://amazon.com/page85,amazon.com,shopping,chrome
2026-02-12 05:51:31,https://amazon.com/page67,amazon.com,shopping,edge
2026-02-12 05:52:57,https://netflix.com/page24,netflix.com,video,edge
2026-02-12 05:53:23,https://primevideo.com/page92,primevideo.com,video,edge
2026-02-12 05:54:25,https://coursera.org/page14,coursera.org,learning,chrome
2026-02-12 05:55:14,https://wikipedia.org/page11,wikipedia.org,other,edge
2026-02-12 05:56:12,https://youtube.com/page65,youtube.com,video,chrome
2026-02-12 05:58:07,https://medium.com/page48,medium.com,learning,chrome
2026-02-12 05:59:41,https://coursera.org/page92,coursera.org,learning,chrome
2026-02-12 05:59:59,https://amazon.com/page71,amazon.com,shopping,edge
2026-02-12 06:01:56,https://flipkart.com/page96,flipkart.com,shopping,edge
2026-02-12 06:02:24,https://facebook.com/page89,facebook.com,social,edge
2026-02-12 06:03:15,https://facebook.com/page51,facebook.com,social,edge
2026-02-12 06:04:42,https://youtube.com/page80,youtube.com,video,chrome
2026-02-12 06:04:59,https://amazon.com/page43,amazon.com,shopping,edge
2026-02-12 06:05:46,https://instagram.com/page63,instagram.com,social,edge
2026-02-12 06:07:06,https://primevideo.com/page75,primevideo.com,video,edge
2026-02-12 06:08:55,https://reddit.com/page8,reddit.com,social,edge
2026-02-12 06:10:38,https://youtube.com/page28,youtube.com,video,chrome
2026-02-12 06:12:37,https://facebook.com/page86,facebook.com,social,chrome
2026-02-12 06:13:27,https://instagram.com/page3,instagram.com,social,chrome
2026-02-12 06:14:02,https://reddit.com/page40,reddit.com,social,chrome
2026-02-12 06:14:43,https://netflix.com/page73,netflix.com,video,chrome
2026-02-12 06:16:25,https://primevideo.com/page82,primevideo.com,video,chrome
2026-02-12 06:17:34,https://hotstar.com/page26,hotstar.com,video,edge
2026-02-12 06:18:09,https://coursera.org/page19,coursera.org,learning,chrome
2026-02-12 06:20:05,https://coursera.org/page84,coursera.org,learning,chrome
2026-02-12 06:21:46,https://reddit.com/page44,reddit.com,social,chrome
2026-02-12 06:22:25,https://youtube.com/page25,youtube.com,video,chrome
2026-02-12 06:22:45,https://instagram.com/page21,instagram.com,social,chrome
2026-02-12 06:23:23,https://reddit.com/page34,reddit.com,social,chrome
2026-02-12 06:23:46,https://coursera.org/page95,coursera.org,learning,chrome
2026-02-12 06:24:11,https://amazon.com/page91,amazon.com,shopping,edge
2026-02-12 06:24:23,https://primevideo.com/page61,primevideo.com,video,chrome
2026-02-12 06:25:10,https://flipkart.com/page74,flipkart.com,shopping,edge
2026-02-12 06:25:20,https://wikipedia.org/page9,wikipedia.org,other,edge
2026-02-12 06:27:04,https://coursera.org/page62,coursera.org,learning,edge
2026-02-12 06:28:23,https://netflix.com/page54,netflix.com,video,chrome
2026-02-12 06:30:06,https://wikipedia.org/page35,wikipedia.org,other,edge
2026-02-12 06:30:27,https://stackoverflow.com/page61,stackoverflow.com,learning,edge
2026-02-12 06:31:44,https://netflix.com/page74,netflix.com,video,chrome
2026-02-12 06:31:58,https://instagram.com/page90,instagram.com,social,edge
2026-02-12 06:32:48,https://primevideo.com/page86,primevideo.com,video,edge
2026-02-12 06:33:37,https://x.com/page89,x.com,social,edge
2026-02-12 06:35:01,https://stackoverflow.com/page91,stackoverflow.com,learning,edge
2026-02-12 06:36:34,https://github.com/page3,github.com,learning,edge
2026-02-12 06:38:33,https://x.com/page56,x.com,social,chrome
2026-02-12 06:39:54,https://facebook.com/page39,facebook.com,social,chrome
2026-02-12 06:40:41,https://coursera.org/page10,coursera.org,learning,chrome
2026-02-12 06:42:40,https://amazon.com/page14,amazon.com,shopping,edge
2026-02-12 06:44:05,https://primevideo.com/page1,primevideo.com,video,edge
2026-02-12 06:44:46,https://netflix.com/page64,netflix.com,video,edge
2026-02-12 06:45:50,https://reddit.com/page94,reddit.com,social,edge
2026-02-12 06:47:02,https://amazon.com/page65,amazon.com,shopping,chrome
2026-02-12 06:47:26,https://medium.com/page56,medium.com,learning,edge
2026-02-12 06:47:48,https://medium.com/page46,medium.com,learning,chrome
2026-02-12 06:49:23,https://reddit.com/page95,reddit.com,social,edge
2026-02-12 06:50:57,https://stackoverflow.com/page71,stackoverflow.com,learning,chrome
2026-02-12 06:52:39,https://stackoverflow.com/page28,stackoverflow.com,learning,chrome
2026-02-12 06:54:33,https://reddit.com/page100,reddit.com,social,edge
2026-02-12 07:50:33,https://primevideo.com/page30,primevideo.com,video,edge
2026-02-12 07:51:17,https://flipkart.com/page65,flipkart.com,shopping,edge
2026-02-12 07:52:20,https://facebook.com/page96,facebook.com,social,edge
2026-02-12 07:52:56,https://youtube.com/page59,youtube.com,video,chrome
2026-02-12 07:54:54,https://wikipedia.org/page66,wikipedia.org,other,edge
2026-02-12 07:55:32,https://coursera.org/page93,coursera.org,learning,edge
2026-02-12 07:56:39,https://facebook.com/page91,facebook.com,social,edge
2026-02-12 07:56:55,https://flipkart.com/page2,flipkart.com,shopping,chrome
2026-02-12 07:58:46,https://youtube.com/page53,youtube.com,video,edge
2026-02-12 07:59:55,https://amazon.com/page4,amazon.com,shopping,chrome
2026-02-12 08:01:51,https://instagram.com/page79,instagram.com,social,edge
2026-02-12 08:03:45,https://reddit.com/page77,reddit.com,social,edge
2026-02-12 08:04:27,https://youtube.com/page77,youtube.com,video,chrome
2026-02-12 08:05:26,https://primevideo.com/page67,primevideo.com,video,chrome
2026-02-12 08:05:44,https://github.com/page59,github.com,learning,chrome
2026-02-12 08:06:05,https://stackoverflow.com/page70,stackoverflow.com,learning,edge
2026-02-12 08:07:01,https://medium.com/page87,medium.com,learning,edge
2026-02-12 08:09:00,https://x.com/page68,x.com,social,chrome
2026-02-12 08:09:48,https://coursera.org/page75,coursera.org,learning,edge
2026-02-12 08:11:30,https://flipkart.com/page6,flipkart.com,shopping,edge
2026-02-12 08:12:22,https://instagram.com/page90,instagram.com,social,edge
2026-02-12 08:13:23,https://x.com/page29,x.com,social,edge
2026-02-12 08:14:07,https://netflix.com/page53,netflix.com,video,edge
2026-02-12 08:14:23,https://flipkart.com/page59,flipkart.com,shopping,chrome
2026-02-12 09:08:23,https://stackoverflow.com/page54,stackoverflow.com,learning,chrome
2026-02-12 09:09:04,https://reddit.com/page33,reddit.com,social,edge
2026-02-12 09:09:38,https://youtube.com/page62,youtube.com,video,edge
2026-02-12 09:11:00,https://coursera.org/page94,coursera.org,learning,chrome
2026-02-12 09:12:23,https://instagram.com/page85,instagram.com,social,edge
2026-02-12 09:14:22,https://netflix.com/page64,netflix.com,video,edge
2026-02-12 09:15:12,https://reddit.com/page60,reddit.com,social,chrome
2026-02-12 09:17:05,https://x.com/page83,x.com,social,chrome
2026-02-12 09:17:48,https://primevideo.com/page19,primevideo.com,video,chrome
2026-02-12 09:19:48,https://primevideo.com/page49,primevideo.com,video,chrome
2026-02-12 09:20:23,https://primevideo.com/page64,primevideo.com,video,edge
2026-02-12 09:22:15,https://youtube.com/page65,youtube.com,video,edge
2026-02-12 09:23:11,https://hotstar.com/page51,hotstar.com,video,edge
2026-02-12 09:24:14,https://wikipedia.org/page82,wikipedia.org,other,chrome
2026-02-12 09:25:39,https://flipkart.com/page26,flipkart.com,shopping,edge
2026-02-12 09:26:03,https://x.com/page39,x.com,social,chrome
2026-02-12 09:26:24,https://netflix.com/page77,netflix.com,video,edge
2026-02-12 09:27:38,https://wikipedia.org/page90,wikipedia.org,other,edge
2026-02-12 09:29:18,https://medium.com/page2,medium.com,learning,chrome
2026-02-12 09:30:27,https://kaggle.com/page31,kaggle.com,learning,chrome
2026-02-12 09:57:27,https://github.com/page12,github.com,learning,chrome
2026-02-12 09:57:58,https://github.com/page31,github.com,learning,edge
2026-02-12 09:58:40,https://hotstar.com/page23,hotstar.com,video,edge
2026-02-12 09:59:47,https://flipkart.com/page68,flipkart.com,shopping,edge
2026-02-12 10:00:26,https://netflix.com/page48,netflix.com,video,chrome
2026-02-12 10:01:15,https://hotstar.com/page86,hotstar.com,video,chrome
2026-02-12 10:02:04,https://hotstar.com/page67,hotstar.com,video,edge
2026-02-12 10:03:50,https://kaggle.com/page34,kaggle.com,learning,edge
2026-02-12 10:05:39,https://kaggle.com/page68,kaggle.com,learning,chrome
2026-02-12 10:07:15,https://x.com/page9,x.com,social,chrome
2026-02-12 10:08:00,https://wikipedia.org/page54,wikipedia.org,other,edge
2026-02-12 10:09:29,https://primevideo.com/page90,primevideo.com,video,edge
2026-02-12 10:09:52,https://youtube.com/page39,youtube.com,video,chrome
2026-02-12 10:11:31,https://youtube.com/page81,youtube.com,video,edge
2026-02-12 10:13:28,https://youtube.com/page36,youtube.com,video,chrome
2026-02-12 10:13:52,https://flipkart.com/page73,flipkart.com,shopping,chrome
2026-02-12 10:15:14,https://netflix.com/page35,netflix.com,video,chrome
2026-02-12 10:16:59,https://stackoverflow.com/page92,stackoverflow.com,learning,chrome
2026-02-12 10:18:32,https://primevideo.com/page45,primevideo.com,video,chrome
2026-02-12 10:18:42,https://facebook.com/page54,facebook.com,social,edge
2026-02-12 10:19:52,https://x.com/page28,x.com,social,chrome
2026-02-12 10:20:13,https://kaggle.com/page46,kaggle.com,learning,edge
2026-02-12 10:21:21,https://youtube.com/page85,youtube.com,video,edge
2026-02-12 10:22:18,https://youtube.com/page14,youtube.com,video,edge
2026-02-12 10:23:01,https://coursera.org/page99,coursera.org,learning,edge
2026-02-12 10:23:16,https://primevideo.com/page2,primevideo.com,video,edge
2026-02-12 10:24:11,https://primevideo.com/page37,primevideo.com,video,chrome
2026-02-12 10:25:54,https://instagram.com/page54,instagram.com,social,edge
2026-02-12 10:27:35,https://coursera.org/page48,coursera.org,learning,chrome
2026-02-12 10:28:35,https://netflix.com/page35,netflix.com,video,chrome
2026-02-12 10:30:03,https://stackoverflow.com/page11,stackoverflow.com,learning,edge
2026-02-12 10:30:37,https://amazon.com/page7,amazon.com,shopping,edge
2026-02-12 10:31:42,https://facebook.com/page42,facebook.com,social,chrome
2026-02-12 10:33:36,https://flipkart.com/page22,flipkart.com,shopping,edge
2026-02-12 10:34:59,https://amazon.com/page44,amazon.com,shopping,chrome
2026-02-12 10:36:40,https://x.com/page26,x.com,social,edge
2026-02-12 10:36:57,https://wikipedia.org/page62,wikipedia.org,other,chrome
2026-02-12 10:37:24,https://hotstar.com/page53,hotstar.com,video,chrome
2026-02-12 10:38:21,https://netflix.com/page18,netflix.com,video,edge
2026-02-12 10:39:04,https://instagram.com/page25,instagram.com,social,chrome
2026-02-12 10:40:22,https://coursera.org/page27,coursera.org,learning,edge
2026-02-12 10:41:16,https://flipkart.com/page75,flipkart.com,shopping,edge
2026-02-12 10:41:56,https://hotstar.com/page32,hotstar.com,video,edge
2026-02-12 10:42:59,https://netflix.com/page23,netflix.com,video,chrome
2026-02-12 10:44:47,https://medium.com/page26,medium.com,learning,edge
2026-02-12 10:45:55,https://stackoverflow.com/page4,stackoverflow.com,learning,edge
2026-02-12 10:46:31,https://github.com/page32,github.com,learning,chrome
2026-02-12 10:48:06,https://hotstar.com/page14,hotstar.com,video,edge
2026-02-12 10:48:58,https://flipkart.com/page83,flipkart.com,shopping,chrome
2026-02-12 11:33:58,https://youtube.com/page98,youtube.com,video,edge
2026-02-12 11:34:09,https://hotstar.com/page53,hotstar.com,video,edge
2026-02-12 11:35:20,https://amazon.com/page62,amazon.com,shopping,edge
2026-02-12 11:37:09,https://hotstar.com/page59,hotstar.com,video,edge
2026-02-12 11:38:19,https://amazon.com/page9,amazon.com,shopping,edge
2026-02-12 11:39:59,https://reddit.com/page37,reddit.com,social,edge
2026-02-12 11:40:43,https://x.com/page30,x.com,social,edge
2026-02-12 11:41:56,https://medium.com/page71,medium.com,learning,chrome
2026-02-12 11:42:52,https://youtube.com/page90,youtube.com,video,chrome
2026-02-12 11:44:46,https://kaggle.com/page93,kaggle.com,learning,edge
2026-02-12 12:14:46,https://instagram.com/page62,instagram.com,social,edge
2026-02-12 12:15:10,https://amazon.com/page45,amazon.com,shopping,chrome
2026-02-12 12:40:10,https://hotstar.com/page55,hotstar.com,video,edge
2026-02-12 12:40:33,https://medium.com/page1,medium.com,learning,edge
2026-02-12 12:42:33,https://stackoverflow.com/page8,stackoverflow.com,learning,chrome
2026-02-12 12:43:09,https://amazon.com/page59,amazon.com,shopping,chrome
2026-02-12 12:44:56,https://wikipedia.org/page1,wikipedia.org,other,edge
2026-02-12 13:08:56,https://reddit.com/page67,reddit.com,social,edge
2026-02-12 13:10:07,https://facebook.com/page10,facebook.com,social,chrome
2026-02-12 13:12:04,https://github.com/page80,github.com,learning,chrome
2026-02-12 13:12:58,https://hotstar.com/page74,hotstar.com,video,chrome
2026-02-12 13:13:59,https://hotstar.com/page68,hotstar.com,video,edge
2026-02-12 13:14:28,https://stackoverflow.com/page92,stackoverflow.com,learning,edge
2026-02-12 13:37:28,https://kaggle.com/page99,kaggle.com,learning,chrome
2026-02-12 13:39:04,https://coursera.org/page19,coursera.org,learning,chrome
2026-02-12 13:39:22,https://medium.com/page78,medium.com,learning,edge
2026-02-12 13:39:45,https://facebook.com/page76,facebook.com,social,edge
2026-02-12 13:40:57,https://coursera.org/page86,coursera.org,learning,edge
2026-02-12 13:42:37,https://primevideo.com/page1,primevideo.com,video,chrome
2026-02-12 13:43:41,https://amazon.com/page96,amazon.com,shopping,edge
2026-02-12 13:44:55,https://coursera.org/page100,coursera.org,learning,edge
2026-02-12 13:45:42,https://x.com/page86,x.com,social,edge
2026-02-12 13:46:46,https://kaggle.com/page48,kaggle.com,learning,chrome
2026-02-12 13:48:08,https://reddit.com/page81,reddit.com,social,chrome
2026-02-12 14:48:08,https://wikipedia.org/page97,wikipedia.org,other,edge
2026-02-12 14:49:56,https://medium.com/page69,medium.com,learning,chrome
2026-02-12 14:50:06,https://x.com/page19,x.com,social,chrome
2026-02-12 14:51:57,https://netflix.com/page78,netflix.com,video,chrome
2026-02-12 14:53:56,https://medium.com/page87,medium.com,learning,edge
2026-02-12 14:55:53,https://github.com/page25,github.com,learning,edge
2026-02-12 14:57:47,https://github.com/page4,github.com,learning,chrome
2026-02-12 14:58:43,https://kaggle.com/page17,kaggle.com,learning,edge
2026-02-12 15:00:13,https://wikipedia.org/page33,wikipedia.org,other,chrome
2026-02-12 15:02:10,https://hotstar.com/page71,hotstar.com,video,edge
2026-02-12 15:02:41,https://github.com/page63,github.com,learning,chrome
2026-02-12 15:04:26,https://hotstar.com/page12,hotstar.com,video,edge
2026-02-12 15:05:59,https://amazon.com/page56,amazon.com,shopping,edge
2026-02-12 15:07:20,https://youtube.com/page10,youtube.com,video,edge
2026-02-12 15:07:33,https://wikipedia.org/page39,wikipedia.org,other,chrome
2026-02-12 15:09:12,https://flipkart.com/page52,flipkart.com,shopping,chrome
2026-02-12 15:10:39,https://kaggle.com/page30,kaggle.com,learning,chrome
2026-02-12 15:10:54,https://instagram.com/page2,instagram.com,social,edge
2026-02-12 15:12:28,https://stackoverflow.com/page2,stackoverflow.com,learning,edge
2026-02-12 15:13:28,https://netflix.com/page41,netflix.com,video,chrome
2026-02-12 15:15:00,https://medium.com/page76,medium.com,learning,chrome
2026-02-12 15:16:10,https://coursera.org/page16,coursera.org,learning,edge
2026-02-12 15:17:19,https://stackoverflow.com/page1,stackoverflow.com,learning,edge
2026-02-12 15:18:23,https://github.com/page64,github.com,learning,chrome
2026-02-12 15:20:20,https://flipkart.com/page19,flipkart.com,shopping,edge
2026-02-12 15:20:50,https://coursera.org/page77,coursera.org,learning,chrome
2026-02-12 15:22:27,https://facebook.com/page70,facebook.com,social,chrome
2026-02-12 15:24:19,https://amazon.com/page2,amazon.com,shopping,edge
2026-02-12 15:24:41,https://coursera.org/page79,coursera.org,learning,edge
2026-02-12 15:25:29,https://coursera.org/page58,coursera.org,learning,edge
2026-02-12 15:26:48,https://stackoverflow.com/page77,stackoverflow.com,learning,edge
2026-02-12 15:27:03,https://facebook.com/page7,facebook.com,social,chrome
2026-02-12 15:27:34,https://youtube.com/page56,youtube.com,video,chrome
2026-02-12 15:28:52,https://coursera.org/page7,coursera.org,learning,chrome
2026-02-12 15:29:29,https://x.com/page90,x.com,social,edge
2026-02-12 15:30:58,https://instagram.com/page8,instagram.com,social,edge
2026-02-12 15:32:16,https://instagram.com/page84,instagram.com,social,edge
2026-02-12 15:33:38,https://wikipedia.org/page68,wikipedia.org,other,edge
2026-02-12 16:11:38,https://github.com/page97,github.com,learning,chrome
2026-02-12 16:12:13,https://facebook.com/page53,facebook.com,social,edge
2026-02-12 16:13:43,https://netflix.com/page92,netflix.com,video,edge
2026-02-12 16:14:12,https://coursera.org/page2,coursera.org,learning,edge
2026-02-12 16:15:06,https://primevideo.com/page18,primevideo.com,video,chrome
2026-02-12 16:15:48,https://amazon.com/page23,amazon.com,shopping,edge
2026-02-12 16:16:43,https://amazon.com/page64,amazon.com,shopping,edge
2026-02-12 16:18:38,https://youtube.com/page75,youtube.com,video,chrome
2026-02-12 16:19:35,https://coursera.org/page80,coursera.org,learning,chrome
2026-02-12 16:20:24,https://flipkart.com/page39,flipkart.com,shopping,edge
2026-02-12 16:22:14,https://hotstar.com/page4,hotstar.com,video,chrome
2026-02-12 16:24:01,https://stackoverflow.com/page22,stackoverflow.com,learning,chrome
2026-02-12 16:25:01,https://medium.com/page17,medium.com,learning,edge
2026-02-12 16:25:43,https://wikipedia.org/page85,wikipedia.org,other,chrome
2026-02-12 16:26:52,https://netflix.com/page49,netflix.com,video,edge
2026-02-12 16:27:08,https://amazon.com/page74,amazon.com,shopping,edge
2026-02-12 17:27:08,https://netflix.com/page79,netflix.com,video,edge
2026-02-12 17:28:24,https://facebook.com/page60,facebook.com,social,chrome
2026-02-12 17:29:29,https://primevideo.com/page86,primevideo.com,video,edge
2026-02-12 17:29:56,https://kaggle.com/page78,kaggle.com,learning,edge
2026-02-12 17:31:05,https://medium.com/page30,medium.com,learning,chrome
2026-02-12 17:31:41,https://wikipedia.org/page4,wikipedia.org,other,chrome
2026-02-12 17:33:15,https://reddit.com/page21,reddit.com,social,edge
2026-02-12 17:33:31,https://x.com/page61,x.com,social,edge
2026-02-12 17:34:54,https://flipkart.com/page22,flipkart.com,shopping,chrome
2026-02-12 17:35:04,https://wikipedia.org/page18,wikipedia.org,other,chrome
2026-02-12 17:36:59,https://stackoverflow.com/page38,stackoverflow.com,learning,chrome
2026-02-12 17:38:20,https://youtube.com/page49,youtube.com,video,edge
2026-02-12 17:38:36,https://primevideo.com/page26,primevideo.com,video,chrome
2026-02-12 17:38:55,https://primevideo.com/page37,primevideo.com,video,edge
2026-02-12 17:39:43,https://reddit.com/page5,reddit.com,social,edge
2026-02-12 17:41:14,https://reddit.com/page78,reddit.com,social,edge
2026-02-12 17:43:08,https://coursera.org/page61,coursera.org,learning,chrome
2026-02-12 17:43:27,https://hotstar.com/page18,hotstar.com,video,edge
2026-02-12 18:29:27,https://github.com/page2,github.com,learning,edge
2026-02-12 18:31:25,https://reddit.com/page26,reddit.com,social,edge
2026-02-12 18:33:13,https://amazon.com/page80,amazon.com,shopping,edge
2026-02-12 18:34:14,https://wikipedia.org/page38,wikipedia.org,other,chrome
2026-02-12 18:35:19,https://primevideo.com/page33,primevideo.com,video,chrome
2026-02-12 18:36:37,https://hotstar.com/page78,hotstar.com,video,edge
2026-02-12 19:18:37,https://instagram.com/page17,instagram.com,social,edge
2026-02-12 19:19:17,https://x.com/page53,x.com,social,edge
2026-02-12 19:19:29,https://youtube.com/page28,youtube.com,video,edge
2026-02-12 19:21:00,https://netflix.com/page62,netflix.com,video,edge
2026-02-12 19:21:42,https://flipkart.com/page17,flipkart.com,shopping,edge
2026-02-12 19:23:25,https://youtube.com/page23,youtube.com,video,chrome
2026-02-12 20:17:25,https://amazon.com/page74,amazon.com,shopping,chrome
2026-02-12 20:19:21,https://instagram.com/page25,instagram.com,social,chrome
2026-02-12 20:20:19,https://youtube.com/page82,youtube.com,video,chrome
2026-02-12 20:21:12,https://github.com/page60,github.com,learning,edge
2026-02-12 20:22:02,https://amazon.com/page88,amazon.com,shopping,edge
2026-02-12 20:53:02,https://facebook.com/page60,facebook.com,social,edge
2026-02-12 20:54:38,https://coursera.org/page19,coursera.org,learning,edge
2026-02-12 20:56:00,https://youtube.com/page67,youtube.com,video,chrome
2026-02-12 20:56:11,https://x.com/page96,x.com,social,chrome
2026-02-12 20:57:42,https://instagram.com/page22,instagram.com,social,chrome
2026-02-12 21:49:42,https://flipkart.com/page82,flipkart.com,shopping,edge
2026-02-12 21:51:02,https://github.com/page38,github.com,learning,chrome
2026-02-12 21:51:25,https://stackoverflow.com/page53,stackoverflow.com,learning,edge
2026-02-12 21:51:55,https://primevideo.com/page14,primevideo.com,video,edge
2026-02-12 21:52:21,https://coursera.org/page6,coursera.org,learning,chrome
2026-02-12 21:52:40,https://netflix.com/page21,netflix.com,video,chrome
2026-02-12 21:53:54,https://instagram.com/page5,instagram.com,social,edge
2026-02-12 21:55:42,https://wikipedia.org/page79,wikipedia.org,other,edge
2026-02-12 21:57:04,https://stackoverflow.com/page72,stackoverflow.com,learning,edge
2026-02-12 21:58:45,https://stackoverflow.com/page86,stackoverflow.com,learning,chrome
2026-02-12 22:00:08,https://coursera.org/page7,coursera.org,learning,edge
2026-02-12 22:00:36,https://amazon.com/page1,amazon.com,shopping,edge
2026-02-12 22:02:28,https://youtube.com/page8,youtube.com,video,chrome
2026-02-12 23:02:28,https://primevideo.com/page67,primevideo.com,video,edge
2026-02-12 23:03:33,https://netflix.com/page50,netflix.com,video,edge
2026-02-12 23:05:11,https://coursera.org/page18,coursera.org,learning,chrome
2026-02-12 23:07:11,https://stackoverflow.com/page65,stackoverflow.com,learning,chrome
2026-02-12 23:08:33,https://medium.com/page61,medium.com,learning,edge
2026-02-12 23:08:44,https://stackoverflow.com/page34,stackoverflow.com,learning,edge
2026-02-12 23:09:18,https://youtube.com/page69,youtube.com,video,edge
2026-02-12 23:10:04,https://hotstar.com/page26,hotstar.com,video,chrome
2026-02-12 23:11:28,https://flipkart.com/page58,flipkart.com,shopping,chrome
2026-02-12 23:12:41,https://x.com/page89,x.com,social,edge
2026-02-12 23:13:42,https://github.com/page86,github.com,learning,edge
2026-02-12 23:14:52,https://flipkart.com/page45,flipkart.com,shopping,chrome
2026-02-12 23:15:04,https://reddit.com/page15,reddit.com,social,chrome
2026-02-12 23:16:00,https://youtube.com/page84,youtube.com,video,chrome
2026-02-12 23:17:32,https://medium.com/page20,medium.com,learning,chrome
2026-02-12 23:18:38,https://coursera.org/page51,coursera.org,learning,edge
2026-02-12 23:19:54,https://hotstar.com/page55,hotstar.com,video,edge
2026-02-12 23:20:55,https://coursera.org/page57,coursera.org,learning,chrome
2026-02-12 23:21:26,https://facebook.com/page65,facebook.com,social,edge
2026-02-12 23:22:14,https://medium.com/page33,medium.com,learning,chrome
2026-02-12 23:23:43,https://facebook.com/page87,facebook.com,social,chrome
2026-02-12 23:25:18,https://youtube.com/page26,youtube.com,video,edge
2026-02-12 23:27:14,https://netflix.com/page12,netflix.com,video,chrome
2026-02-12 23:28:44,https://netflix.com/page64,netflix.com,video,edge
2026-02-12 23:30:35,https://instagram.com/page83,instagram.com,social,chrome
2026-02-12 23:31:49,https://facebook.com/page2,facebook.com,social,edge
2026-02-12 23:32:04,https://reddit.com/page41,reddit.com,social,chrome
2026-02-12 23:32:15,https://youtube.com/page34,youtube.com,video,chrome
2026-02-12 23:33:58,https://x.com/page43,x.com,social,chrome
2026-02-12 23:34:33,https://medium.com/page38,medium.com,learning,edge
2026-02-12 23:34:57,https://netflix.com/page75,netflix.com,video,edge
2026-02-12 23:36:24,https://facebook.com/page92,facebook.com,social,edge
2026-02-12 23:37:59,https://primevideo.com/page62,primevideo.com,video,edge
2026-02-12 23:39:14,https://amazon.com/page95,amazon.com,shopping,edge
2026-02-12 23:41:06,https://flipkart.com/page44,flipkart.com,shopping,edge
2026-02-12 23:41:29,https://primevideo.com/page91,primevideo.com,video,edge
2026-02-12 23:41:42,https://youtube.com/page93,youtube.com,video,edge
2026-02-12 23:42:35,https://facebook.com/page27,facebook.com,social,edge
2026-02-12 23:43:27,https://medium.com/page52,medium.com,learning,edge
2026-02-12 23:44:49,https://github.com/page15,github.com,learning,edge
2026-02-12 23:45:47,https://medium.com/page10,medium.com,learning,edge
2026-02-12 23:47:39,https://flipkart.com/page50,flipkart.com,shopping,edge
2026-02-12 23:49:22,https://instagram.com/page68,instagram.com,social,chrome
2026-02-12 23:50:47,https://x.com/page33,x.com,social,chrome
2026-02-12 23:52:16,https://coursera.org/page94,coursera.org,learning,edge
2026-02-12 23:53:02,https://wikipedia.org/page48,wikipedia.org,other,chrome
2026-02-12 23:54:25,https://coursera.org/page84,coursera.org,learning,chrome
2026-02-12 23:54:46,https://kaggle.com/page14,kaggle.com,learning,chrome
2026-02-12 23:56:16,https://primevideo.com/page56,primevideo.com,video,edge
2026-02-12 23:58:02,https://kaggle.com/page63,kaggle.com,learning,edge
2026-02-12 23:59:47,https://netflix.com/page11,netflix.com,video,chrome
2026-02-13 00:42:47,https://netflix.com/page73,netflix.com,video,chrome
2026-02-13 00:44:16,https://x.com/page50,x.com,social,edge
2026-02-13 00:45:57,https://facebook.com/page55,facebook.com,social,chrome
2026-02-13 00:46:55,https://stackoverflow.com/page1,stackoverflow.com,learning,chrome
2026-02-13 00:48:05,https://flipkart.com/page81,flipkart.com,shopping,edge
2026-02-13 00:48:37,https://github.com/page91,github.com,learning,edge
2026-02-13 00:50:25,https://amazon.com/page36,amazon.com,shopping,chrome
2026-02-13 00:51:45,https://primevideo.com/page80,primevideo.com,video,edge
2026-02-13 00:52:37,https://reddit.com/page36,reddit.com,social,chrome
2026-02-13 00:53:49,https://instagram.com/page19,instagram.com,social,edge
2026-02-13 00:54:11,https://medium.com/page5,medium.com,learning,edge
2026-02-13 00:55:18,https://x.com/page85,x.com,social,edge
2026-02-13 00:57:01,https://youtube.com/page76,youtube.com,video,edge
2026-02-13 00:57:31,https://wikipedia.org/page78,wikipedia.org,other,edge
2026-02-13 00:58:00,https://hotstar.com/page31,hotstar.com,video,edge
2026-02-13 00:58:24,https://instagram.com/page46,instagram.com,social,edge
2026-02-13 01:00:20,https://wikipedia.org/page8,wikipedia.org,other,edge
2026-02-13 01:01:53,https://coursera.org/page87,coursera.org,learning,chrome
2026-02-13 01:03:25,https://facebook.com/page79,facebook.com,social,chrome
2026-02-13 01:03:37,https://medium.com/page46,medium.com,learning,edge
2026-02-13 01:05:37,https://hotstar.com/page83,hotstar.com,video,chrome
2026-02-13 01:05:54,https://stackoverflow.com/page1,stackoverflow.com,learning,chrome
2026-02-13 01:06:10,https://reddit.com/page83,reddit.com,social,chrome
2026-02-13 01:06:34,https://reddit.com/page3,reddit.com,social,edge
2026-02-13 01:08:18,https://kaggle.com/page31,kaggle.com,learning,chrome
2026-02-13 01:09:57,https://instagram.com/page16,instagram.com,social,chrome
2026-02-13 01:11:19,https://flipkart.com/page23,flipkart.com,shopping,chrome
2026-02-13 01:11:52,https://reddit.com/page11,reddit.com,social,edge
2026-02-13 01:12:28,https://medium.com/page22,medium.com,learning,chrome
2026-02-13 01:14:19,https://github.com/page97,github.com,learning,edge
2026-02-13 02:10:19,https://coursera.org/page29,coursera.org,learning,chrome
2026-02-13 02:10:36,https://x.com/page3,x.com,social,chrome
2026-02-13 02:11:34,https://x.com/page3,x.com,social,chrome
2026-02-13 02:12:58,https://amazon.com/page31,amazon.com,shopping,chrome
2026-02-13 02:13:19,https://instagram.com/page27,instagram.com,social,chrome
2026-02-13 02:15:11,https://github.com/page47,github.com,learning,edge
2026-02-13 02:16:53,https://youtube.com/page80,youtube.com,video,chrome
2026-02-13 02:18:51,https://medium.com/page35,medium.com,learning,edge
2026-02-13 02:19:04,https://x.com/page90,x.com,social,chrome
2026-02-13 02:20:06,https://amazon.com/page49,amazon.com,shopping,edge
2026-02-13 02:21:38,https://amazon.com/page74,amazon.com,shopping,edge
2026-02-13 02:23:31,https://hotstar.com/page55,hotstar.com,video,edge
2026-02-13 02:25:00,https://hotstar.com/page22,hotstar.com,video,edge
2026-02-13 02:26:29,https://instagram.com/page42,instagram.com,social,edge
2026-02-13 02:26:42,https://facebook.com/page74,facebook.com,social,chrome
2026-02-13 02:28:27,https://kaggle.com/page77,kaggle.com,learning,chrome
2026-02-13 02:29:28,https://github.com/page57,github.com,learning,chrome
2026-02-13 02:30:44,https://reddit.com/page84,reddit.com,social,chrome
2026-02-13 02:32:20,https://facebook.com/page100,facebook.com,social,chrome
2026-02-13 02:33:14,https://primevideo.com/page12,primevideo.com,video,chrome
2026-02-13 02:34:59,https://netflix.com/page99,netflix.com,video,chrome
2026-02-13 02:36:27,https://coursera.org/page4,coursera.org,learning,edge
2026-02-13 02:37:17,https://stackoverflow.com/page47,stackoverflow.com,learning,edge
2026-02-13 02:38:08,https://stackoverflow.com/page52,stackoverflow.com,learning,edge
2026-02-13 02:38:38,https://x.com/page93,x.com,social,chrome
2026-02-13 02:40:15,https://github.com/page94,github.com,learning,edge
2026-02-13 02:40:44,https://reddit.com/page1,reddit.com,social,chrome
2026-02-13 02:42:43,https://youtube.com/page79,youtube.com,video,edge
2026-02-13 02:43:23,https://instagram.com/page34,instagram.com,social,edge
2026-02-13 02:43:51,https://medium.com/page85,medium.com,learning,edge
2026-02-13 02:45:04,https://medium.com/page4,medium.com,learning,edge
2026-02-13 02:45:51,https://coursera.org/page45,coursera.org,learning,edge
2026-02-13 02:47:04,https://reddit.com/page98,reddit.com,social,chrome
2026-02-13 02:47:28,https://kaggle.com/page90,kaggle.com,learning,edge
2026-02-13 02:49:04,https://instagram.com/page75,instagram.com,social,chrome
2026-02-13 02:50:46,https://youtube.com/page84,youtube.com,video,edge
2026-02-13 02:51:25,https://kaggle.com/page64,kaggle.com,learning,edge
2026-02-13 02:52:09,https://instagram.com/page65,instagram.com,social,edge
2026-02-13 02:54:05,https://kaggle.com/page69,kaggle.com,learning,chrome
2026-02-13 02:55:33,https://stackoverflow.com/page39,stackoverflow.com,learning,chrome
2026-02-13 02:56:42,https://youtube.com/page19,youtube.com,video,edge
2026-02-13 02:56:52,https://wikipedia.org/page70,wikipedia.org,other,edge
2026-02-13 02:58:48,https://wikipedia.org/page21,wikipedia.org,other,chrome
2026-02-13 03:00:16,https://hotstar.com/page79,hotstar.com,video,edge
2026-02-13 03:01:01,https://kaggle.com/page40,kaggle.com,learning,chrome
2026-02-13 03:01:30,https://medium.com/page95,medium.com,learning,edge
2026-02-13 03:03:27,https://instagram.com/page67,instagram.com,social,chrome
2026-02-13 03:04:55,https://instagram.com/page10,instagram.com,social,chrome
2026-02-13 03:06:10,https://instagram.com/page21,instagram.com,social,chrome
2026-02-13 03:08:06,https://medium.com/page20,medium.com,learning,chrome
2026-02-13 03:09:59,https://primevideo.com/page31,primevideo.com,video,chrome
2026-02-13 03:11:26,https://github.com/page40,github.com,learning,edge
2026-02-13 03:11:38,https://medium.com/page82,medium.com,learning,edge
2026-02-13 03:11:59,https://github.com/page21,github.com,learning,edge
2026-02-13 03:12:32,https://stackoverflow.com/page11,stackoverflow.com,learning,edge
2026-02-13 04:00:32,https://reddit.com/page75,reddit.com,social,edge
2026-02-13 04:01:51,https://wikipedia.org/page82,wikipedia.org,other,edge
2026-02-13 04:42:51,https://github.com/page4,github.com,learning,edge
2026-02-13 04:43:46,https://facebook.com/page56,facebook.com,social,chrome
2026-02-13 04:44:17,https://instagram.com/page31,instagram.com,social,chrome
2026-02-13 04:44:58,https://github.com/page94,github.com,learning,edge
2026-02-13 04:46:47,https://amazon.com/page6,amazon.com,shopping,chrome
2026-02-13 04:46:58,https://x.com/page86,x.com,social,chrome
2026-02-13 05:21:58,https://netflix.com/page50,netflix.com,video,chrome
2026-02-13 05:23:46,https://flipkart.com/page20,flipkart.com,shopping,edge
2026-02-13 05:25:04,https://wikipedia.org/page17,wikipedia.org,other,edge
2026-02-13 05:25:53,https://reddit.com/page4,reddit.com,social,chrome
2026-02-13 05:27:24,https://github.com/page35,github.com,learning,chrome
2026-02-13 05:28:15,https://flipkart.com/page84,flipkart.com,shopping,chrome
2026-02-13 05:30:13,https://hotstar.com/page32,hotstar.com,video,edge
2026-02-13 05:30:42,https://instagram.com/page41,instagram.com,social,edge
2026-02-13 05:31:12,https://kaggle.com/page5,kaggle.com,learning,chrome
2026-02-13 05:31:50,https://primevideo.com/page12,primevideo.com,video,chrome
2026-02-13 06:02:50,https://flipkart.com/page47,flipkart.com,shopping,chrome
2026-02-13 06:03:36,https://x.com/page95,x.com,social,edge
2026-02-13 06:03:56,https://netflix.com/page86,netflix.com,video,chrome
2026-02-13 06:05:29,https://amazon.com/page64,amazon.com,shopping,chrome
2026-02-13 06:07:14,https://github.com/page54,github.com,learning,edge
2026-02-13 06:08:26,https://stackoverflow.com/page95,stackoverflow.com,learning,chrome
2026-02-13 06:10:26,https://reddit.com/page82,reddit.com,social,edge
2026-02-13 06:10:44,https://facebook.com/page67,facebook.com,social,edge
2026-02-13 06:12:32,https://stackoverflow.com/page76,stackoverflow.com,learning,chrome
2026-02-13 06:12:56,https://coursera.org/page35,coursera.org,learning,chrome
2026-02-13 06:13:50,https://hotstar.com/page97,hotstar.com,video,chrome
2026-02-13 06:14:17,https://flipkart.com/page89,flipkart.com,shopping,edge
2026-02-13 06:16:03,https://coursera.org/page35,coursera.org,learning,edge
2026-02-13 06:17:41,https://netflix.com/page44,netflix.com,video,edge
2026-02-13 06:19:28,https://hotstar.com/page58,hotstar.com,video,chrome
2026-02-13 06:20:18,https://flipkart.com/page60,flipkart.com,shopping,edge
2026-02-13 06:21:56,https://x.com/page82,x.com,social,edge
2026-02-13 06:23:28,https://coursera.org/page23,coursera.org,learning,edge
2026-02-13 06:25:13,https://reddit.com/page63,reddit.com,social,edge
2026-02-13 06:25:23,https://wikipedia.org/page77,wikipedia.org,other,chrome
2026-02-13 06:26:13,https://github.com/page43,github.com,learning,chrome
2026-02-13 06:27:45,https://amazon.com/page69,amazon.com,shopping,chrome
2026-02-13 06:28:59,https://coursera.org/page40,coursera.org,learning,chrome
2026-02-13 06:29:29,https://reddit.com/page96,reddit.com,social,chrome
2026-02-13 06:30:26,https://flipkart.com/page43,flipkart.com,shopping,edge
2026-02-13 06:32:17,https://reddit.com/page72,reddit.com,social,edge
2026-02-13 06:33:53,https://reddit.com/page24,reddit.com,social,chrome
2026-02-13 06:34:03,https://amazon.com/page42,amazon.com,shopping,chrome
2026-02-13 07:08:03,https://x.com/page64,x.com,social,chrome
2026-02-13 07:09:20,https://hotstar.com/page8,hotstar.com,video,chrome
2026-02-13 07:11:19,https://amazon.com/page96,amazon.com,shopping,edge
2026-02-13 07:12:01,https://coursera.org/page42,coursera.org,learning,edge
2026-02-13 07:13:51,https://primevideo.com/page98,primevideo.com,video,chrome
2026-02-13 07:15:28,https://netflix.com/page77,netflix.com,video,chrome
2026-02-13 07:16:56,https://kaggle.com/page68,kaggle.com,learning,chrome
2026-02-13 07:18:14,https://primevideo.com/page26,primevideo.com,video,chrome
2026-02-13 07:20:08,https://youtube.com/page39,youtube.com,video,chrome
2026-02-13 07:20:26,https://reddit.com/page29,reddit.com,social,edge
2026-02-13 07:21:13,https://coursera.org/page71,coursera.org,learning,edge
2026-02-13 07:21:35,https://x.com/page48,x.com,social,chrome
2026-02-13 07:23:26,https://netflix.com/page91,netflix.com,video,chrome
2026-02-13 07:23:56,https://instagram.com/page28,instagram.com,social,edge
2026-02-13 07:25:08,https://youtube.com/page64,youtube.com,video,edge
2026-02-13 08:24:08,https://kaggle.com/page62,kaggle.com,learning,edge
2026-02-13 08:26:02,https://stackoverflow.com/page82,stackoverflow.com,learning,edge
2026-02-13 09:17:02,https://medium.com/page1,medium.com,learning,chrome
2026-02-13 09:18:06,https://stackoverflow.com/page32,stackoverflow.com,learning,chrome
2026-02-13 09:18:40,https://amazon.com/page15,amazon.com,shopping,edge
2026-02-13 09:19:15,https://x.com/page83,x.com,social,chrome
2026-02-13 09:21:06,https://stackoverflow.com/page87,stackoverflow.com,learning,edge
2026-02-13 09:22:56,https://amazon.com/page35,amazon.com,shopping,edge
2026-02-13 09:24:37,https://facebook.com/page48,facebook.com,social,chrome
2026-02-13 09:25:53,https://facebook.com/page9,facebook.com,social,chrome
2026-02-13 09:26:17,https://stackoverflow.com/page23,stackoverflow.com,learning,edge
2026-02-13 09:27:38,https://amazon.com/page90,amazon.com,shopping,edge
2026-02-13 09:28:30,https://instagram.com/page47,instagram.com,social,edge
2026-02-13 09:30:12,https://primevideo.com/page84,primevideo.com,video,edge
2026-02-13 09:30:57,https://netflix.com/page94,netflix.com,video,edge
2026-02-13 09:32:37,https://stackoverflow.com/page42,stackoverflow.com,learning,chrome
2026-02-13 09:33:49,https://wikipedia.org/page66,wikipedia.org,other,edge
2026-02-13 09:34:54,https://netflix.com/page14,netflix.com,video,edge
2026-02-13 09:36:17,https://primevideo.com/page27,primevideo.com,video,chrome
2026-02-13 09:38:12,https://flipkart.com/page6,flipkart.com,shopping,edge
2026-02-13 09:39:05,https://youtube.com/page34,youtube.com,video,edge
2026-02-13 09:40:15,https://amazon.com/page51,amazon.com,shopping,chrome
2026-02-13 09:40:55,https://wikipedia.org/page96,wikipedia.org,other,chrome
2026-02-13 09:42:15,https://facebook.com/page84,facebook.com,social,edge
2026-02-13 09:42:38,https://stackoverflow.com/page16,stackoverflow.com,learning,chrome
2026-02-13 09:43:48,https://kaggle.com/page4,kaggle.com,learning,edge
2026-02-13 09:45:14,https://stackoverflow.com/page70,stackoverflow.com,learning,chrome
2026-02-13 09:46:26,https://flipkart.com/page93,flipkart.com,shopping,chrome
2026-02-13 09:48:22,https://hotstar.com/page36,hotstar.com,video,edge
2026-02-13 09:49:39,https://reddit.com/page48,reddit.com,social,chrome
2026-02-13 09:49:50,https://x.com/page32,x.com,social,chrome
2026-02-13 09:50:28,https://youtube.com/page90,youtube.com,video,edge
2026-02-13 09:52:23,https://coursera.org/page54,coursera.org,learning,edge
2026-02-13 09:53:51,https://flipkart.com/page99,flipkart.com,shopping,edge
2026-02-13 09:55:07,https://youtube.com/page86,youtube.com,video,chrome
2026-02-13 09:56:10,https://kaggle.com/page93,kaggle.com,learning,chrome
2026-02-13 09:57:37,https://netflix.com/page73,netflix.com,video,chrome
2026-02-13 09:58:55,https://kaggle.com/page99,kaggle.com,learning,edge
2026-02-13 09:59:21,https://coursera.org/page38,coursera.org,learning,chrome
2026-02-13 09:59:45,https://netflix.com/page84,netflix.com,video,edge
2026-02-13 10:01:38,https://coursera.org/page53,coursera.org,learning,edge
2026-02-13 10:01:57,https://medium.com/page47,medium.com,learning,chrome
2026-02-13 10:02:09,https://youtube.com/page86,youtube.com,video,chrome
2026-02-13 10:03:44,https://amazon.com/page28,amazon.com,shopping,edge
2026-02-13 10:23:44,https://flipkart.com/page81,flipkart.com,shopping,edge
2026-02-13 10:23:55,https://youtube.com/page6,youtube.com,video,chrome
2026-02-13 10:25:51,https://youtube.com/page31,youtube.com,video,chrome
2026-02-13 10:27:46,https://primevideo.com/page73,primevideo.com,video,edge
2026-02-13 10:28:11,https://coursera.org/page32,coursera.org,learning,chrome
2026-02-13 10:28:48,https://medium.com/page1,medium.com,learning,chrome
2026-02-13 11:21:48,https://hotstar.com/page56,hotstar.com,video,edge
2026-02-13 11:22:43,https://youtube.com/page39,youtube.com,video,edge
2026-02-13 11:23:01,https://instagram.com/page15,instagram.com,social,chrome
2026-02-13 11:24:17,https://wikipedia.org/page53,wikipedia.org,other,chrome
2026-02-13 11:25:39,https://primevideo.com/page61,primevideo.com,video,edge
2026-02-13 11:26:49,https://netflix.com/page87,netflix.com,video,edge
2026-02-13 11:28:39,https://youtube.com/page40,youtube.com,video,edge
2026-02-13 11:28:59,https://youtube.com/page77,youtube.com,video,edge
2026-02-13 11:29:09,https://wikipedia.org/page27,wikipedia.org,other,edge
2026-02-13 11:51:09,https://primevideo.com/page43,primevideo.com,video,edge
2026-02-13 11:52:36,https://facebook.com/page59,facebook.com,social,edge
2026-02-13 11:52:48,https://hotstar.com/page89,hotstar.com,video,chrome
2026-02-13 11:54:40,https://github.com/page6,github.com,learning,edge
2026-02-13 11:56:06,https://amazon.com/page23,amazon.com,shopping,edge
2026-02-13 11:57:31,https://coursera.org/page49,coursera.org,learning,edge
2026-02-13 11:58:33,https://hotstar.com/page17,hotstar.com,video,chrome
2026-02-13 11:59:02,https://stackoverflow.com/page77,stackoverflow.com,learning,edge
2026-02-13 12:00:52,https://primevideo.com/page29,primevideo.com,video,chrome
2026-02-13 12:02:32,https://medium.com/page22,medium.com,learning,edge
2026-02-13 12:03:27,https://kaggle.com/page9,kaggle.com,learning,edge
2026-02-13 12:04:41,https://x.com/page83,x.com,social,chrome
2026-02-13 12:05:54,https://wikipedia.org/page41,wikipedia.org,other,edge
2026-02-13 12:06:50,https://stackoverflow.com/page55,stackoverflow.com,learning,edge
2026-02-13 12:08:42,https://primevideo.com/page19,primevideo.com,video,chrome
2026-02-13 12:09:39,https://netflix.com/page83,netflix.com,video,chrome
2026-02-13 12:10:21,https://kaggle.com/page91,kaggle.com,learning,chrome
2026-02-13 12:10:58,https://instagram.com/page63,instagram.com,social,chrome
2026-02-13 12:11:14,https://youtube.com/page52,youtube.com,video,chrome
2026-02-13 12:12:00,https://youtube.com/page82,youtube.com,video,chrome
2026-02-13 12:13:55,https://wikipedia.org/page97,wikipedia.org,other,edge
2026-02-13 12:15:19,https://medium.com/page77,medium.com,learning,chrome
2026-02-13 12:15:54,https://coursera.org/page36,coursera.org,learning,edge
2026-02-13 12:17:30,https://amazon.com/page3,amazon.com,shopping,chrome
2026-02-13 12:18:01,https://amazon.com/page99,amazon.com,shopping,edge
2026-02-13 12:20:00,https://instagram.com/page47,instagram.com,social,edge
2026-02-13 12:20:47,https://x.com/page34,x.com,social,edge
2026-02-13 12:21:04,https://medium.com/page94,medium.com,learning,chrome
2026-02-13 12:22:57,https://instagram.com/page27,instagram.com,social,chrome
2026-02-13 12:24:09,https://kaggle.com/page2,kaggle.com,learning,edge
2026-02-13 12:24:24,https://github.com/page86,github.com,learning,edge
2026-02-13 12:26:10,https://kaggle.com/page53,kaggle.com,learning,chrome
2026-02-13 12:27:46,https://netflix.com/page100,netflix.com,video,chrome
2026-02-13 12:28:32,https://netflix.com/page31,netflix.com,video,edge
2026-02-13 12:30:21,https://coursera.org/page70,coursera.org,learning,edge
2026-02-13 12:30:34,https://hotstar.com/page62,hotstar.com,video,edge
2026-02-13 13:15:34,https://youtube.com/page19,youtube.com,video,edge
2026-02-13 14:01:34,https://amazon.com/page12,amazon.com,shopping,edge
2026-02-13 14:02:35,https://coursera.org/page24,coursera.org,learning,edge
2026-02-13 14:02:59,https://netflix.com/page47,netflix.com,video,chrome
2026-02-13 14:03:32,https://coursera.org/page6,coursera.org,learning,chrome
2026-02-13 14:05:19,https://netflix.com/page38,netflix.com,video,chrome
2026-02-13 14:05:55,https://stackoverflow.com/page82,stackoverflow.com,learning,edge
2026-02-13 14:06:27,https://hotstar.com/page43,hotstar.com,video,edge
2026-02-13 14:07:21,https://amazon.com/page16,amazon.com,shopping,chrome
2026-02-13 14:08:42,https://hotstar.com/page4,hotstar.com,video,chrome
2026-02-13 14:09:23,https://stackoverflow.com/page68,stackoverflow.com,learning,chrome
2026-02-13 14:10:46,https://primevideo.com/page24,primevideo.com,video,edge
2026-02-13 14:11:38,https://youtube.com/page37,youtube.com,video,edge
2026-02-13 14:13:15,https://reddit.com/page41,reddit.com,social,chrome
2026-02-13 14:14:36,https://primevideo.com/page91,primevideo.com,video,chrome
2026-02-13 14:15:23,https://wikipedia.org/page76,wikipedia.org,other,edge
2026-02-13 14:16:47,https://medium.com/page31,medium.com,learning,chrome
2026-02-13 14:18:04,https://wikipedia.org/page5,wikipedia.org,other,chrome
2026-02-13 14:19:02,https://x.com/page81,x.com,social,chrome
2026-02-13 14:20:10,https://coursera.org/page26,coursera.org,learning,edge
2026-02-13 14:20:23,https://wikipedia.org/page73,wikipedia.org,other,chrome
2026-02-13 14:22:12,https://hotstar.com/page62,hotstar.com,video,edge
2026-02-13 14:23:57,https://flipkart.com/page87,flipkart.com,shopping,chrome
2026-02-13 14:24:35,https://coursera.org/page49,coursera.org,learning,edge
2026-02-13 14:26:07,https://github.com/page91,github.com,learning,edge
2026-02-13 14:27:15,https://github.com/page41,github.com,learning,chrome
2026-02-13 14:28:20,https://flipkart.com/page51,flipkart.com,shopping,edge
2026-02-13 14:29:19,https://kaggle.com/page70,kaggle.com,learning,chrome
2026-02-13 14:31:07,https://instagram.com/page45,instagram.com,social,chrome
2026-02-13 14:31:47,https://medium.com/page31,medium.com,learning,chrome
2026-02-13 14:33:04,https://primevideo.com/page58,primevideo.com,video,chrome
2026-02-13 14:34:44,https://amazon.com/page33,amazon.com,shopping,chrome
2026-02-13 14:36:36,https://facebook.com/page22,facebook.com,social,edge
2026-02-13 14:37:46,https://netflix.com/page74,netflix.com,video,edge
2026-02-13 14:38:54,https://instagram.com/page13,instagram.com,social,edge
2026-02-13 14:40:41,https://flipkart.com/page61,flipkart.com,shopping,edge
2026-02-13 14:41:48,https://stackoverflow.com/page14,stackoverflow.com,learning,chrome
2026-02-13 14:42:02,https://netflix.com/page82,netflix.com,video,edge
2026-02-13 14:43:15,https://kaggle.com/page28,kaggle.com,learning,chrome
2026-02-13 14:43:40,https://kaggle.com/page87,kaggle.com,learning,chrome
2026-02-13 14:44:15,https://reddit.com/page37,reddit.com,social,edge
2026-02-13 14:44:25,https://github.com/page36,github.com,learning,chrome
2026-02-13 14:45:18,https://reddit.com/page39,reddit.com,social,edge
2026-02-13 14:47:17,https://wikipedia.org/page57,wikipedia.org,other,edge
2026-02-13 14:47:59,https://kaggle.com/page61,kaggle.com,learning,edge
2026-02-13 14:49:01,https://medium.com/page5,medium.com,learning,edge
2026-02-13 14:49:26,https://instagram.com/page61,instagram.com,social,edge
2026-02-13 14:50:35,https://amazon.com/page86,amazon.com,shopping,chrome
2026-02-13 14:50:48,https://facebook.com/page40,facebook.com,social,chrome
2026-02-13 14:52:20,https://medium.com/page42,medium.com,learning,chrome
2026-02-13 14:54:06,https://hotstar.com/page17,hotstar.com,video,edge
2026-02-13 14:54:29,https://x.com/page78,x.com,social,chrome
2026-02-13 14:55:52,https://reddit.com/page22,reddit.com,social,chrome
2026-02-13 14:56:07,https://primevideo.com/page96,primevideo.com,video,edge
2026-02-13 14:56:27,https://amazon.com/page26,amazon.com,shopping,chrome
2026-02-13 14:56:54,https://medium.com/page37,medium.com,learning,chrome
2026-02-13 14:57:10,https://kaggle.com/page54,kaggle.com,learning,chrome
2026-02-13 15:24:10,https://netflix.com/page57,netflix.com,video,chrome
2026-02-13 15:26:00,https://flipkart.com/page72,flipkart.com,shopping,edge
2026-02-13 15:26:22,https://flipkart.com/page48,flipkart.com,shopping,chrome
2026-02-13 15:26:34,https://hotstar.com/page57,hotstar.com,video,edge
2026-02-13 15:26:56,https://x.com/page8,x.com,social,chrome
2026-02-13 15:28:38,https://stackoverflow.com/page84,stackoverflow.com,learning,edge
2026-02-13 15:29:35,https://hotstar.com/page49,hotstar.com,video,edge
2026-02-13 15:29:57,https://flipkart.com/page14,flipkart.com,shopping,edge
2026-02-13 15:31:32,https://github.com/page51,github.com,learning,chrome
2026-02-13 15:33:07,https://x.com/page90,x.com,social,chrome
2026-02-13 15:33:53,https://stackoverflow.com/page64,stackoverflow.com,learning,chrome
2026-02-13 15:34:25,https://amazon.com/page97,amazon.com,shopping,chrome
2026-02-13 15:35:29,https://instagram.com/page47,instagram.com,social,edge
2026-02-13 15:37:09,https://medium.com/page94,medium.com,learning,edge
2026-02-13 15:57:09,https://medium.com/page18,medium.com,learning,chrome
2026-02-13 15:58:43,https://primevideo.com/page31,primevideo.com,video,chrome
2026-02-13 15:59:42,https://flipkart.com/page54,flipkart.com,shopping,chrome
2026-02-13 16:00:46,https://wikipedia.org/page81,wikipedia.org,other,chrome
2026-02-13 16:02:38,https://x.com/page47,x.com,social,edge
2026-02-13 16:03:47,https://primevideo.com/page17,primevideo.com,video,edge
2026-02-13 16:05:36,https://x.com/page10,x.com,social,edge
2026-02-13 16:06:08,https://x.com/page38,x.com,social,edge
2026-02-13 16:07:42,https://medium.com/page22,medium.com,learning,chrome
2026-02-13 16:08:14,https://flipkart.com/page41,flipkart.com,shopping,edge
2026-02-13 16:08:26,https://primevideo.com/page4,primevideo.com,video,chrome
2026-02-13 16:09:30,https://kaggle.com/page28,kaggle.com,learning,chrome
2026-02-13 16:11:06,https://primevideo.com/page90,primevideo.com,video,edge
2026-02-13 16:11:41,https://medium.com/page51,medium.com,learning,chrome
2026-02-13 16:12:58,https://youtube.com/page82,youtube.com,video,edge
2026-02-13 16:13:28,https://github.com/page37,github.com,learning,chrome
2026-02-13 16:15:00,https://reddit.com/page82,reddit.com,social,edge
2026-02-13 16:15:50,https://stackoverflow.com/page28,stackoverflow.com,learning,edge
2026-02-13 16:16:48,https://netflix.com/page86,netflix.com,video,edge
2026-02-13 16:17:20,https://netflix.com/page56,netflix.com,video,edge
2026-02-13 16:19:15,https://netflix.com/page63,netflix.com,video,chrome
2026-02-13 17:12:15,https://flipkart.com/page100,flipkart.com,shopping,edge
2026-02-13 17:12:35,https://netflix.com/page99,netflix.com,video,edge
2026-02-13 17:13:42,https://kaggle.com/page52,kaggle.com,learning,edge
2026-02-13 17:15:15,https://hotstar.com/page16,hotstar.com,video,edge
2026-02-13 17:16:39,https://reddit.com/page84,reddit.com,social,chrome
2026-02-13 17:18:26,https://medium.com/page75,medium.com,learning,chrome
2026-02-13 17:19:37,https://kaggle.com/page33,kaggle.com,learning,chrome
2026-02-13 17:21:24,https://primevideo.com/page60,primevideo.com,video,edge
2026-02-13 17:23:05,https://flipkart.com/page81,flipkart.com,shopping,chrome
2026-02-13 17:23:59,https://x.com/page78,x.com,social,edge
2026-02-13 17:25:43,https://medium.com/page64,medium.com,learning,edge
2026-02-13 17:26:24,https://kaggle.com/page27,kaggle.com,learning,chrome
2026-02-13 17:28:08,https://coursera.org/page23,coursera.org,learning,chrome
2026-02-13 17:28:36,https://medium.com/page61,medium.com,learning,edge
2026-02-13 17:30:12,https://medium.com/page69,medium.com,learning,edge
2026-02-13 17:30:59,https://netflix.com/page15,netflix.com,video,chrome
2026-02-13 18:22:59,https://primevideo.com/page30,primevideo.com,video,chrome
2026-02-13 18:24:56,https://facebook.com/page70,facebook.com,social,chrome
2026-02-13 18:26:09,https://primevideo.com/page8,primevideo.com,video,chrome
2026-02-13 18:27:32,https://facebook.com/page12,facebook.com,social,edge
2026-02-13 18:29:01,https://medium.com/page61,medium.com,learning,edge
2026-02-13 18:29:57,https://youtube.com/page87,youtube.com,video,edge
2026-02-13 18:31:27,https://x.com/page70,x.com,social,edge
2026-02-13 18:33:07,https://instagram.com/page5,instagram.com,social,chrome
2026-02-13 18:33:39,https://hotstar.com/page51,hotstar.com,video,edge
2026-02-13 18:34:42,https://stackoverflow.com/page26,stackoverflow.com,learning,edge
2026-02-13 18:36:11,https://flipkart.com/page91,flipkart.com,shopping,chrome
2026-02-13 18:36:38,https://hotstar.com/page79,hotstar.com,video,chrome
2026-02-13 18:37:27,https://coursera.org/page33,coursera.org,learning,chrome
2026-02-13 18:38:09,https://stackoverflow.com/page33,stackoverflow.com,learning,edge
2026-02-13 18:39:13,https://x.com/page87,x.com,social,chrome
2026-02-13 18:39:36,https://kaggle.com/page3,kaggle.com,learning,chrome
2026-02-13 18:40:07,https://wikipedia.org/page96,wikipedia.org,other,edge
2026-02-13 18:41:07,https://hotstar.com/page64,hotstar.com,video,edge
2026-02-13 18:42:05,https://netflix.com/page83,netflix.com,video,chrome
2026-02-13 18:43:19,https://youtube.com/page40,youtube.com,video,chrome
2026-02-13 18:43:44,https://primevideo.com/page21,primevideo.com,video,chrome
2026-02-13 18:45:40,https://facebook.com/page44,facebook.com,social,edge
2026-02-13 18:46:59,https://facebook.com/page24,facebook.com,social,edge
2026-02-13 18:47:28,https://kaggle.com/page88,kaggle.com,learning,edge
2026-02-13 18:49:28,https://primevideo.com/page97,primevideo.com,video,edge
2026-02-13 18:50:22,https://x.com/page97,x.com,social,edge
2026-02-13 18:51:48,https://wikipedia.org/page31,wikipedia.org,other,edge
2026-02-13 18:52:55,https://coursera.org/page13,coursera.org,learning,chrome
2026-02-13 18:53:17,https://medium.com/page24,medium.com,learning,edge
2026-02-13 18:54:39,https://stackoverflow.com/page99,stackoverflow.com,learning,chrome
2026-02-13 18:56:19,https://stackoverflow.com/page38,stackoverflow.com,learning,chrome
2026-02-13 18:56:43,https://github.com/page79,github.com,learning,chrome
2026-02-13 18:57:49,https://kaggle.com/page81,kaggle.com,learning,chrome
2026-02-13 18:59:32,https://github.com/page88,github.com,learning,chrome
2026-02-13 19:00:13,https://wikipedia.org/page22,wikipedia.org,other,chrome
2026-02-13 19:01:01,https://hotstar.com/page79,hotstar.com,video,chrome
2026-02-13 19:01:49,https://reddit.com/page15,reddit.com,social,edge
2026-02-13 19:03:47,https://netflix.com/page53,netflix.com,video,edge
2026-02-13 19:05:47,https://coursera.org/page93,coursera.org,learning,edge
2026-02-13 19:07:11,https://medium.com/page58,medium.com,learning,edge
2026-02-13 19:07:52,https://flipkart.com/page97,flipkart.com,shopping,edge
2026-02-13 19:46:52,https://netflix.com/page19,netflix.com,video,edge
2026-02-13 19:48:32,https://medium.com/page16,medium.com,learning,chrome
2026-02-13 19:49:00,https://hotstar.com/page43,hotstar.com,video,chrome
2026-02-13 19:49:56,https://stackoverflow.com/page3,stackoverflow.com,learning,edge
2026-02-13 19:51:24,https://coursera.org/page80,coursera.org,learning,edge
2026-02-13 19:51:45,https://amazon.com/page12,amazon.com,shopping,chrome
2026-02-13 20:25:45,https://flipkart.com/page62,flipkart.com,shopping,edge
2026-02-13 20:26:05,https://primevideo.com/page76,primevideo.com,video,edge
2026-02-13 20:26:27,https://wikipedia.org/page15,wikipedia.org,other,edge
2026-02-13 20:28:12,https://reddit.com/page73,reddit.com,social,edge
2026-02-13 20:30:07,https://x.com/page51,x.com,social,edge
2026-02-13 20:30:30,https://kaggle.com/page35,kaggle.com,learning,chrome
2026-02-13 20:31:38,https://flipkart.com/page4,flipkart.com,shopping,edge
2026-02-13 20:32:33,https://amazon.com/page20,amazon.com,shopping,chrome
2026-02-13 20:34:24,https://facebook.com/page94,facebook.com,social,edge
2026-02-13 20:36:20,https://medium.com/page39,medium.com,learning,edge
2026-02-13 20:36:52,https://kaggle.com/page14,kaggle.com,learning,edge
2026-02-13 20:38:14,https://coursera.org/page43,coursera.org,learning,chrome
2026-02-13 20:38:31,https://coursera.org/page63,coursera.org,learning,edge
2026-02-13 20:40:07,https://medium.com/page3,medium.com,learning,edge
2026-02-13 20:40:42,https://primevideo.com/page87,primevideo.com,video,edge
2026-02-13 20:42:03,https://netflix.com/page100,netflix.com,video,chrome
2026-02-13 20:44:01,https://reddit.com/page94,reddit.com,social,edge
2026-02-13 20:44:41,https://facebook.com/page87,facebook.com,social,edge
2026-02-13 21:18:41,https://coursera.org/page50,coursera.org,learning,chrome
2026-02-13 21:19:41,https://kaggle.com/page68,kaggle.com,learning,edge
2026-02-13 21:19:51,https://facebook.com/page66,facebook.com,social,chrome
2026-02-13 21:20:43,https://wikipedia.org/page62,wikipedia.org,other,edge
2026-02-13 21:22:01,https://coursera.org/page49,coursera.org,learning,chrome
2026-02-13 21:23:17,https://coursera.org/page96,coursera.org,learning,edge
2026-02-13 21:24:29,https://stackoverflow.com/page45,stackoverflow.com,learning,chrome
2026-02-13 21:24:45,https://instagram.com/page55,instagram.com,social,edge
2026-02-13 21:25:15,https://kaggle.com/page55,kaggle.com,learning,edge
2026-02-13 21:26:47,https://primevideo.com/page43,primevideo.com,video,edge
2026-02-13 21:28:15,https://instagram.com/page23,instagram.com,social,chrome
2026-02-13 21:28:53,https://stackoverflow.com/page95,stackoverflow.com,learning,edge
2026-02-13 21:30:45,https://medium.com/page49,medium.com,learning,edge
2026-02-13 21:31:57,https://github.com/page51,github.com,learning,edge
2026-02-13 22:12:57,https://coursera.org/page40,coursera.org,learning,edge
2026-02-13 22:14:47,https://instagram.com/page69,instagram.com,social,edge
2026-02-13 22:15:54,https://facebook.com/page83,facebook.com,social,edge
2026-02-13 22:16:12,https://medium.com/page47,medium.com,learning,chrome
2026-02-13 22:17:11,https://coursera.org/page98,coursera.org,learning,edge
2026-02-13 22:18:17,https://coursera.org/page61,coursera.org,learning,chrome
2026-02-13 22:18:53,https://wikipedia.org/page90,wikipedia.org,other,edge
2026-02-13 22:19:25,https://medium.com/page86,medium.com,learning,edge
2026-02-13 22:20:19,https://github.com/page100,github.com,learning,chrome
2026-02-13 22:21:54,https://x.com/page51,x.com,social,edge
2026-02-13 22:23:24,https://primevideo.com/page33,primevideo.com,video,edge
2026-02-13 22:24:57,https://coursera.org/page22,coursera.org,learning,chrome
2026-02-13 22:25:40,https://github.com/page17,github.com,learning,chrome
2026-02-13 22:26:23,https://reddit.com/page31,reddit.com,social,chrome
2026-02-13 22:28:12,https://amazon.com/page97,amazon.com,shopping,edge
2026-02-13 22:28:56,https://x.com/page52,x.com,social,edge
2026-02-13 22:30:54,https://facebook.com/page22,facebook.com,social,edge
2026-02-13 22:32:16,https://x.com/page76,x.com,social,edge
2026-02-13 22:33:59,https://hotstar.com/page23,hotstar.com,video,chrome
2026-02-13 22:34:19,https://wikipedia.org/page6,wikipedia.org,other,edge
2026-02-13 23:34:19,https://flipkart.com/page92,flipkart.com,shopping,chrome
2026-02-13 23:35:07,https://flipkart.com/page52,flipkart.com,shopping,chrome
2026-02-13 23:36:26,https://primevideo.com/page9,primevideo.com,video,chrome
2026-02-13 23:36:50,https://medium.com/page42,medium.com,learning,chrome
2026-02-13 23:38:41,https://kaggle.com/page81,kaggle.com,learning,chrome
2026-02-13 23:40:28,https://instagram.com/page55,instagram.com,social,chrome
2026-02-13 23:41:54,https://x.com/page60,x.com,social,chrome
2026-02-13 23:43:52,https://reddit.com/page6,reddit.com,social,chrome
2026-02-13 23:45:26,https://netflix.com/page66,netflix.com,video,chrome
2026-02-13 23:47:05,https://instagram.com/page26,instagram.com,social,chrome
2026-02-13 23:48:22,https://primevideo.com/page11,primevideo.com,video,edge
2026-02-13 23:48:39,https://stackoverflow.com/page71,stackoverflow.com,learning,edge
2026-02-13 23:49:15,https://medium.com/page83,medium.com,learning,edge
2026-02-13 23:49:54,https://youtube.com/page35,youtube.com,video,chrome
2026-02-13 23:50:59,https://flipkart.com/page97,flipkart.com,shopping,chrome
2026-02-13 23:51:29,https://youtube.com/page26,youtube.com,video,edge
2026-02-13 23:52:31,https://flipkart.com/page33,flipkart.com,shopping,edge
2026-02-13 23:53:01,https://flipkart.com/page49,flipkart.com,shopping,chrome
2026-02-13 23:54:55,https://kaggle.com/page10,kaggle.com,learning,chrome
2026-02-13 23:56:49,https://medium.com/page51,medium.com,learning,chrome
2026-02-14 00:31:49,https://amazon.com/page81,amazon.com,shopping,edge
2026-02-14 00:33:45,https://wikipedia.org/page39,wikipedia.org,other,edge
2026-02-14 00:35:10,https://instagram.com/page36,instagram.com,social,edge
2026-02-14 00:36:37,https://primevideo.com/page22,primevideo.com,video,edge
2026-02-14 00:37:20,https://stackoverflow.com/page54,stackoverflow.com,learning,edge
2026-02-14 01:17:20,https://coursera.org/page45,coursera.org,learning,chrome
2026-02-14 01:18:47,https://github.com/page3,github.com,learning,chrome
2026-02-14 01:19:54,https://flipkart.com/page77,flipkart.com,shopping,edge
2026-02-14 01:21:10,https://youtube.com/page16,youtube.com,video,chrome
2026-02-14 01:23:08,https://youtube.com/page55,youtube.com,video,edge
2026-02-14 01:23:36,https://netflix.com/page48,netflix.com,video,edge
2026-02-14 01:25:11,https://reddit.com/page28,reddit.com,social,chrome
2026-02-14 01:26:51,https://coursera.org/page82,coursera.org,learning,chrome
2026-02-14 01:27:18,https://facebook.com/page34,facebook.com,social,chrome
2026-02-14 01:28:17,https://amazon.com/page31,amazon.com,shopping,chrome
2026-02-14 01:29:52,https://primevideo.com/page17,primevideo.com,video,chrome
2026-02-14 02:12:52,https://flipkart.com/page87,flipkart.com,shopping,edge
2026-02-14 02:14:01,https://wikipedia.org/page54,wikipedia.org,other,edge
2026-02-14 02:14:56,https://coursera.org/page57,coursera.org,learning,chrome
2026-02-14 02:15:44,https://facebook.com/page4,facebook.com,social,edge
2026-02-14 02:16:48,https://coursera.org/page10,coursera.org,learning,edge
2026-02-14 03:14:48,https://wikipedia.org/page50,wikipedia.org,other,edge
2026-02-14 03:15:58,https://instagram.com/page69,instagram.com,social,chrome
2026-02-14 03:17:12,https://hotstar.com/page4,hotstar.com,video,chrome
2026-02-14 03:17:23,https://reddit.com/page35,reddit.com,social,edge
2026-02-14 03:18:01,https://reddit.com/page12,reddit.com,social,edge
2026-02-14 03:18:32,https://youtube.com/page59,youtube.com,video,chrome
2026-02-14 03:20:16,https://instagram.com/page38,instagram.com,social,edge
2026-02-14 03:21:22,https://x.com/page57,x.com,social,chrome
2026-02-14 03:22:05,https://netflix.com/page48,netflix.com,video,edge
2026-02-14 03:23:06,https://reddit.com/page30,reddit.com,social,edge
2026-02-14 03:24:06,https://github.com/page97,github.com,learning,edge
2026-02-14 03:24:26,https://facebook.com/page89,facebook.com,social,edge
2026-02-14 03:25:15,https://medium.com/page23,medium.com,learning,edge
2026-02-14 03:25:59,https://stackoverflow.com/page35,stackoverflow.com,learning,edge
2026-02-14 03:26:12,https://reddit.com/page88,reddit.com,social,edge
2026-02-14 03:27:40,https://facebook.com/page25,facebook.com,social,edge
2026-02-14 03:28:05,https://wikipedia.org/page19,wikipedia.org,other,edge
2026-02-14 03:28:18,https://coursera.org/page72,coursera.org,learning,chrome
2026-02-14 03:28:42,https://x.com/page44,x.com,social,edge
2026-02-14 03:29:10,https://github.com/page78,github.com,learning,chrome
2026-02-14 03:30:41,https://reddit.com/page68,reddit.com,social,edge
2026-02-14 03:32:17,https://amazon.com/page82,amazon.com,shopping,chrome
2026-02-14 03:33:13,https://primevideo.com/page65,primevideo.com,video,chrome
2026-02-14 03:34:24,https://wikipedia.org/page44,wikipedia.org,other,edge
2026-02-14 03:36:15,https://netflix.com/page1,netflix.com,video,edge
2026-02-14 03:36:42,https://stackoverflow.com/page70,stackoverflow.com,learning,chrome
2026-02-14 03:38:26,https://amazon.com/page16,amazon.com,shopping,edge
2026-02-14 03:39:05,https://instagram.com/page81,instagram.com,social,edge
2026-02-14 03:40:51,https://coursera.org/page43,coursera.org,learning,chrome
2026-02-14 03:42:22,https://wikipedia.org/page94,wikipedia.org,other,chrome
2026-02-14 03:43:48,https://coursera.org/page16,coursera.org,learning,chrome
2026-02-14 03:44:50,https://netflix.com/page24,netflix.com,video,edge
2026-02-14 03:46:44,https://flipkart.com/page5,flipkart.com,shopping,edge
2026-02-14 03:47:13,https://reddit.com/page69,reddit.com,social,chrome
2026-02-14 03:47:24,https://wikipedia.org/page95,wikipedia.org,other,edge
2026-02-14 03:48:18,https://hotstar.com/page89,hotstar.com,video,chrome
2026-02-14 03:49:35,https://coursera.org/page16,coursera.org,learning,chrome
2026-02-14 03:51:31,https://wikipedia.org/page40,wikipedia.org,other,chrome
2026-02-14 03:52:51,https://instagram.com/page12,instagram.com,social,edge
2026-02-14 03:54:21,https://facebook.com/page66,facebook.com,social,edge
2026-02-14 03:54:39,https://hotstar.com/page75,hotstar.com,video,chrome
2026-02-14 03:55:42,https://medium.com/page85,medium.com,learning,chrome
2026-02-14 03:56:44,https://stackoverflow.com/page88,stackoverflow.com,learning,chrome
2026-02-14 03:56:58,https://x.com/page75,x.com,social,edge
2026-02-14 03:58:55,https://amazon.com/page45,amazon.com,shopping,chrome
2026-02-14 04:00:22,https://amazon.com/page4,amazon.com,shopping,edge
2026-02-14 04:01:30,https://netflix.com/page62,netflix.com,video,edge
2026-02-14 04:03:25,https://reddit.com/page88,reddit.com,social,chrome
2026-02-14 04:04:48,https://coursera.org/page7,coursera.org,learning,edge
2026-02-14 04:06:35,https://facebook.com/page48,facebook.com,social,chrome
2026-02-14 04:08:08,https://primevideo.com/page30,primevideo.com,video,chrome
2026-02-14 04:08:21,https://hotstar.com/page100,hotstar.com,video,edge
2026-02-14 04:10:05,https://stackoverflow.com/page37,stackoverflow.com,learning,chrome
2026-02-14 04:12:00,https://youtube.com/page65,youtube.com,video,edge
2026-02-14 04:13:01,https://amazon.com/page83,amazon.com,shopping,edge
2026-02-14 04:14:11,https://primevideo.com/page51,primevideo.com,video,chrome
2026-02-14 04:15:30,https://primevideo.com/page93,primevideo.com,video,edge
2026-02-14 04:16:12,https://stackoverflow.com/page50,stackoverflow.com,learning,edge
2026-02-14 04:17:01,https://stackoverflow.com/page14,stackoverflow.com,learning,edge
2026-02-14 04:18:30,https://kaggle.com/page24,kaggle.com,learning,chrome
2026-02-14 04:19:34,https://youtube.com/page70,youtube.com,video,chrome
2026-02-14 04:20:10,https://youtube.com/page35,youtube.com,video,edge
2026-02-14 04:20:27,https://stackoverflow.com/page47,stackoverflow.com,learning,edge
2026-02-14 04:20:41,https://stackoverflow.com/page58,stackoverflow.com,learning,edge
2026-02-14 04:21:38,https://kaggle.com/page36,kaggle.com,learning,chrome
2026-02-14 04:23:14,https://github.com/page84,github.com,learning,chrome
2026-02-14 04:24:05,https://facebook.com/page50,facebook.com,social,chrome
2026-02-14 04:26:04,https://github.com/page75,github.com,learning,chrome
2026-02-14 04:26:21,https://netflix.com/page20,netflix.com,video,chrome
2026-02-14 04:27:06,https://primevideo.com/page88,primevideo.com,video,edge
2026-02-14 04:27:49,https://facebook.com/page24,facebook.com,social,chrome
2026-02-14 04:29:31,https://coursera.org/page56,coursera.org,learning,chrome
2026-02-14 04:30:48,https://amazon.com/page58,amazon.com,shopping,edge
2026-02-14 04:31:04,https://flipkart.com/page59,flipkart.com,shopping,edge
2026-02-14 04:31:34,https://kaggle.com/page95,kaggle.com,learning,chrome
2026-02-14 04:32:02,https://hotstar.com/page11,hotstar.com,video,edge
2026-02-14 04:32:45,https://instagram.com/page95,instagram.com,social,edge
2026-02-14 04:34:41,https://wikipedia.org/page23,wikipedia.org,other,chrome
2026-02-14 04:35:42,https://amazon.com/page18,amazon.com,shopping,chrome
2026-02-14 04:36:51,https://x.com/page72,x.com,social,chrome
2026-02-14 04:38:15,https://flipkart.com/page4,flipkart.com,shopping,edge
2026-02-14 04:39:32,https://instagram.com/page50,instagram.com,social,edge
2026-02-14 04:40:02,https://amazon.com/page82,amazon.com,shopping,chrome
2026-02-14 04:41:03,https://coursera.org/page48,coursera.org,learning,edge
2026-02-14 04:42:12,https://reddit.com/page8,reddit.com,social,chrome
2026-02-14 04:42:32,https://medium.com/page21,medium.com,learning,chrome
2026-02-14 04:44:07,https://primevideo.com/page16,primevideo.com,video,edge
2026-02-14 04:45:53,https://github.com/page27,github.com,learning,edge
2026-02-14 04:46:18,https://stackoverflow.com/page59,stackoverflow.com,learning,chrome
2026-02-14 04:47:33,https://kaggle.com/page33,kaggle.com,learning,edge
2026-02-14 04:49:32,https://instagram.com/page50,instagram.com,social,edge
2026-02-14 04:49:59,https://kaggle.com/page45,kaggle.com,learning,edge
2026-02-14 04:50:40,https://flipkart.com/page65,flipkart.com,shopping,chrome
2026-02-14 04:51:19,https://wikipedia.org/page36,wikipedia.org,other,chrome
2026-02-14 04:52:37,https://github.com/page77,github.com,learning,edge
2026-02-14 04:53:27,https://x.com/page26,x.com,social,edge
2026-02-14 04:55:19,https://kaggle.com/page62,kaggle.com,learning,chrome
2026-02-14 04:55:47,https://primevideo.com/page41,primevideo.com,video,chrome
2026-02-14 04:56:09,https://primevideo.com/page1,primevideo.com,video,chrome
2026-02-14 05:54:09,https://x.com/page89,x.com,social,chrome
2026-02-14 05:56:06,https://netflix.com/page69,netflix.com,video,chrome
2026-02-14 05:57:33,https://netflix.com/page43,netflix.com,video,edge
2026-02-14 05:58:24,https://github.com/page91,github.com,learning,chrome
2026-02-14 05:59:59,https://hotstar.com/page69,hotstar.com,video,edge
2026-02-14 06:01:36,https://youtube.com/page54,youtube.com,video,chrome
2026-02-14 06:03:34,https://medium.com/page32,medium.com,learning,edge
2026-02-14 06:04:58,https://primevideo.com/page85,primevideo.com,video,edge
2026-02-14 06:05:51,https://coursera.org/page90,coursera.org,learning,edge
2026-02-14 06:06:38,https://kaggle.com/page30,kaggle.com,learning,chrome
2026-02-14 06:08:26,https://instagram.com/page94,instagram.com,social,edge
2026-02-14 06:09:28,https://hotstar.com/page91,hotstar.com,video,edge
2026-02-14 06:10:21,https://reddit.com/page64,reddit.com,social,chrome
2026-02-14 06:11:20,https://github.com/page10,github.com,learning,chrome
2026-02-14 06:12:50,https://facebook.com/page74,facebook.com,social,chrome
2026-02-14 06:14:10,https://flipkart.com/page92,flipkart.com,shopping,edge
2026-02-14 06:16:07,https://amazon.com/page33,amazon.com,shopping,edge
2026-02-14 06:16:29,https://kaggle.com/page48,kaggle.com,learning,edge
2026-02-14 06:17:41,https://reddit.com/page18,reddit.com,social,chrome
2026-02-14 06:17:52,https://stackoverflow.com/page63,stackoverflow.com,learning,edge
2026-02-14 06:19:28,https://netflix.com/page40,netflix.com,video,chrome
2026-02-14 06:20:38,https://reddit.com/page2,reddit.com,social,chrome
2026-02-14 06:21:21,https://instagram.com/page1,instagram.com,social,chrome
2026-02-14 07:07:21,https://stackoverflow.com/page77,stackoverflow.com,learning,edge
2026-02-14 07:08:31,https://stackoverflow.com/page86,stackoverflow.com,learning,edge
2026-02-14 07:10:02,https://youtube.com/page79,youtube.com,video,edge
2026-02-14 07:10:21,https://amazon.com/page66,amazon.com,shopping,edge
2026-02-14 07:53:21,https://x.com/page68,x.com,social,chrome
2026-02-14 07:53:33,https://reddit.com/page30,reddit.com,social,edge
2026-02-14 07:54:27,https://hotstar.com/page95,hotstar.com,video,chrome
2026-02-14 07:54:42,https://flipkart.com/page52,flipkart.com,shopping,chrome
2026-02-14 07:55:14,https://x.com/page90,x.com,social,chrome
2026-02-14 07:56:33,https://instagram.com/page95,instagram.com,social,edge
2026-02-14 07:58:28,https://hotstar.com/page34,hotstar.com,video,edge
2026-02-14 07:58:45,https://stackoverflow.com/page24,stackoverflow.com,learning,edge
2026-02-14 08:00:11,https://amazon.com/page34,amazon.com,shopping,chrome
2026-02-14 08:01:47,https://stackoverflow.com/page46,stackoverflow.com,learning,chrome
2026-02-14 08:03:30,https://kaggle.com/page25,kaggle.com,learning,chrome
2026-02-14 08:03:47,https://flipkart.com/page86,flipkart.com,shopping,edge
2026-02-14 08:04:00,https://hotstar.com/page3,hotstar.com,video,chrome
2026-02-14 08:05:31,https://youtube.com/page73,youtube.com,video,edge
2026-02-14 08:06:59,https://flipkart.com/page90,flipkart.com,shopping,edge
2026-02-14 08:08:36,https://reddit.com/page93,reddit.com,social,edge
2026-02-14 08:09:41,https://primevideo.com/page5,primevideo.com,video,chrome
2026-02-14 08:11:36,https://hotstar.com/page19,hotstar.com,video,chrome
2026-02-14 08:11:55,https://flipkart.com/page52,flipkart.com,shopping,chrome
2026-02-14 08:13:04,https://instagram.com/page17,instagram.com,social,chrome
2026-02-14 08:13:20,https://kaggle.com/page63,kaggle.com,learning,chrome
2026-02-14 08:13:36,https://primevideo.com/page12,primevideo.com,video,chrome
2026-02-14 08:14:27,https://primevideo.com/page88,primevideo.com,video,edge
2026-02-14 08:15:58,https://stackoverflow.com/page72,stackoverflow.com,learning,edge
2026-02-14 08:17:11,https://primevideo.com/page72,primevideo.com,video,chrome
2026-02-14 08:18:10,https://reddit.com/page81,reddit.com,social,chrome
2026-02-14 08:20:02,https://netflix.com/page7,netflix.com,video,chrome
2026-02-14 08:20:54,https://facebook.com/page37,facebook.com,social,edge
2026-02-14 08:22:01,https://medium.com/page47,medium.com,learning,chrome
2026-02-14 08:22:35,https://github.com/page6,github.com,learning,chrome
2026-02-14 08:24:09,https://stackoverflow.com/page50,stackoverflow.com,learning,chrome
2026-02-14 08:24:36,https://hotstar.com/page97,hotstar.com,video,edge
2026-02-14 08:26:06,https://github.com/page77,github.com,learning,chrome
2026-02-14 08:26:56,https://amazon.com/page63,amazon.com,shopping,chrome
2026-02-14 08:28:40,https://hotstar.com/page61,hotstar.com,video,edge
2026-02-14 08:29:25,https://facebook.com/page77,facebook.com,social,edge
2026-02-14 08:30:33,https://netflix.com/page41,netflix.com,video,chrome
2026-02-14 08:32:20,https://instagram.com/page78,instagram.com,social,edge
2026-02-14 08:33:25,https://coursera.org/page100,coursera.org,learning,edge
2026-02-14 08:35:14,https://youtube.com/page52,youtube.com,video,edge
2026-02-14 08:36:58,https://wikipedia.org/page32,wikipedia.org,other,edge
2026-02-14 08:37:12,https://youtube.com/page35,youtube.com,video,chrome
2026-02-14 09:36:12,https://x.com/page2,x.com,social,edge
2026-02-14 09:37:57,https://youtube.com/page93,youtube.com,video,chrome
2026-02-14 09:39:54,https://netflix.com/page2,netflix.com,video,edge
2026-02-14 09:41:44,https://x.com/page19,x.com,social,edge
2026-02-14 09:42:11,https://youtube.com/page32,youtube.com,video,edge
2026-02-14 09:43:04,https://kaggle.com/page61,kaggle.com,learning,edge
2026-02-14 10:27:04,https://github.com/page40,github.com,learning,chrome
2026-02-14 10:27:39,https://wikipedia.org/page73,wikipedia.org,other,chrome
2026-02-14 10:29:13,https://netflix.com/page37,netflix.com,video,chrome
2026-02-14 10:31:09,https://stackoverflow.com/page86,stackoverflow.com,learning,chrome
2026-02-14 10:31:53,https://medium.com/page67,medium.com,learning,edge
2026-02-14 10:33:30,https://github.com/page92,github.com,learning,chrome
2026-02-14 10:34:04,https://x.com/page60,x.com,social,chrome
2026-02-14 10:35:58,https://github.com/page42,github.com,learning,edge
2026-02-14 10:37:28,https://coursera.org/page89,coursera.org,learning,edge
2026-02-14 11:12:28,https://medium.com/page79,medium.com,learning,chrome
2026-02-14 11:13:27,https://kaggle.com/page77,kaggle.com,learning,edge
2026-02-14 11:13:40,https://reddit.com/page50,reddit.com,social,chrome
2026-02-14 11:15:38,https://github.com/page45,github.com,learning,chrome
2026-02-14 11:16:59,https://coursera.org/page4,coursera.org,learning,edge
2026-02-14 11:17:36,https://hotstar.com/page91,hotstar.com,video,edge
2026-02-14 11:19:13,https://amazon.com/page86,amazon.com,shopping,edge
2026-02-14 11:20:16,https://netflix.com/page13,netflix.com,video,chrome
2026-02-14 11:21:26,https://instagram.com/page89,instagram.com,social,chrome
2026-02-14 11:22:38,https://reddit.com/page64,reddit.com,social,chrome
2026-02-14 11:58:38,https://flipkart.com/page21,flipkart.com,shopping,chrome
2026-02-14 11:59:49,https://x.com/page12,x.com,social,chrome
2026-02-14 12:00:10,https://stackoverflow.com/page49,stackoverflow.com,learning,chrome
2026-02-14 12:00:20,https://reddit.com/page39,reddit.com,social,edge
2026-02-14 12:00:47,https://flipkart.com/page69,flipkart.com,shopping,edge
2026-02-14 12:01:59,https://reddit.com/page62,reddit.com,social,chrome
2026-02-14 12:03:02,https://wikipedia.org/page53,wikipedia.org,other,chrome
2026-02-14 12:03:45,https://wikipedia.org/page18,wikipedia.org,other,edge
2026-02-14 12:05:17,https://hotstar.com/page15,hotstar.com,video,edge
2026-02-14 12:06:22,https://flipkart.com/page98,flipkart.com,shopping,edge
2026-02-14 12:07:44,https://instagram.com/page39,instagram.com,social,edge
2026-02-14 12:08:55,https://github.com/page33,github.com,learning,chrome
2026-02-14 12:09:12,https://medium.com/page45,medium.com,learning,chrome
2026-02-14 12:10:46,https://github.com/page72,github.com,learning,chrome
2026-02-14 12:11:41,https://instagram.com/page86,instagram.com,social,edge
2026-02-14 12:12:48,https://reddit.com/page13,reddit.com,social,edge
2026-02-14 12:13:18,https://wikipedia.org/page47,wikipedia.org,other,edge
2026-02-14 12:14:59,https://hotstar.com/page36,hotstar.com,video,chrome
2026-02-14 12:16:28,https://github.com/page13,github.com,learning,chrome
2026-02-14 13:16:28,https://hotstar.com/page13,hotstar.com,video,chrome
2026-02-14 13:17:42,https://kaggle.com/page32,kaggle.com,learning,edge
2026-02-14 13:18:21,https://flipkart.com/page27,flipkart.com,shopping,edge
2026-02-14 13:19:22,https://netflix.com/page75,netflix.com,video,chrome
2026-02-14 13:19:54,https://youtube.com/page70,youtube.com,video,edge
2026-02-14 13:20:12,https://reddit.com/page94,reddit.com,social,edge
2026-02-14 13:22:03,https://stackoverflow.com/page37,stackoverflow.com,learning,chrome
2026-02-14 13:22:36,https://x.com/page61,x.com,social,chrome
2026-02-14 13:23:23,https://instagram.com/page49,instagram.com,social,chrome
2026-02-14 13:24:43,https://medium.com/page83,medium.com,learning,chrome
2026-02-14 13:26:04,https://wikipedia.org/page40,wikipedia.org,other,edge
2026-02-14 13:53:04,https://hotstar.com/page40,hotstar.com,video,chrome
2026-02-14 13:54:20,https://github.com/page55,github.com,learning,chrome
2026-02-14 13:54:53,https://kaggle.com/page75,kaggle.com,learning,edge
2026-02-14 13:55:18,https://facebook.com/page36,facebook.com,social,edge
2026-02-14 13:56:20,https://reddit.com/page90,reddit.com,social,edge
2026-02-14 13:56:51,https://flipkart.com/page14,flipkart.com,shopping,chrome
2026-02-14 13:57:22,https://netflix.com/page3,netflix.com,video,edge
2026-02-14 13:58:24,https://medium.com/page37,medium.com,learning,edge
2026-02-14 13:59:10,https://medium.com/page52,medium.com,learning,chrome
2026-02-14 14:00:10,https://primevideo.com/page70,primevideo.com,video,edge
2026-02-14 14:00:40,https://wikipedia.org/page92,wikipedia.org,other,chrome
2026-02-14 14:00:53,https://amazon.com/page96,amazon.com,shopping,edge
2026-02-14 14:02:53,https://instagram.com/page57,instagram.com,social,edge
2026-02-14 14:03:39,https://netflix.com/page43,netflix.com,video,edge
2026-02-14 14:04:30,https://facebook.com/page79,facebook.com,social,edge
2026-02-14 14:06:30,https://netflix.com/page63,netflix.com,video,chrome
2026-02-14 14:08:03,https://amazon.com/page29,amazon.com,shopping,chrome
2026-02-14 14:08:31,https://facebook.com/page60,facebook.com,social,edge
2026-02-14 14:08:46,https://flipkart.com/page66,flipkart.com,shopping,chrome
2026-02-14 14:09:55,https://instagram.com/page2,instagram.com,social,chrome
2026-02-14 14:11:08,https://netflix.com/page76,netflix.com,video,chrome
2026-02-14 14:13:04,https://x.com/page60,x.com,social,chrome
2026-02-14 14:14:28,https://hotstar.com/page37,hotstar.com,video,edge
2026-02-14 14:14:43,https://netflix.com/page42,netflix.com,video,edge
2026-02-14 14:16:07,https://facebook.com/page51,facebook.com,social,chrome
2026-02-14 14:16:19,https://stackoverflow.com/page89,stackoverflow.com,learning,edge
2026-02-14 14:17:17,https://github.com/page71,github.com,learning,edge
2026-02-14 14:19:14,https://flipkart.com/page49,flipkart.com,shopping,chrome
2026-02-14 14:19:53,https://instagram.com/page78,instagram.com,social,edge
2026-02-14 14:21:31,https://medium.com/page77,medium.com,learning,edge
2026-02-14 14:23:04,https://primevideo.com/page44,primevideo.com,video,edge
2026-02-14 14:24:35,https://github.com/page97,github.com,learning,edge
2026-02-14 14:24:47,https://medium.com/page55,medium.com,learning,chrome
2026-02-14 14:25:14,https://amazon.com/page41,amazon.com,shopping,edge
2026-02-14 14:25:46,https://youtube.com/page53,youtube.com,video,edge
2026-02-14 14:26:03,https://flipkart.com/page18,flipkart.com,shopping,edge
2026-02-14 14:26:44,https://x.com/page97,x.com,social,edge
2026-02-14 14:27:58,https://stackoverflow.com/page36,stackoverflow.com,learning,edge
2026-02-14 14:29:09,https://netflix.com/page83,netflix.com,video,chrome
2026-02-14 14:30:22,https://kaggle.com/page67,kaggle.com,learning,chrome
2026-02-14 14:31:35,https://reddit.com/page26,reddit.com,social,edge
2026-02-14 14:32:30,https://stackoverflow.com/page33,stackoverflow.com,learning,edge
2026-02-14 14:34:01,https://netflix.com/page93,netflix.com,video,edge
2026-02-14 14:34:33,https://kaggle.com/page37,kaggle.com,learning,edge
2026-02-14 14:35:41,https://coursera.org/page2,coursera.org,learning,edge
2026-02-14 14:35:58,https://coursera.org/page46,coursera.org,learning,edge
2026-02-14 14:37:57,https://facebook.com/page18,facebook.com,social,chrome
2026-02-14 14:38:44,https://coursera.org/page46,coursera.org,learning,edge
2026-02-14 14:40:08,https://stackoverflow.com/page4,stackoverflow.com,learning,edge
2026-02-14 14:41:29,https://wikipedia.org/page15,wikipedia.org,other,edge
2026-02-14 14:42:18,https://stackoverflow.com/page54,stackoverflow.com,learning,edge
2026-02-14 14:44:01,https://kaggle.com/page60,kaggle.com,learning,edge
2026-02-14 14:44:43,https://primevideo.com/page86,primevideo.com,video,edge
2026-02-14 14:46:40,https://hotstar.com/page91,hotstar.com,video,edge
2026-02-14 14:48:07,https://primevideo.com/page24,primevideo.com,video,edge
2026-02-14 14:49:37,https://facebook.com/page74,facebook.com,social,edge
2026-02-14 14:51:37,https://youtube.com/page80,youtube.com,video,edge
2026-02-14 14:51:47,https://instagram.com/page78,instagram.com,social,edge
2026-02-14 15:33:47,https://stackoverflow.com/page30,stackoverflow.com,learning,chrome
2026-02-14 15:35:18,https://stackoverflow.com/page71,stackoverflow.com,learning,edge
2026-02-14 15:36:14,https://flipkart.com/page31,flipkart.com,shopping,edge
2026-02-14 15:36:31,https://netflix.com/page25,netflix.com,video,chrome
2026-02-14 15:37:32,https://instagram.com/page51,instagram.com,social,edge
2026-02-14 16:19:32,https://primevideo.com/page67,primevideo.com,video,chrome
2026-02-14 16:20:13,https://facebook.com/page41,facebook.com,social,chrome
2026-02-14 16:21:23,https://kaggle.com/page18,kaggle.com,learning,edge
2026-02-14 16:23:06,https://x.com/page41,x.com,social,edge
2026-02-14 17:18:06,https://facebook.com/page95,facebook.com,social,edge
2026-02-14 17:19:52,https://netflix.com/page5,netflix.com,video,edge
2026-02-14 17:20:51,https://facebook.com/page94,facebook.com,social,edge
2026-02-14 17:22:43,https://coursera.org/page62,coursera.org,learning,edge
2026-02-14 17:24:33,https://coursera.org/page20,coursera.org,learning,edge
2026-02-14 17:25:53,https://kaggle.com/page69,kaggle.com,learning,chrome
2026-02-14 17:27:12,https://reddit.com/page44,reddit.com,social,edge
2026-02-14 17:27:27,https://youtube.com/page95,youtube.com,video,edge
2026-02-14 17:27:55,https://netflix.com/page6,netflix.com,video,chrome
2026-02-14 17:29:28,https://stackoverflow.com/page90,stackoverflow.com,learning,edge
2026-02-14 17:31:12,https://facebook.com/page83,facebook.com,social,chrome
2026-02-14 17:32:11,https://medium.com/page68,medium.com,learning,edge
2026-02-14 17:32:51,https://facebook.com/page42,facebook.com,social,edge
2026-02-14 17:33:42,https://wikipedia.org/page100,wikipedia.org,other,edge
2026-02-14 17:34:50,https://facebook.com/page54,facebook.com,social,chrome
2026-02-14 17:35:21,https://netflix.com/page39,netflix.com,video,edge
2026-02-14 17:36:16,https://facebook.com/page33,facebook.com,social,chrome
2026-02-14 17:37:27,https://coursera.org/page22,coursera.org,learning,edge
2026-02-14 17:38:38,https://hotstar.com/page43,hotstar.com,video,chrome
2026-02-14 17:40:11,https://stackoverflow.com/page72,stackoverflow.com,learning,chrome
2026-02-14 17:40:39,https://flipkart.com/page27,flipkart.com,shopping,chrome
2026-02-14 17:41:58,https://flipkart.com/page2,flipkart.com,shopping,edge
2026-02-14 17:42:40,https://netflix.com/page37,netflix.com,video,edge
2026-02-14 17:44:21,https://medium.com/page89,medium.com,learning,chrome
2026-02-14 17:45:09,https://facebook.com/page16,facebook.com,social,edge
2026-02-14 17:46:40,https://hotstar.com/page30,hotstar.com,video,edge
2026-02-14 17:47:25,https://medium.com/page13,medium.com,learning,chrome
2026-02-14 17:47:54,https://amazon.com/page69,amazon.com,shopping,chrome
2026-02-14 17:49:43,https://coursera.org/page51,coursera.org,learning,edge
2026-02-14 17:51:33,https://github.com/page58,github.com,learning,edge
2026-02-14 17:51:53,https://wikipedia.org/page2,wikipedia.org,other,edge
2026-02-14 17:53:07,https://flipkart.com/page75,flipkart.com,shopping,edge
2026-02-14 17:53:27,https://x.com/page76,x.com,social,edge
2026-02-14 17:54:55,https://flipkart.com/page1,flipkart.com,shopping,chrome
2026-02-14 17:55:55,https://kaggle.com/page37,kaggle.com,learning,edge
2026-02-14 17:56:57,https://wikipedia.org/page20,wikipedia.org,other,chrome
2026-02-14 17:57:27,https://stackoverflow.com/page74,stackoverflow.com,learning,chrome
2026-02-14 17:58:15,https://kaggle.com/page39,kaggle.com,learning,edge
2026-02-14 17:58:46,https://wikipedia.org/page43,wikipedia.org,other,chrome
2026-02-14 18:00:10,https://netflix.com/page96,netflix.com,video,edge
2026-02-14 18:01:50,https://kaggle.com/page54,kaggle.com,learning,chrome
2026-02-14 18:02:26,https://x.com/page41,x.com,social,edge
2026-02-14 18:03:27,https://primevideo.com/page48,primevideo.com,video,edge
2026-02-14 18:04:48,https://netflix.com/page85,netflix.com,video,chrome
2026-02-14 18:05:16,https://flipkart.com/page61,flipkart.com,shopping,chrome
2026-02-14 18:06:17,https://flipkart.com/page86,flipkart.com,shopping,chrome
2026-02-14 18:07:58,https://github.com/page30,github.com,learning,edge
2026-02-14 18:08:30,https://instagram.com/page33,instagram.com,social,edge
2026-02-14 18:10:24,https://flipkart.com/page30,flipkart.com,shopping,edge
2026-02-14 18:10:39,https://github.com/page90,github.com,learning,edge
2026-02-14 18:12:09,https://primevideo.com/page4,primevideo.com,video,chrome
2026-02-14 18:12:56,https://facebook.com/page84,facebook.com,social,chrome
2026-02-14 18:13:46,https://github.com/page5,github.com,learning,edge
2026-02-14 18:15:45,https://kaggle.com/page27,kaggle.com,learning,edge
2026-02-14 18:16:25,https://flipkart.com/page25,flipkart.com,shopping,chrome
2026-02-14 18:17:11,https://stackoverflow.com/page6,stackoverflow.com,learning,chrome
2026-02-14 18:18:57,https://kaggle.com/page33,kaggle.com,learning,chrome
2026-02-14 18:20:26,https://hotstar.com/page78,hotstar.com,video,edge
2026-02-14 18:21:45,https://coursera.org/page70,coursera.org,learning,chrome
2026-02-14 18:22:48,https://github.com/page75,github.com,learning,edge
2026-02-14 18:24:02,https://medium.com/page64,medium.com,learning,edge
2026-02-14 18:24:13,https://flipkart.com/page27,flipkart.com,shopping,edge
2026-02-14 18:25:21,https://netflix.com/page5,netflix.com,video,chrome
2026-02-14 18:25:31,https://github.com/page39,github.com,learning,chrome
2026-02-14 18:26:36,https://wikipedia.org/page3,wikipedia.org,other,chrome
2026-02-14 18:27:15,https://reddit.com/page23,reddit.com,social,edge
2026-02-14 18:27:29,https://amazon.com/page20,amazon.com,shopping,edge
2026-02-14 18:28:57,https://facebook.com/page89,facebook.com,social,edge
2026-02-14 18:29:27,https://instagram.com/page39,instagram.com,social,edge
2026-02-14 18:29:40,https://netflix.com/page43,netflix.com,video,edge
2026-02-14 18:30:47,https://netflix.com/page36,netflix.com,video,chrome
2026-02-14 18:32:22,https://amazon.com/page26,amazon.com,shopping,edge
2026-02-14 19:24:22,https://facebook.com/page25,facebook.com,social,chrome
2026-02-14 19:50:22,https://stackoverflow.com/page58,stackoverflow.com,learning,edge
2026-02-14 19:51:00,https://instagram.com/page67,instagram.com,social,chrome
2026-02-14 19:52:41,https://hotstar.com/page65,hotstar.com,video,edge
2026-02-14 19:53:11,https://medium.com/page18,medium.com,learning,edge
2026-02-14 19:54:39,https://coursera.org/page60,coursera.org,learning,chrome
2026-02-14 19:54:51,https://primevideo.com/page98,primevideo.com,video,edge
2026-02-14 19:56:30,https://facebook.com/page14,facebook.com,social,edge
2026-02-14 19:58:12,https://instagram.com/page84,instagram.com,social,chrome
2026-02-14 19:59:58,https://hotstar.com/page92,hotstar.com,video,chrome
2026-02-14 20:00:36,https://kaggle.com/page59,kaggle.com,learning,edge
2026-02-14 20:02:19,https://medium.com/page96,medium.com,learning,edge
2026-02-14 20:03:10,https://facebook.com/page43,facebook.com,social,edge
2026-02-14 20:03:23,https://reddit.com/page11,reddit.com,social,chrome
2026-02-14 20:03:44,https://wikipedia.org/page88,wikipedia.org,other,chrome
2026-02-14 20:05:42,https://flipkart.com/page19,flipkart.com,shopping,chrome
2026-02-14 20:06:48,https://hotstar.com/page62,hotstar.com,video,chrome
2026-02-14 20:07:08,https://x.com/page77,x.com,social,edge
2026-02-14 20:07:19,https://facebook.com/page84,facebook.com,social,edge
2026-02-14 20:08:26,https://stackoverflow.com/page67,stackoverflow.com,learning,edge
2026-02-14 20:10:03,https://netflix.com/page69,netflix.com,video,edge
2026-02-14 20:10:51,https://netflix.com/page38,netflix.com,video,chrome
2026-02-14 20:12:07,https://kaggle.com/page63,kaggle.com,learning,edge
2026-02-14 20:13:50,https://primevideo.com/page92,primevideo.com,video,edge
2026-02-14 20:14:51,https://facebook.com/page96,facebook.com,social,edge
2026-02-14 20:15:14,https://flipkart.com/page79,flipkart.com,shopping,edge
2026-02-14 20:16:00,https://stackoverflow.com/page79,stackoverflow.com,learning,chrome
2026-02-14 20:17:36,https://youtube.com/page72,youtube.com,video,chrome
2026-02-14 20:19:11,https://netflix.com/page89,netflix.com,video,edge
2026-02-14 20:20:03,https://kaggle.com/page36,kaggle.com,learning,chrome
2026-02-14 20:21:17,https://instagram.com/page63,instagram.com,social,edge
2026-02-14 20:22:18,https://kaggle.com/page94,kaggle.com,learning,edge
2026-02-14 20:22:39,https://coursera.org/page8,coursera.org,learning,chrome
2026-02-14 20:24:20,https://amazon.com/page39,amazon.com,shopping,edge
2026-02-14 20:24:51,https://x.com/page56,x.com,social,chrome
2026-02-14 20:25:17,https://kaggle.com/page80,kaggle.com,learning,edge
2026-02-14 20:26:26,https://youtube.com/page78,youtube.com,video,edge
2026-02-14 20:27:56,https://flipkart.com/page24,flipkart.com,shopping,chrome
2026-02-14 20:28:57,https://netflix.com/page30,netflix.com,video,chrome
2026-02-14 20:29:52,https://x.com/page34,x.com,social,edge
2026-02-14 20:31:47,https://primevideo.com/page6,primevideo.com,video,edge
2026-02-14 20:32:47,https://instagram.com/page15,instagram.com,social,chrome
2026-02-14 20:33:52,https://kaggle.com/page35,kaggle.com,learning,edge
2026-02-14 20:34:43,https://flipkart.com/page11,flipkart.com,shopping,edge
2026-02-14 20:35:15,https://youtube.com/page53,youtube.com,video,chrome
2026-02-14 20:36:17,https://x.com/page78,x.com,social,chrome
2026-02-14 20:36:55,https://wikipedia.org/page67,wikipedia.org,other,edge
2026-02-14 20:38:05,https://wikipedia.org/page63,wikipedia.org,other,chrome
2026-02-14 20:39:45,https://facebook.com/page62,facebook.com,social,chrome
2026-02-14 20:40:41,https://kaggle.com/page92,kaggle.com,learning,chrome
2026-02-14 20:41:54,https://stackoverflow.com/page71,stackoverflow.com,learning,edge
2026-02-14 20:42:28,https://facebook.com/page21,facebook.com,social,edge
2026-02-14 20:43:15,https://kaggle.com/page96,kaggle.com,learning,chrome
2026-02-14 20:43:50,https://medium.com/page72,medium.com,learning,edge
2026-02-14 20:44:21,https://primevideo.com/page39,primevideo.com,video,chrome
2026-02-14 20:44:44,https://medium.com/page11,medium.com,learning,edge
2026-02-14 20:45:45,https://hotstar.com/page91,hotstar.com,video,chrome
2026-02-14 20:46:20,https://x.com/page18,x.com,social,edge
2026-02-14 20:47:16,https://kaggle.com/page42,kaggle.com,learning,chrome
2026-02-14 20:48:40,https://hotstar.com/page84,hotstar.com,video,edge
2026-02-14 20:49:11,https://instagram.com/page85,instagram.com,social,edge
2026-02-14 20:50:42,https://youtube.com/page43,youtube.com,video,chrome
2026-02-14 20:52:20,https://flipkart.com/page70,flipkart.com,shopping,chrome
2026-02-14 20:52:35,https://x.com/page39,x.com,social,chrome
2026-02-14 21:49:35,https://youtube.com/page2,youtube.com,video,edge
2026-02-14 21:51:10,https://kaggle.com/page34,kaggle.com,learning,edge
2026-02-14 21:52:09,https://x.com/page48,x.com,social,edge
2026-02-14 21:53:46,https://facebook.com/page15,facebook.com,social,edge
2026-02-14 21:54:56,https://primevideo.com/page39,primevideo.com,video,chrome
2026-02-14 22:48:56,https://facebook.com/page33,facebook.com,social,chrome
2026-02-14 22:50:48,https://instagram.com/page5,instagram.com,social,chrome
2026-02-14 22:51:12,https://amazon.com/page8,amazon.com,shopping,edge
2026-02-14 22:52:19,https://netflix.com/page86,netflix.com,video,chrome
2026-02-14 22:53:34,https://facebook.com/page31,facebook.com,social,chrome
2026-02-14 22:55:04,https://github.com/page27,github.com,learning,chrome
2026-02-14 22:56:18,https://instagram.com/page40,instagram.com,social,edge
2026-02-14 22:58:10,https://hotstar.com/page70,hotstar.com,video,edge
2026-02-14 22:59:24,https://netflix.com/page47,netflix.com,video,chrome
2026-02-14 23:00:57,https://facebook.com/page10,facebook.com,social,edge
2026-02-14 23:01:17,https://github.com/page46,github.com,learning,edge
2026-02-14 23:02:01,https://reddit.com/page59,reddit.com,social,chrome
2026-02-14 23:03:09,https://wikipedia.org/page98,wikipedia.org,other,edge
2026-02-14 23:04:50,https://flipkart.com/page88,flipkart.com,shopping,chrome
2026-02-14 23:06:48,https://kaggle.com/page11,kaggle.com,learning,edge
2026-02-14 23:07:33,https://netflix.com/page24,netflix.com,video,edge
2026-02-14 23:08:41,https://youtube.com/page96,youtube.com,video,edge
2026-02-14 23:10:14,https://flipkart.com/page1,flipkart.com,shopping,chrome
2026-02-14 23:11:02,https://reddit.com/page27,reddit.com,social,edge
2026-02-14 23:12:12,https://amazon.com/page72,amazon.com,shopping,chrome
2026-02-14 23:12:28,https://x.com/page9,x.com,social,chrome
2026-02-14 23:14:07,https://coursera.org/page1,coursera.org,learning,edge
2026-02-14 23:15:31,https://youtube.com/page88,youtube.com,video,chrome
2026-02-14 23:16:17,https://stackoverflow.com/page22,stackoverflow.com,learning,chrome
2026-02-14 23:17:23,https://kaggle.com/page80,kaggle.com,learning,edge
2026-02-14 23:17:49,https://kaggle.com/page79,kaggle.com,learning,edge
2026-02-14 23:18:26,https://stackoverflow.com/page91,stackoverflow.com,learning,edge
2026-02-15 00:09:26,https://facebook.com/page63,facebook.com,social,chrome
2026-02-15 00:11:03,https://github.com/page94,github.com,learning,edge
2026-02-15 00:12:23,https://stackoverflow.com/page20,stackoverflow.com,learning,edge
2026-02-15 00:44:23,https://medium.com/page65,medium.com,learning,edge
2026-02-15 00:46:11,https://primevideo.com/page78,primevideo.com,video,chrome
2026-02-15 00:47:05,https://coursera.org/page58,coursera.org,learning,edge
2026-02-15 00:47:59,https://netflix.com/page65,netflix.com,video,chrome
2026-02-15 00:48:41,https://reddit.com/page46,reddit.com,social,edge
2026-02-15 00:49:50,https://netflix.com/page14,netflix.com,video,chrome
2026-02-15 00:51:21,https://instagram.com/page22,instagram.com,social,edge
2026-02-15 00:53:10,https://flipkart.com/page58,flipkart.com,shopping,chrome
2026-02-15 01:43:10,https://facebook.com/page92,facebook.com,social,edge
2026-02-15 01:44:05,https://reddit.com/page70,reddit.com,social,chrome
2026-02-15 01:45:54,https://reddit.com/page13,reddit.com,social,edge
2026-02-15 01:46:58,https://kaggle.com/page15,kaggle.com,learning,edge
2026-02-15 01:48:25,https://youtube.com/page29,youtube.com,video,edge
2026-02-15 01:49:41,https://medium.com/page60,medium.com,learning,edge
2026-02-15 01:49:55,https://coursera.org/page55,coursera.org,learning,chrome
2026-02-15 01:50:37,https://netflix.com/page75,netflix.com,video,edge
2026-02-15 01:51:19,https://hotstar.com/page99,hotstar.com,video,edge
2026-02-15 01:53:10,https://hotstar.com/page69,hotstar.com,video,chrome
2026-02-15 01:53:41,https://coursera.org/page94,coursera.org,learning,chrome
2026-02-15 01:55:33,https://reddit.com/page44,reddit.com,social,edge
2026-02-15 01:57:06,https://coursera.org/page45,coursera.org,learning,chrome
2026-02-15 01:58:30,https://github.com/page15,github.com,learning,edge
2026-02-15 01:59:33,https://hotstar.com/page29,hotstar.com,video,edge
2026-02-15 02:01:21,https://wikipedia.org/page53,wikipedia.org,other,chrome
2026-02-15 02:01:47,https://flipkart.com/page14,flipkart.com,shopping,edge
2026-02-15 02:02:24,https://youtube.com/page48,youtube.com,video,chrome
2026-02-15 02:04:17,https://wikipedia.org/page15,wikipedia.org,other,chrome
2026-02-15 02:05:26,https://amazon.com/page47,amazon.com,shopping,edge
2026-02-15 02:06:35,https://x.com/page49,x.com,social,edge
2026-02-15 02:07:29,https://facebook.com/page28,facebook.com,social,chrome
2026-02-15 02:07:56,https://reddit.com/page84,reddit.com,social,chrome
2026-02-15 02:09:56,https://coursera.org/page45,coursera.org,learning,chrome
2026-02-15 02:10:19,https://hotstar.com/page74,hotstar.com,video,edge
2026-02-15 02:11:19,https://hotstar.com/page65,hotstar.com,video,edge
2026-02-15 02:11:40,https://reddit.com/page14,reddit.com,social,chrome
2026-02-15 02:13:16,https://amazon.com/page66,amazon.com,shopping,chrome
2026-02-15 02:14:06,https://github.com/page29,github.com,learning,chrome
2026-02-15 02:15:38,https://facebook.com/page69,facebook.com,social,chrome
2026-02-15 03:01:38,https://flipkart.com/page100,flipkart.com,shopping,chrome
2026-02-15 03:02:33,https://medium.com/page68,medium.com,learning,edge
2026-02-15 03:03:09,https://reddit.com/page40,reddit.com,social,chrome
2026-02-15 03:04:26,https://primevideo.com/page1,primevideo.com,video,chrome
2026-02-15 03:06:23,https://hotstar.com/page52,hotstar.com,video,edge
2026-02-15 03:07:25,https://facebook.com/page50,facebook.com,social,edge
2026-02-15 03:08:05,https://flipkart.com/page99,flipkart.com,shopping,edge
2026-02-15 03:09:22,https://facebook.com/page55,facebook.com,social,chrome
2026-02-15 03:09:43,https://reddit.com/page71,reddit.com,social,edge
2026-02-15 03:11:11,https://coursera.org/page42,coursera.org,learning,edge
2026-02-15 03:11:52,https://netflix.com/page51,netflix.com,video,chrome
2026-02-15 03:12:20,https://stackoverflow.com/page67,stackoverflow.com,learning,edge
2026-02-15 03:37:20,https://instagram.com/page33,instagram.com,social,edge
2026-02-15 03:38:18,https://stackoverflow.com/page28,stackoverflow.com,learning,edge
2026-02-15 03:38:57,https://kaggle.com/page100,kaggle.com,learning,chrome
2026-02-15 03:40:24,https://facebook.com/page83,facebook.com,social,edge
2026-02-15 03:41:18,https://hotstar.com/page4,hotstar.com,video,chrome
2026-02-15 03:42:51,https://primevideo.com/page95,primevideo.com,video,edge
2026-02-15 03:44:03,https://netflix.com/page36,netflix.com,video,chrome
2026-02-15 03:45:47,https://kaggle.com/page93,kaggle.com,learning,chrome
2026-02-15 03:47:42,https://medium.com/page87,medium.com,learning,chrome
2026-02-15 03:49:41,https://facebook.com/page100,facebook.com,social,edge
2026-02-15 03:50:19,https://facebook.com/page82,facebook.com,social,edge
2026-02-15 03:50:37,https://x.com/page31,x.com,social,chrome
2026-02-15 03:52:34,https://github.com/page87,github.com,learning,chrome
2026-02-15 03:53:52,https://flipkart.com/page80,flipkart.com,shopping,edge
2026-02-15 03:55:04,https://flipkart.com/page71,flipkart.com,shopping,edge
2026-02-15 03:56:59,https://x.com/page84,x.com,social,edge
2026-02-15 03:58:27,https://kaggle.com/page96,kaggle.com,learning,edge
2026-02-15 03:58:38,https://flipkart.com/page13,flipkart.com,shopping,chrome
2026-02-15 03:59:45,https://primevideo.com/page64,primevideo.com,video,edge
2026-02-15 04:00:44,https://facebook.com/page97,facebook.com,social,edge
2026-02-15 04:02:38,https://flipkart.com/page77,flipkart.com,shopping,chrome
2026-02-15 04:03:30,https://amazon.com/page70,amazon.com,shopping,edge
2026-02-15 04:04:06,https://wikipedia.org/page29,wikipedia.org,other,edge
2026-02-15 04:04:57,https://facebook.com/page75,facebook.com,social,edge
2026-02-15 04:05:54,https://netflix.com/page88,netflix.com,video,edge
2026-02-15 04:06:36,https://kaggle.com/page44,kaggle.com,learning,chrome
2026-02-15 04:07:49,https://coursera.org/page1,coursera.org,learning,chrome
2026-02-15 04:08:31,https://reddit.com/page93,reddit.com,social,edge
2026-02-15 04:09:19,https://facebook.com/page98,facebook.com,social,chrome
2026-02-15 04:10:33,https://hotstar.com/page80,hotstar.com,video,chrome
2026-02-15 04:12:32,https://wikipedia.org/page6,wikipedia.org,other,chrome
2026-02-15 04:13:25,https://instagram.com/page72,instagram.com,social,edge
2026-02-15 04:14:40,https://reddit.com/page72,reddit.com,social,edge
2026-02-15 04:15:50,https://x.com/page87,x.com,social,edge
2026-02-15 04:17:35,https://kaggle.com/page31,kaggle.com,learning,edge
2026-02-15 04:18:00,https://kaggle.com/page2,kaggle.com,learning,chrome
2026-02-15 04:19:32,https://stackoverflow.com/page45,stackoverflow.com,learning,chrome
2026-02-15 04:19:54,https://wikipedia.org/page36,wikipedia.org,other,edge
2026-02-15 04:21:41,https://stackoverflow.com/page96,stackoverflow.com,learning,chrome
2026-02-15 04:22:31,https://netflix.com/page61,netflix.com,video,edge
2026-02-15 04:22:47,https://medium.com/page1,medium.com,learning,chrome
2026-02-15 04:23:20,https://kaggle.com/page78,kaggle.com,learning,edge
2026-02-15 04:25:06,https://coursera.org/page14,coursera.org,learning,edge
2026-02-15 04:25:54,https://reddit.com/page50,reddit.com,social,edge
2026-02-15 04:27:35,https://stackoverflow.com/page53,stackoverflow.com,learning,edge
2026-02-15 04:29:14,https://instagram.com/page25,instagram.com,social,edge
2026-02-15 04:30:56,https://kaggle.com/page49,kaggle.com,learning,edge
2026-02-15 04:32:30,https://kaggle.com/page50,kaggle.com,learning,edge
2026-02-15 04:33:13,https://stackoverflow.com/page22,stackoverflow.com,learning,chrome
2026-02-15 04:34:33,https://hotstar.com/page3,hotstar.com,video,edge
2026-02-15 04:36:25,https://amazon.com/page48,amazon.com,shopping,edge
2026-02-15 04:38:19,https://x.com/page61,x.com,social,edge
2026-02-15 04:39:27,https://hotstar.com/page62,hotstar.com,video,edge
2026-02-15 04:41:03,https://medium.com/page95,medium.com,learning,chrome
2026-02-15 04:41:18,https://medium.com/page66,medium.com,learning,edge
2026-02-15 04:43:07,https://youtube.com/page92,youtube.com,video,edge
2026-02-15 04:44:02,https://github.com/page9,github.com,learning,edge
2026-02-15 04:45:35,https://reddit.com/page93,reddit.com,social,edge
2026-02-15 04:46:28,https://hotstar.com/page69,hotstar.com,video,chrome
2026-02-15 04:47:22,https://primevideo.com/page87,primevideo.com,video,edge
2026-02-15 04:49:02,https://medium.com/page18,medium.com,learning,chrome
2026-02-15 04:49:41,https://facebook.com/page61,facebook.com,social,edge
2026-02-15 04:50:12,https://reddit.com/page63,reddit.com,social,chrome
2026-02-15 04:51:32,https://youtube.com/page46,youtube.com,video,edge
2026-02-15 04:52:34,https://instagram.com/page39,instagram.com,social,chrome
2026-02-15 04:53:31,https://primevideo.com/page34,primevideo.com,video,chrome
2026-02-15 04:54:35,https://medium.com/page58,medium.com,learning,chrome
2026-02-15 04:55:20,https://youtube.com/page45,youtube.com,video,chrome
2026-02-15 04:56:37,https://instagram.com/page95,instagram.com,social,edge
2026-02-15 04:58:29,https://netflix.com/page60,netflix.com,video,edge
2026-02-15 05:00:20,https://flipkart.com/page30,flipkart.com,shopping,edge
2026-02-15 05:01:59,https://flipkart.com/page10,flipkart.com,shopping,chrome
2026-02-15 05:02:23,https://reddit.com/page58,reddit.com,social,edge
2026-02-15 05:03:55,https://hotstar.com/page95,hotstar.com,video,edge
2026-02-15 05:04:46,https://stackoverflow.com/page95,stackoverflow.com,learning,chrome
2026-02-15 05:06:27,https://wikipedia.org/page62,wikipedia.org,other,edge
2026-02-15 05:08:00,https://facebook.com/page53,facebook.com,social,chrome
2026-02-15 05:09:36,https://amazon.com/page3,amazon.com,shopping,edge
2026-02-15 05:11:21,https://kaggle.com/page79,kaggle.com,learning,edge
2026-02-15 05:13:02,https://coursera.org/page73,coursera.org,learning,chrome
2026-02-15 05:14:47,https://facebook.com/page67,facebook.com,social,chrome
2026-02-15 05:15:39,https://wikipedia.org/page92,wikipedia.org,other,edge
2026-02-15 05:16:13,https://youtube.com/page26,youtube.com,video,chrome
2026-02-15 05:16:27,https://coursera.org/page39,coursera.org,learning,chrome
2026-02-15 05:16:48,https://primevideo.com/page27,primevideo.com,video,edge
2026-02-15 05:18:05,https://facebook.com/page93,facebook.com,social,edge
2026-02-15 05:19:04,https://coursera.org/page4,coursera.org,learning,edge
2026-02-15 05:19:21,https://x.com/page32,x.com,social,chrome
2026-02-15 05:21:08,https://coursera.org/page14,coursera.org,learning,edge
2026-02-15 05:22:06,https://x.com/page18,x.com,social,edge
2026-02-15 05:23:10,https://instagram.com/page45,instagram.com,social,edge
2026-02-15 05:24:14,https://stackoverflow.com/page57,stackoverflow.com,learning,edge
2026-02-15 05:25:45,https://hotstar.com/page22,hotstar.com,video,edge
2026-02-15 05:27:15,https://netflix.com/page23,netflix.com,video,edge
2026-02-15 05:28:31,https://kaggle.com/page34,kaggle.com,learning,chrome
2026-02-15 05:29:35,https://github.com/page7,github.com,learning,edge
2026-02-15 05:30:20,https://medium.com/page45,medium.com,learning,chrome
2026-02-15 05:32:20,https://netflix.com/page8,netflix.com,video,chrome
2026-02-15 05:32:34,https://amazon.com/page31,amazon.com,shopping,edge
2026-02-15 05:33:52,https://instagram.com/page69,instagram.com,social,chrome
2026-02-15 05:35:45,https://primevideo.com/page18,primevideo.com,video,chrome
2026-02-15 05:36:09,https://primevideo.com/page91,primevideo.com,video,edge
2026-02-15 05:36:20,https://coursera.org/page42,coursera.org,learning,chrome
2026-02-15 05:36:50,https://medium.com/page24,medium.com,learning,edge
2026-02-15 05:37:50,https://coursera.org/page21,coursera.org,learning,edge
2026-02-15 05:39:27,https://wikipedia.org/page6,wikipedia.org,other,chrome
2026-02-15 05:40:11,https://instagram.com/page66,instagram.com,social,chrome
2026-02-15 05:41:11,https://facebook.com/page6,facebook.com,social,edge
2026-02-15 05:42:46,https://youtube.com/page9,youtube.com,video,chrome
2026-02-15 05:43:11,https://github.com/page45,github.com,learning,edge
2026-02-15 05:44:35,https://amazon.com/page51,amazon.com,shopping,chrome
2026-02-15 05:45:05,https://medium.com/page59,medium.com,learning,chrome
2026-02-15 05:46:12,https://primevideo.com/page62,primevideo.com,video,chrome
2026-02-15 05:46:24,https://flipkart.com/page91,flipkart.com,shopping,edge
2026-02-15 05:47:46,https://flipkart.com/page20,flipkart.com,shopping,chrome
2026-02-15 05:48:37,https://medium.com/page15,medium.com,learning,edge
2026-02-15 05:48:55,https://x.com/page28,x.com,social,edge
2026-02-15 05:49:29,https://primevideo.com/page18,primevideo.com,video,chrome
2026-02-15 05:51:11,https://netflix.com/page91,netflix.com,video,edge
2026-02-15 05:51:55,https://coursera.org/page95,coursera.org,learning,edge
2026-02-15 05:53:01,https://amazon.com/page37,amazon.com,shopping,chrome
2026-02-15 05:54:47,https://flipkart.com/page7,flipkart.com,shopping,chrome
2026-02-15 05:55:52,https://coursera.org/page36,coursera.org,learning,edge
2026-02-15 05:56:21,https://wikipedia.org/page62,wikipedia.org,other,edge
2026-02-15 05:57:53,https://netflix.com/page3,netflix.com,video,chrome
2026-02-15 05:59:45,https://instagram.com/page57,instagram.com,social,edge
2026-02-15 06:01:36,https://facebook.com/page36,facebook.com,social,edge
2026-02-15 06:01:50,https://youtube.com/page64,youtube.com,video,chrome
2026-02-15 06:02:36,https://flipkart.com/page61,flipkart.com,shopping,edge
2026-02-15 06:03:40,https://wikipedia.org/page16,wikipedia.org,other,edge
2026-02-15 06:05:09,https://amazon.com/page43,amazon.com,shopping,edge
2026-02-15 06:06:47,https://medium.com/page54,medium.com,learning,chrome
2026-02-15 06:08:25,https://x.com/page51,x.com,social,chrome
2026-02-15 06:08:40,https://hotstar.com/page82,hotstar.com,video,chrome
2026-02-15 06:10:40,https://youtube.com/page58,youtube.com,video,chrome
2026-02-15 06:10:54,https://github.com/page70,github.com,learning,edge
2026-02-15 06:11:44,https://coursera.org/page37,coursera.org,learning,chrome
2026-02-15 06:12:26,https://medium.com/page2,medium.com,learning,chrome
2026-02-15 06:36:26,https://coursera.org/page88,coursera.org,learning,chrome
2026-02-15 06:37:26,https://medium.com/page70,medium.com,learning,edge
2026-02-15 06:39:13,https://coursera.org/page74,coursera.org,learning,edge
2026-02-15 06:41:13,https://facebook.com/page58,facebook.com,social,chrome
2026-02-15 06:42:38,https://x.com/page84,x.com,social,edge
2026-02-15 06:44:07,https://primevideo.com/page78,primevideo.com,video,edge
2026-02-15 06:45:34,https://facebook.com/page2,facebook.com,social,chrome
2026-02-15 06:46:40,https://hotstar.com/page65,hotstar.com,video,edge
2026-02-15 06:47:30,https://medium.com/page80,medium.com,learning,chrome
2026-02-15 06:49:08,https://netflix.com/page30,netflix.com,video,chrome
2026-02-15 06:50:46,https://netflix.com/page54,netflix.com,video,edge
2026-02-15 06:52:21,https://x.com/page70,x.com,social,chrome
2026-02-15 06:53:21,https://github.com/page30,github.com,learning,chrome
2026-02-15 06:53:34,https://stackoverflow.com/page21,stackoverflow.com,learning,chrome
2026-02-15 06:54:56,https://youtube.com/page100,youtube.com,video,edge
2026-02-15 06:55:44,https://x.com/page26,x.com,social,chrome
2026-02-15 06:57:36,https://x.com/page96,x.com,social,edge
2026-02-15 06:57:57,https://hotstar.com/page84,hotstar.com,video,chrome
2026-02-15 07:36:57,https://stackoverflow.com/page31,stackoverflow.com,learning,edge
2026-02-15 07:38:11,https://x.com/page63,x.com,social,edge
2026-02-15 07:38:46,https://facebook.com/page57,facebook.com,social,edge
2026-02-15 07:39:14,https://kaggle.com/page20,kaggle.com,learning,chrome
2026-02-15 07:41:14,https://stackoverflow.com/page89,stackoverflow.com,learning,edge
2026-02-15 07:41:57,https://youtube.com/page5,youtube.com,video,edge
2026-02-15 07:42:40,https://instagram.com/page56,instagram.com,social,edge
2026-02-15 07:43:53,https://wikipedia.org/page18,wikipedia.org,other,chrome
2026-02-15 07:44:17,https://primevideo.com/page90,primevideo.com,video,chrome
2026-02-15 07:45:32,https://youtube.com/page71,youtube.com,video,edge
2026-02-15 07:47:03,https://medium.com/page52,medium.com,learning,chrome
2026-02-15 07:47:17,https://amazon.com/page39,amazon.com,shopping,edge
2026-02-15 07:47:34,https://coursera.org/page53,coursera.org,learning,edge
2026-02-15 07:48:28,https://netflix.com/page51,netflix.com,video,chrome
2026-02-15 07:49:45,https://hotstar.com/page31,hotstar.com,video,edge
2026-02-15 07:50:49,https://reddit.com/page5,reddit.com,social,edge
2026-02-15 07:52:23,https://hotstar.com/page92,hotstar.com,video,chrome
2026-02-15 07:52:36,https://flipkart.com/page4,flipkart.com,shopping,chrome
2026-02-15 07:53:48,https://github.com/page46,github.com,learning,edge
2026-02-15 07:55:38,https://coursera.org/page4,coursera.org,learning,edge
2026-02-15 07:57:03,https://instagram.com/page56,instagram.com,social,chrome
2026-02-15 07:57:35,https://medium.com/page63,medium.com,learning,chrome
2026-02-15 07:58:38,https://facebook.com/page54,facebook.com,social,chrome
2026-02-15 07:58:57,https://stackoverflow.com/page46,stackoverflow.com,learning,edge
2026-02-15 08:00:57,https://x.com/page87,x.com,social,chrome
2026-02-15 08:02:41,https://github.com/page83,github.com,learning,chrome
2026-02-15 08:03:05,https://stackoverflow.com/page89,stackoverflow.com,learning,chrome
2026-02-15 08:04:49,https://instagram.com/page32,instagram.com,social,chrome
2026-02-15 08:05:34,https://flipkart.com/page4,flipkart.com,shopping,edge
2026-02-15 08:06:15,https://netflix.com/page48,netflix.com,video,chrome
2026-02-15 08:07:33,https://reddit.com/page70,reddit.com,social,chrome
2026-02-15 08:09:19,https://wikipedia.org/page99,wikipedia.org,other,chrome
2026-02-15 08:10:44,https://instagram.com/page64,instagram.com,social,edge
2026-02-15 08:11:03,https://medium.com/page31,medium.com,learning,edge
2026-02-15 08:12:12,https://primevideo.com/page54,primevideo.com,video,edge
2026-02-15 08:13:53,https://wikipedia.org/page75,wikipedia.org,other,chrome
2026-02-15 08:14:24,https://flipkart.com/page13,flipkart.com,shopping,edge
2026-02-15 08:15:11,https://x.com/page46,x.com,social,chrome
2026-02-15 08:15:26,https://kaggle.com/page44,kaggle.com,learning,edge
2026-02-15 08:16:36,https://github.com/page77,github.com,learning,chrome
2026-02-15 08:16:53,https://primevideo.com/page99,primevideo.com,video,chrome
2026-02-15 08:47:53,https://github.com/page79,github.com,learning,chrome
2026-02-15 09:13:53,https://primevideo.com/page76,primevideo.com,video,chrome
2026-02-15 09:15:45,https://flipkart.com/page50,flipkart.com,shopping,chrome
2026-02-15 09:16:00,https://amazon.com/page1,amazon.com,shopping,chrome
2026-02-15 09:17:47,https://medium.com/page71,medium.com,learning,chrome
2026-02-15 09:18:02,https://facebook.com/page74,facebook.com,social,edge
2026-02-15 09:18:25,https://flipkart.com/page61,flipkart.com,shopping,edge
2026-02-15 09:18:56,https://wikipedia.org/page9,wikipedia.org,other,chrome
2026-02-15 09:19:19,https://kaggle.com/page68,kaggle.com,learning,chrome
2026-02-15 09:20:07,https://x.com/page43,x.com,social,edge
2026-02-15 09:20:41,https://flipkart.com/page81,flipkart.com,shopping,chrome
2026-02-15 09:21:04,https://youtube.com/page37,youtube.com,video,chrome
2026-02-15 09:21:39,https://reddit.com/page26,reddit.com,social,chrome
2026-02-15 09:22:15,https://hotstar.com/page64,hotstar.com,video,edge
2026-02-15 09:23:14,https://youtube.com/page18,youtube.com,video,edge
2026-02-15 10:23:14,https://reddit.com/page91,reddit.com,social,edge
2026-02-15 10:25:01,https://hotstar.com/page69,hotstar.com,video,chrome
2026-02-15 10:26:04,https://x.com/page8,x.com,social,chrome
2026-02-15 10:27:46,https://primevideo.com/page85,primevideo.com,video,edge
2026-02-15 10:28:47,https://instagram.com/page65,instagram.com,social,chrome
2026-02-15 10:29:46,https://wikipedia.org/page22,wikipedia.org,other,chrome
2026-02-15 10:30:57,https://instagram.com/page61,instagram.com,social,chrome
2026-02-15 10:32:20,https://kaggle.com/page46,kaggle.com,learning,edge
2026-02-15 10:33:09,https://instagram.com/page44,instagram.com,social,chrome
2026-02-15 10:35:01,https://primevideo.com/page86,primevideo.com,video,chrome
2026-02-15 10:35:13,https://github.com/page88,github.com,learning,edge
2026-02-15 10:36:26,https://primevideo.com/page21,primevideo.com,video,edge
2026-02-15 10:37:56,https://stackoverflow.com/page31,stackoverflow.com,learning,chrome
2026-02-15 10:39:14,https://hotstar.com/page76,hotstar.com,video,chrome
2026-02-15 10:39:50,https://medium.com/page96,medium.com,learning,edge
2026-02-15 10:40:17,https://medium.com/page78,medium.com,learning,chrome
2026-02-15 10:41:04,https://wikipedia.org/page100,wikipedia.org,other,edge
2026-02-15 10:42:43,https://wikipedia.org/page45,wikipedia.org,other,edge
2026-02-15 10:44:25,https://medium.com/page21,medium.com,learning,chrome
2026-02-15 10:45:55,https://medium.com/page84,medium.com,learning,chrome
2026-02-15 10:47:27,https://wikipedia.org/page7,wikipedia.org,other,edge
2026-02-15 10:48:09,https://amazon.com/page77,amazon.com,shopping,edge
2026-02-15 10:48:32,https://wikipedia.org/page80,wikipedia.org,other,edge
2026-02-15 10:50:03,https://stackoverflow.com/page38,stackoverflow.com,learning,chrome
2026-02-15 10:50:17,https://stackoverflow.com/page53,stackoverflow.com,learning,edge
2026-02-15 10:50:52,https://wikipedia.org/page91,wikipedia.org,other,chrome
2026-02-15 10:52:07,https://primevideo.com/page49,primevideo.com,video,chrome
2026-02-15 11:36:07,https://reddit.com/page57,reddit.com,social,chrome
2026-02-15 12:12:07,https://youtube.com/page85,youtube.com,video,edge
2026-02-15 12:13:13,https://x.com/page11,x.com,social,chrome
2026-02-15 12:15:07,https://medium.com/page41,medium.com,learning,edge
2026-02-15 12:15:50,https://primevideo.com/page13,primevideo.com,video,edge
2026-02-15 12:16:12,https://wikipedia.org/page63,wikipedia.org,other,chrome
2026-02-15 12:16:44,https://hotstar.com/page37,hotstar.com,video,edge
2026-02-15 12:18:43,https://netflix.com/page74,netflix.com,video,chrome
2026-02-15 12:20:37,https://amazon.com/page53,amazon.com,shopping,edge
2026-02-15 12:22:18,https://github.com/page77,github.com,learning,chrome
2026-02-15 12:23:08,https://facebook.com/page29,facebook.com,social,edge
2026-02-15 12:23:18,https://instagram.com/page4,instagram.com,social,chrome
2026-02-15 12:24:09,https://kaggle.com/page8,kaggle.com,learning,chrome
2026-02-15 12:25:34,https://coursera.org/page100,coursera.org,learning,chrome
2026-02-15 12:26:46,https://coursera.org/page72,coursera.org,learning,edge
2026-02-15 12:28:24,https://primevideo.com/page64,primevideo.com,video,edge
2026-02-15 12:57:24,https://kaggle.com/page45,kaggle.com,learning,chrome
2026-02-15 12:57:58,https://x.com/page55,x.com,social,edge
2026-02-15 12:59:10,https://wikipedia.org/page55,wikipedia.org,other,chrome
2026-02-15 13:20:10,https://amazon.com/page6,amazon.com,shopping,edge
2026-02-15 13:21:55,https://flipkart.com/page63,flipkart.com,shopping,chrome
2026-02-15 13:23:44,https://youtube.com/page2,youtube.com,video,edge
2026-02-15 13:25:06,https://github.com/page100,github.com,learning,chrome
2026-02-15 13:25:19,https://facebook.com/page98,facebook.com,social,chrome
2026-02-15 13:26:54,https://coursera.org/page43,coursera.org,learning,chrome
2026-02-15 13:28:51,https://youtube.com/page98,youtube.com,video,chrome
2026-02-15 13:30:19,https://instagram.com/page85,instagram.com,social,edge
2026-02-15 13:31:43,https://primevideo.com/page15,primevideo.com,video,chrome
2026-02-15 13:32:01,https://x.com/page18,x.com,social,edge
2026-02-15 13:33:51,https://stackoverflow.com/page42,stackoverflow.com,learning,edge
2026-02-15 14:14:51,https://coursera.org/page87,coursera.org,learning,edge
2026-02-15 14:16:38,https://github.com/page12,github.com,learning,edge
2026-02-15 14:16:57,https://instagram.com/page76,instagram.com,social,chrome
2026-02-15 14:17:59,https://amazon.com/page41,amazon.com,shopping,chrome
2026-02-15 14:18:19,https://amazon.com/page26,amazon.com,shopping,edge
2026-02-15 14:19:24,https://x.com/page87,x.com,social,edge
2026-02-15 14:20:47,https://coursera.org/page82,coursera.org,learning,edge
2026-02-15 14:21:55,https://coursera.org/page9,coursera.org,learning,chrome
2026-02-15 14:22:26,https://youtube.com/page43,youtube.com,video,edge
2026-02-15 14:23:33,https://amazon.com/page70,amazon.com,shopping,chrome
2026-02-15 14:24:31,https://medium.com/page14,medium.com,learning,edge
2026-02-15 14:26:30,https://coursera.org/page44,coursera.org,learning,edge
2026-02-15 14:27:23,https://instagram.com/page86,instagram.com,social,chrome
2026-02-15 14:28:32,https://kaggle.com/page8,kaggle.com,learning,chrome
2026-02-15 14:28:55,https://facebook.com/page34,facebook.com,social,chrome
2026-02-15 14:29:35,https://youtube.com/page12,youtube.com,video,chrome
2026-02-15 14:31:11,https://amazon.com/page86,amazon.com,shopping,edge
2026-02-15 14:33:09,https://wikipedia.org/page31,wikipedia.org,other,edge
2026-02-15 14:34:22,https://amazon.com/page10,amazon.com,shopping,edge
2026-02-15 14:34:36,https://medium.com/page97,medium.com,learning,chrome
2026-02-15 14:36:11,https://youtube.com/page35,youtube.com,video,edge
2026-02-15 14:37:13,https://kaggle.com/page36,kaggle.com,learning,chrome
2026-02-15 14:37:35,https://amazon.com/page26,amazon.com,shopping,edge
2026-02-15 14:38:50,https://stackoverflow.com/page82,stackoverflow.com,learning,edge
2026-02-15 14:39:28,https://x.com/page64,x.com,social,chrome
2026-02-15 14:41:08,https://primevideo.com/page54,primevideo.com,video,edge
2026-02-15 14:41:49,https://wikipedia.org/page65,wikipedia.org,other,edge
2026-02-15 14:42:24,https://github.com/page6,github.com,learning,edge
2026-02-15 14:43:38,https://kaggle.com/page73,kaggle.com,learning,edge
2026-02-15 14:44:55,https://primevideo.com/page83,primevideo.com,video,edge
2026-02-15 14:45:28,https://netflix.com/page33,netflix.com,video,chrome
2026-02-15 14:47:14,https://github.com/page77,github.com,learning,edge
2026-02-15 14:48:29,https://reddit.com/page28,reddit.com,social,edge
2026-02-15 14:48:43,https://reddit.com/page31,reddit.com,social,edge
2026-02-15 14:50:43,https://wikipedia.org/page23,wikipedia.org,other,edge
2026-02-15 14:51:15,https://medium.com/page14,medium.com,learning,chrome
2026-02-15 14:52:35,https://medium.com/page77,medium.com,learning,chrome
2026-02-15 14:53:07,https://amazon.com/page55,amazon.com,shopping,chrome
2026-02-15 14:53:38,https://coursera.org/page96,coursera.org,learning,chrome
2026-02-15 15:40:38,https://medium.com/page100,medium.com,learning,edge
2026-02-15 15:41:30,https://kaggle.com/page46,kaggle.com,learning,edge
2026-02-15 15:42:43,https://amazon.com/page96,amazon.com,shopping,chrome
2026-02-15 15:43:28,https://medium.com/page46,medium.com,learning,edge
2026-02-15 15:44:48,https://wikipedia.org/page21,wikipedia.org,other,chrome
2026-02-15 16:34:48,https://flipkart.com/page69,flipkart.com,shopping,chrome
2026-02-15 16:36:47,https://wikipedia.org/page28,wikipedia.org,other,chrome
2026-02-15 16:37:32,https://x.com/page92,x.com,social,chrome
2026-02-15 16:38:32,https://kaggle.com/page22,kaggle.com,learning,chrome
2026-02-15 16:39:21,https://x.com/page53,x.com,social,edge
2026-02-15 16:40:15,https://coursera.org/page5,coursera.org,learning,chrome
2026-02-15 16:40:55,https://primevideo.com/page85,primevideo.com,video,edge
2026-02-15 16:41:39,https://kaggle.com/page9,kaggle.com,learning,edge
2026-02-15 16:43:33,https://instagram.com/page62,instagram.com,social,edge
2026-02-15 16:44:46,https://wikipedia.org/page95,wikipedia.org,other,chrome
2026-02-15 16:46:22,https://flipkart.com/page14,flipkart.com,shopping,chrome
2026-02-15 16:47:19,https://flipkart.com/page35,flipkart.com,shopping,chrome
2026-02-15 16:47:42,https://hotstar.com/page81,hotstar.com,video,edge
2026-02-15 16:49:40,https://primevideo.com/page34,primevideo.com,video,edge
2026-02-15 16:50:59,https://primevideo.com/page88,primevideo.com,video,chrome
2026-02-15 16:52:44,https://hotstar.com/page88,hotstar.com,video,chrome
2026-02-15 16:54:26,https://coursera.org/page25,coursera.org,learning,edge
2026-02-15 16:54:55,https://wikipedia.org/page32,wikipedia.org,other,edge
2026-02-15 16:56:16,https://flipkart.com/page17,flipkart.com,shopping,edge
2026-02-15 16:58:00,https://netflix.com/page88,netflix.com,video,chrome
2026-02-15 16:59:15,https://netflix.com/page13,netflix.com,video,chrome
2026-02-15 16:59:50,https://netflix.com/page61,netflix.com,video,edge
2026-02-15 17:01:45,https://kaggle.com/page42,kaggle.com,learning,edge
2026-02-15 17:02:32,https://wikipedia.org/page80,wikipedia.org,other,chrome
2026-02-15 17:03:22,https://github.com/page74,github.com,learning,edge
2026-02-15 17:05:19,https://github.com/page80,github.com,learning,chrome
2026-02-15 17:07:07,https://instagram.com/page58,instagram.com,social,edge
2026-02-15 17:07:44,https://coursera.org/page22,coursera.org,learning,chrome
2026-02-15 17:08:05,https://youtube.com/page74,youtube.com,video,chrome
2026-02-15 17:08:55,https://hotstar.com/page23,hotstar.com,video,edge
2026-02-15 17:10:28,https://stackoverflow.com/page37,stackoverflow.com,learning,edge
2026-02-15 17:11:41,https://wikipedia.org/page30,wikipedia.org,other,chrome
2026-02-15 17:39:41,https://coursera.org/page99,coursera.org,learning,edge
2026-02-15 17:40:15,https://wikipedia.org/page88,wikipedia.org,other,chrome
2026-02-15 17:41:23,https://coursera.org/page69,coursera.org,learning,chrome
2026-02-15 17:43:00,https://x.com/page24,x.com,social,edge
2026-02-15 17:43:13,https://medium.com/page27,medium.com,learning,chrome
2026-02-15 17:43:54,https://wikipedia.org/page87,wikipedia.org,other,edge
2026-02-15 17:44:42,https://instagram.com/page60,instagram.com,social,edge
2026-02-15 17:45:34,https://amazon.com/page45,amazon.com,shopping,chrome
2026-02-15 17:46:15,https://netflix.com/page8,netflix.com,video,edge
2026-02-15 17:47:57,https://medium.com/page94,medium.com,learning,edge
2026-02-15 17:49:49,https://facebook.com/page25,facebook.com,social,chrome
2026-02-15 17:50:59,https://reddit.com/page30,reddit.com,social,chrome
2026-02-15 17:51:41,https://primevideo.com/page39,primevideo.com,video,chrome
2026-02-15 17:52:51,https://amazon.com/page55,amazon.com,shopping,chrome
2026-02-15 17:53:13,https://medium.com/page97,medium.com,learning,edge
2026-02-15 17:54:20,https://medium.com/page46,medium.com,learning,chrome
2026-02-15 17:54:31,https://coursera.org/page52,coursera.org,learning,edge
2026-02-15 17:55:43,https://primevideo.com/page48,primevideo.com,video,chrome
2026-02-15 17:56:27,https://x.com/page93,x.com,social,chrome
2026-02-15 17:57:19,https://amazon.com/page70,amazon.com,shopping,edge
2026-02-15 17:57:36,https://medium.com/page75,medium.com,learning,chrome
2026-02-15 17:58:45,https://flipkart.com/page76,flipkart.com,shopping,chrome
2026-02-15 18:00:10,https://coursera.org/page49,coursera.org,learning,chrome
2026-02-15 18:00:45,https://stackoverflow.com/page78,stackoverflow.com,learning,chrome
2026-02-15 18:02:39,https://facebook.com/page10,facebook.com,social,edge
2026-02-15 18:03:35,https://instagram.com/page60,instagram.com,social,chrome
2026-02-15 18:31:35,https://amazon.com/page53,amazon.com,shopping,chrome
2026-02-15 18:32:55,https://wikipedia.org/page9,wikipedia.org,other,chrome
2026-02-15 18:33:56,https://kaggle.com/page84,kaggle.com,learning,edge
2026-02-15 18:34:27,https://hotstar.com/page23,hotstar.com,video,edge
2026-02-15 18:36:09,https://instagram.com/page85,instagram.com,social,edge
2026-02-15 18:36:26,https://kaggle.com/page50,kaggle.com,learning,edge
2026-02-15 18:36:53,https://kaggle.com/page89,kaggle.com,learning,edge
2026-02-15 19:32:53,https://github.com/page38,github.com,learning,edge
2026-02-15 19:33:03,https://wikipedia.org/page41,wikipedia.org,other,chrome
2026-02-15 19:34:56,https://x.com/page90,x.com,social,chrome
2026-02-15 19:36:06,https://coursera.org/page14,coursera.org,learning,edge
2026-02-15 19:36:44,https://medium.com/page72,medium.com,learning,chrome
2026-02-15 19:37:24,https://medium.com/page17,medium.com,learning,chrome
2026-02-15 19:37:44,https://stackoverflow.com/page97,stackoverflow.com,learning,chrome
2026-02-15 19:38:55,https://youtube.com/page29,youtube.com,video,chrome
2026-02-15 19:40:31,https://wikipedia.org/page59,wikipedia.org,other,chrome
2026-02-15 19:42:28,https://reddit.com/page99,reddit.com,social,edge
2026-02-15 19:43:08,https://netflix.com/page18,netflix.com,video,chrome
2026-02-15 19:43:32,https://youtube.com/page72,youtube.com,video,edge
2026-02-15 19:45:27,https://wikipedia.org/page55,wikipedia.org,other,edge
2026-02-15 19:47:20,https://stackoverflow.com/page69,stackoverflow.com,learning,edge
2026-02-15 19:47:45,https://primevideo.com/page26,primevideo.com,video,edge
2026-02-15 19:49:39,https://facebook.com/page81,facebook.com,social,chrome
2026-02-15 19:49:58,https://instagram.com/page26,instagram.com,social,chrome
2026-02-15 19:50:24,https://flipkart.com/page13,flipkart.com,shopping,chrome
2026-02-15 19:51:30,https://instagram.com/page26,instagram.com,social,chrome
2026-02-15 20:27:30,https://instagram.com/page77,instagram.com,social,chrome
2026-02-15 20:28:39,https://flipkart.com/page1,flipkart.com,shopping,edge
2026-02-15 20:29:30,https://youtube.com/page27,youtube.com,video,edge
2026-02-15 20:29:58,https://hotstar.com/page22,hotstar.com,video,edge
2026-02-15 20:30:56,https://reddit.com/page33,reddit.com,social,chrome
2026-02-15 20:32:37,https://instagram.com/page90,instagram.com,social,chrome
2026-02-15 20:33:12,https://reddit.com/page81,reddit.com,social,chrome
2026-02-15 20:33:31,https://medium.com/page38,medium.com,learning,chrome
2026-02-15 20:34:05,https://kaggle.com/page18,kaggle.com,learning,edge
2026-02-15 20:36:00,https://medium.com/page75,medium.com,learning,edge
2026-02-15 20:36:35,https://github.com/page12,github.com,learning,edge
2026-02-15 20:38:03,https://amazon.com/page11,amazon.com,shopping,edge
2026-02-15 20:39:11,https://facebook.com/page41,facebook.com,social,edge
2026-02-15 20:40:54,https://github.com/page46,github.com,learning,chrome
2026-02-15 20:41:42,https://medium.com/page84,medium.com,learning,chrome
2026-02-15 20:42:11,https://youtube.com/page25,youtube.com,video,edge
2026-02-15 20:43:27,https://youtube.com/page56,youtube.com,video,chrome
2026-02-15 20:44:27,https://x.com/page16,x.com,social,chrome
2026-02-15 20:45:13,https://instagram.com/page65,instagram.com,social,chrome
2026-02-15 20:47:09,https://reddit.com/page2,reddit.com,social,edge
2026-02-15 20:48:20,https://youtube.com/page12,youtube.com,video,edge
2026-02-15 20:48:36,https://reddit.com/page69,reddit.com,social,chrome
2026-02-15 20:49:12,https://stackoverflow.com/page52,stackoverflow.com,learning,edge
2026-02-15 20:51:01,https://medium.com/page86,medium.com,learning,edge
2026-02-15 20:51:50,https://medium.com/page24,medium.com,learning,chrome
2026-02-15 20:52:43,https://hotstar.com/page68,hotstar.com,video,chrome
2026-02-15 20:54:04,https://instagram.com/page48,instagram.com,social,chrome
2026-02-15 20:55:57,https://hotstar.com/page75,hotstar.com,video,edge
2026-02-15 20:56:30,https://youtube.com/page5,youtube.com,video,chrome
2026-02-15 20:58:09,https://kaggle.com/page32,kaggle.com,learning,chrome
2026-02-15 20:58:46,https://primevideo.com/page81,primevideo.com,video,edge
2026-02-15 21:00:31,https://x.com/page82,x.com,social,edge
2026-02-15 21:01:48,https://youtube.com/page41,youtube.com,video,chrome
2026-02-15 21:03:11,https://instagram.com/page80,instagram.com,social,chrome
2026-02-15 21:03:48,https://amazon.com/page23,amazon.com,shopping,edge
2026-02-15 21:05:24,https://instagram.com/page25,instagram.com,social,chrome
2026-02-15 21:06:25,https://x.com/page91,x.com,social,chrome
2026-02-15 21:07:12,https://flipkart.com/page53,flipkart.com,shopping,edge
2026-02-15 21:07:23,https://primevideo.com/page67,primevideo.com,video,edge
2026-02-15 21:08:45,https://wikipedia.org/page86,wikipedia.org,other,chrome
2026-02-15 21:10:22,https://hotstar.com/page34,hotstar.com,video,chrome
2026-02-15 21:11:49,https://instagram.com/page7,instagram.com,social,edge
2026-02-15 21:12:48,https://youtube.com/page88,youtube.com,video,edge
2026-02-15 21:14:42,https://facebook.com/page88,facebook.com,social,edge
2026-02-15 21:16:11,https://facebook.com/page47,facebook.com,social,chrome
2026-02-15 21:17:30,https://stackoverflow.com/page2,stackoverflow.com,learning,chrome
2026-02-15 21:18:03,https://flipkart.com/page4,flipkart.com,shopping,edge
2026-02-15 21:19:45,https://github.com/page43,github.com,learning,edge
2026-02-15 21:19:59,https://coursera.org/page12,coursera.org,learning,chrome
2026-02-15 22:07:59,https://coursera.org/page72,coursera.org,learning,chrome
2026-02-15 22:08:58,https://stackoverflow.com/page26,stackoverflow.com,learning,edge
2026-02-15 22:10:25,https://x.com/page31,x.com,social,edge
2026-02-15 22:11:34,https://primevideo.com/page10,primevideo.com,video,chrome
2026-02-15 22:12:58,https://kaggle.com/page19,kaggle.com,learning,edge
2026-02-15 22:14:45,https://reddit.com/page40,reddit.com,social,chrome
2026-02-15 22:15:08,https://amazon.com/page55,amazon.com,shopping,edge
2026-02-15 22:17:00,https://github.com/page29,github.com,learning,chrome
2026-02-15 22:18:44,https://youtube.com/page99,youtube.com,video,chrome
2026-02-15 22:19:21,https://x.com/page83,x.com,social,chrome
2026-02-15 22:20:57,https://coursera.org/page73,coursera.org,learning,chrome
2026-02-15 22:22:57,https://wikipedia.org/page51,wikipedia.org,other,chrome
2026-02-15 22:23:39,https://amazon.com/page2,amazon.com,shopping,edge
2026-02-15 22:24:35,https://facebook.com/page47,facebook.com,social,edge
2026-02-15 22:25:12,https://medium.com/page21,medium.com,learning,edge
2026-02-15 22:25:22,https://amazon.com/page51,amazon.com,shopping,edge
2026-02-15 22:27:11,https://stackoverflow.com/page72,stackoverflow.com,learning,chrome
2026-02-15 22:28:02,https://amazon.com/page24,amazon.com,shopping,chrome
2026-02-15 22:29:43,https://wikipedia.org/page14,wikipedia.org,other,chrome
2026-02-15 22:30:47,https://kaggle.com/page55,kaggle.com,learning,edge
2026-02-15 22:32:22,https://wikipedia.org/page17,wikipedia.org,other,chrome
2026-02-15 22:34:06,https://flipkart.com/page90,flipkart.com,shopping,chrome
2026-02-15 22:35:35,https://facebook.com/page85,facebook.com,social,chrome
2026-02-15 22:36:43,https://kaggle.com/page11,kaggle.com,learning,edge
2026-02-15 22:37:35,https://amazon.com/page2,amazon.com,shopping,edge
2026-02-15 22:37:54,https://instagram.com/page73,instagram.com,social,edge
2026-02-15 22:39:19,https://facebook.com/page78,facebook.com,social,chrome
2026-02-15 22:40:21,https://instagram.com/page62,instagram.com,social,edge
2026-02-15 22:40:37,https://amazon.com/page9,amazon.com,shopping,edge
2026-02-15 22:40:56,https://kaggle.com/page81,kaggle.com,learning,edge
2026-02-15 22:42:36,https://github.com/page34,github.com,learning,chrome
2026-02-15 22:43:03,https://facebook.com/page72,facebook.com,social,edge
2026-02-15 22:43:29,https://facebook.com/page51,facebook.com,social,chrome
2026-02-15 22:44:23,https://instagram.com/page87,instagram.com,social,chrome
2026-02-15 22:44:49,https://wikipedia.org/page33,wikipedia.org,other,chrome
2026-02-15 22:45:06,https://reddit.com/page94,reddit.com,social,edge
2026-02-15 22:45:23,https://x.com/page6,x.com,social,chrome
2026-02-15 22:45:52,https://netflix.com/page93,netflix.com,video,chrome
2026-02-15 22:46:25,https://stackoverflow.com/page58,stackoverflow.com,learning,edge
2026-02-15 22:47:51,https://primevideo.com/page24,primevideo.com,video,edge
2026-02-15 22:49:41,https://x.com/page6,x.com,social,chrome
2026-02-15 22:50:41,https://coursera.org/page97,coursera.org,learning,chrome
2026-02-15 22:50:59,https://reddit.com/page100,reddit.com,social,chrome
2026-02-15 22:51:32,https://hotstar.com/page82,hotstar.com,video,edge
2026-02-15 23:48:32,https://kaggle.com/page26,kaggle.com,learning,edge
2026-02-15 23:49:37,https://wikipedia.org/page33,wikipedia.org,other,chrome
2026-02-15 23:50:32,https://x.com/page76,x.com,social,chrome
2026-02-16 00:24:32,https://flipkart.com/page2,flipkart.com,shopping,chrome
2026-02-16 00:26:04,https://flipkart.com/page66,flipkart.com,shopping,chrome
2026-02-16 00:27:46,https://x.com/page66,x.com,social,chrome
2026-02-16 00:28:42,https://x.com/page47,x.com,social,edge
2026-02-16 00:29:02,https://wikipedia.org/page67,wikipedia.org,other,chrome
2026-02-16 00:30:58,https://amazon.com/page38,amazon.com,shopping,edge
2026-02-16 00:31:41,https://kaggle.com/page67,kaggle.com,learning,edge
2026-02-16 00:32:58,https://stackoverflow.com/page19,stackoverflow.com,learning,chrome
2026-02-16 00:33:21,https://github.com/page48,github.com,learning,edge
2026-02-16 00:35:10,https://stackoverflow.com/page13,stackoverflow.com,learning,chrome
2026-02-16 01:06:10,https://coursera.org/page21,coursera.org,learning,chrome
2026-02-16 01:07:22,https://facebook.com/page84,facebook.com,social,chrome
2026-02-16 01:07:58,https://netflix.com/page99,netflix.com,video,chrome
2026-02-16 01:09:26,https://hotstar.com/page80,hotstar.com,video,edge
2026-02-16 01:10:22,https://flipkart.com/page1,flipkart.com,shopping,edge
2026-02-16 01:10:38,https://github.com/page58,github.com,learning,chrome
2026-02-16 01:12:05,https://primevideo.com/page94,primevideo.com,video,chrome
2026-02-16 01:12:26,https://facebook.com/page62,facebook.com,social,edge
2026-02-16 01:14:23,https://amazon.com/page62,amazon.com,shopping,edge
2026-02-16 01:16:23,https://github.com/page45,github.com,learning,chrome
2026-02-16 01:18:21,https://netflix.com/page80,netflix.com,video,edge
2026-02-16 01:19:35,https://instagram.com/page47,instagram.com,social,edge
2026-02-16 01:20:07,https://github.com/page8,github.com,learning,chrome
2026-02-16 01:20:51,https://x.com/page91,x.com,social,chrome
2026-02-16 01:21:41,https://amazon.com/page33,amazon.com,shopping,chrome
2026-02-16 01:23:00,https://hotstar.com/page7,hotstar.com,video,chrome
2026-02-16 01:44:00,https://primevideo.com/page70,primevideo.com,video,edge
2026-02-16 01:44:18,https://kaggle.com/page61,kaggle.com,learning,chrome
2026-02-16 01:45:51,https://stackoverflow.com/page55,stackoverflow.com,learning,chrome
2026-02-16 01:46:55,https://reddit.com/page70,reddit.com,social,edge
2026-02-16 01:48:49,https://medium.com/page19,medium.com,learning,edge
2026-02-16 01:50:14,https://kaggle.com/page54,kaggle.com,learning,edge
2026-02-16 02:35:14,https://reddit.com/page36,reddit.com,social,edge
2026-02-16 02:37:09,https://netflix.com/page33,netflix.com,video,edge
2026-02-16 02:38:12,https://amazon.com/page83,amazon.com,shopping,edge
2026-02-16 02:38:53,https://x.com/page64,x.com,social,edge
2026-02-16 02:39:21,https://amazon.com/page17,amazon.com,shopping,chrome
2026-02-16 02:40:44,https://kaggle.com/page25,kaggle.com,learning,chrome
2026-02-16 02:41:02,https://medium.com/page80,medium.com,learning,chrome
2026-02-16 02:42:32,https://instagram.com/page3,instagram.com,social,chrome
2026-02-16 02:43:49,https://medium.com/page89,medium.com,learning,edge
2026-02-16 02:44:23,https://medium.com/page29,medium.com,learning,chrome
2026-02-16 02:45:15,https://netflix.com/page23,netflix.com,video,chrome
2026-02-16 02:45:58,https://coursera.org/page84,coursera.org,learning,edge
2026-02-16 02:46:38,https://flipkart.com/page55,flipkart.com,shopping,edge
2026-02-16 02:47:10,https://reddit.com/page32,reddit.com,social,chrome
2026-02-16 02:47:44,https://hotstar.com/page43,hotstar.com,video,chrome
2026-02-16 02:49:16,https://stackoverflow.com/page85,stackoverflow.com,learning,edge
2026-02-16 02:49:43,https://coursera.org/page1,coursera.org,learning,chrome
2026-02-16 02:50:30,https://coursera.org/page34,coursera.org,learning,edge
2026-02-16 02:51:11,https://stackoverflow.com/page2,stackoverflow.com,learning,edge
2026-02-16 02:52:43,https://netflix.com/page79,netflix.com,video,chrome
2026-02-16 02:54:02,https://facebook.com/page87,facebook.com,social,edge
2026-02-16 02:54:42,https://medium.com/page70,medium.com,learning,edge
2026-02-16 02:55:37,https://x.com/page47,x.com,social,edge
2026-02-16 02:56:45,https://x.com/page82,x.com,social,chrome
2026-02-16 02:57:09,https://medium.com/page91,medium.com,learning,edge
2026-02-16 02:57:48,https://netflix.com/page26,netflix.com,video,chrome
2026-02-16 02:58:11,https://medium.com/page44,medium.com,learning,edge
2026-02-16 02:59:07,https://primevideo.com/page3,primevideo.com,video,chrome
2026-02-16 02:59:41,https://medium.com/page86,medium.com,learning,edge
2026-02-16 03:00:27,https://kaggle.com/page13,kaggle.com,learning,edge
2026-02-16 03:02:05,https://hotstar.com/page33,hotstar.com,video,chrome
2026-02-16 03:02:16,https://primevideo.com/page51,primevideo.com,video,edge
2026-02-16 03:04:00,https://facebook.com/page48,facebook.com,social,edge
2026-02-16 03:05:17,https://wikipedia.org/page88,wikipedia.org,other,edge
2026-02-16 03:05:56,https://stackoverflow.com/page92,stackoverflow.com,learning,edge
2026-02-16 03:07:51,https://stackoverflow.com/page6,stackoverflow.com,learning,edge
2026-02-16 03:09:24,https://stackoverflow.com/page20,stackoverflow.com,learning,chrome
2026-02-16 03:10:18,https://youtube.com/page54,youtube.com,video,chrome
2026-02-16 03:12:14,https://amazon.com/page70,amazon.com,shopping,chrome
2026-02-16 03:13:18,https://github.com/page20,github.com,learning,edge
2026-02-16 03:13:47,https://youtube.com/page33,youtube.com,video,edge
2026-02-16 03:14:13,https://instagram.com/page20,instagram.com,social,chrome
2026-02-16 03:15:38,https://netflix.com/page24,netflix.com,video,chrome
2026-02-16 03:16:18,https://netflix.com/page81,netflix.com,video,edge
2026-02-16 03:18:14,https://netflix.com/page84,netflix.com,video,edge
2026-02-16 03:19:29,https://wikipedia.org/page11,wikipedia.org,other,chrome
2026-02-16 03:20:02,https://x.com/page54,x.com,social,chrome
2026-02-16 03:21:10,https://amazon.com/page13,amazon.com,shopping,chrome
2026-02-16 04:04:10,https://stackoverflow.com/page77,stackoverflow.com,learning,chrome
2026-02-16 04:04:50,https://coursera.org/page56,coursera.org,learning,edge
2026-02-16 04:06:06,https://flipkart.com/page75,flipkart.com,shopping,chrome
2026-02-16 04:07:20,https://coursera.org/page43,coursera.org,learning,chrome
2026-02-16 04:07:32,https://wikipedia.org/page34,wikipedia.org,other,edge
2026-02-16 04:09:26,https://facebook.com/page53,facebook.com,social,edge
2026-02-16 04:10:56,https://instagram.com/page54,instagram.com,social,edge
2026-02-16 05:10:56,https://stackoverflow.com/page36,stackoverflow.com,learning,chrome
2026-02-16 05:11:25,https://hotstar.com/page25,hotstar.com,video,edge
2026-02-16 05:13:08,https://reddit.com/page60,reddit.com,social,chrome
2026-02-16 05:15:02,https://wikipedia.org/page69,wikipedia.org,other,edge
2026-02-16 05:15:35,https://amazon.com/page59,amazon.com,shopping,edge
2026-02-16 05:17:35,https://facebook.com/page27,facebook.com,social,edge
2026-02-16 05:18:50,https://youtube.com/page58,youtube.com,video,edge
2026-02-16 05:19:06,https://primevideo.com/page95,primevideo.com,video,edge
2026-02-16 05:19:42,https://facebook.com/page72,facebook.com,social,chrome
2026-02-16 05:21:42,https://flipkart.com/page57,flipkart.com,shopping,chrome
2026-02-16 05:23:14,https://facebook.com/page36,facebook.com,social,edge
2026-02-16 05:23:24,https://instagram.com/page21,instagram.com,social,edge
2026-02-16 05:24:39,https://x.com/page75,x.com,social,edge
2026-02-16 05:25:35,https://primevideo.com/page73,primevideo.com,video,chrome
2026-02-16 05:25:47,https://youtube.com/page92,youtube.com,video,edge
2026-02-16 05:26:23,https://instagram.com/page53,instagram.com,social,chrome
2026-02-16 05:28:18,https://x.com/page79,x.com,social,chrome
2026-02-16 05:29:08,https://reddit.com/page87,reddit.com,social,chrome
2026-02-16 05:30:40,https://hotstar.com/page32,hotstar.com,video,edge
2026-02-16 05:31:48,https://medium.com/page71,medium.com,learning,edge
2026-02-16 05:33:48,https://kaggle.com/page18,kaggle.com,learning,edge
2026-02-16 05:34:20,https://x.com/page19,x.com,social,edge
2026-02-16 05:36:18,https://youtube.com/page34,youtube.com,video,edge
2026-02-16 05:36:40,https://x.com/page57,x.com,social,chrome
2026-02-16 05:37:35,https://stackoverflow.com/page55,stackoverflow.com,learning,chrome
2026-02-16 05:39:22,https://x.com/page23,x.com,social,chrome
2026-02-16 05:40:02,https://instagram.com/page10,instagram.com,social,chrome
2026-02-16 05:40:42,https://netflix.com/page68,netflix.com,video,chrome
2026-02-16 05:41:55,https://wikipedia.org/page38,wikipedia.org,other,edge
2026-02-16 05:43:31,https://flipkart.com/page81,flipkart.com,shopping,chrome
2026-02-16 05:45:24,https://reddit.com/page91,reddit.com,social,chrome
2026-02-16 05:45:55,https://wikipedia.org/page8,wikipedia.org,other,chrome
2026-02-16 05:46:34,https://medium.com/page69,medium.com,learning,edge
2026-02-16 05:48:27,https://kaggle.com/page88,kaggle.com,learning,chrome
2026-02-16 05:49:56,https://medium.com/page32,medium.com,learning,chrome
2026-02-16 05:50:34,https://reddit.com/page18,reddit.com,social,chrome
2026-02-16 05:52:03,https://amazon.com/page98,amazon.com,shopping,chrome
2026-02-16 05:53:08,https://github.com/page83,github.com,learning,chrome
2026-02-16 05:53:26,https://hotstar.com/page94,hotstar.com,video,chrome
2026-02-16 05:54:29,https://reddit.com/page49,reddit.com,social,chrome
2026-02-16 05:55:16,https://stackoverflow.com/page73,stackoverflow.com,learning,chrome
2026-02-16 05:56:50,https://reddit.com/page17,reddit.com,social,edge
2026-02-16 05:57:05,https://x.com/page68,x.com,social,chrome
2026-02-16 05:58:08,https://medium.com/page11,medium.com,learning,edge
2026-02-16 05:59:17,https://flipkart.com/page18,flipkart.com,shopping,edge
2026-02-16 06:00:57,https://stackoverflow.com/page23,stackoverflow.com,learning,edge
2026-02-16 06:02:41,https://primevideo.com/page65,primevideo.com,video,edge
2026-02-16 06:04:17,https://kaggle.com/page9,kaggle.com,learning,edge
2026-02-16 06:05:25,https://stackoverflow.com/page73,stackoverflow.com,learning,edge
2026-02-16 06:05:57,https://amazon.com/page1,amazon.com,shopping,chrome
2026-02-16 06:06:49,https://github.com/page93,github.com,learning,edge
2026-02-16 06:07:50,https://netflix.com/page71,netflix.com,video,chrome
2026-02-16 06:09:25,https://wikipedia.org/page80,wikipedia.org,other,chrome
2026-02-16 06:11:23,https://netflix.com/page71,netflix.com,video,chrome
2026-02-16 06:12:27,https://reddit.com/page96,reddit.com,social,edge
2026-02-16 06:13:44,https://wikipedia.org/page74,wikipedia.org,other,chrome
2026-02-16 06:14:19,https://x.com/page32,x.com,social,edge
2026-02-16 06:14:33,https://facebook.com/page35,facebook.com,social,edge
2026-02-16 06:16:33,https://coursera.org/page66,coursera.org,learning,edge
2026-02-16 06:16:52,https://reddit.com/page33,reddit.com,social,chrome
2026-02-16 06:18:41,https://facebook.com/page90,facebook.com,social,chrome
2026-02-16 06:18:59,https://wikipedia.org/page82,wikipedia.org,other,edge
2026-02-16 06:19:34,https://wikipedia.org/page55,wikipedia.org,other,chrome
2026-02-16 06:20:45,https://instagram.com/page62,instagram.com,social,chrome
2026-02-16 06:21:23,https://stackoverflow.com/page3,stackoverflow.com,learning,chrome
2026-02-16 06:22:12,https://wikipedia.org/page90,wikipedia.org,other,chrome
2026-02-16 06:24:08,https://medium.com/page11,medium.com,learning,edge
2026-02-16 06:24:35,https://reddit.com/page47,reddit.com,social,edge
2026-02-16 06:26:05,https://instagram.com/page99,instagram.com,social,chrome
2026-02-16 06:26:47,https://wikipedia.org/page15,wikipedia.org,other,chrome
2026-02-16 06:28:11,https://kaggle.com/page84,kaggle.com,learning,chrome
2026-02-16 06:29:05,https://primevideo.com/page85,primevideo.com,video,chrome
2026-02-16 06:30:33,https://github.com/page53,github.com,learning,chrome
2026-02-16 06:31:02,https://kaggle.com/page12,kaggle.com,learning,chrome
2026-02-16 06:31:59,https://reddit.com/page65,reddit.com,social,edge
2026-02-16 06:32:50,https://instagram.com/page50,instagram.com,social,edge
2026-02-16 06:33:29,https://stackoverflow.com/page51,stackoverflow.com,learning,edge
2026-02-16 06:34:45,https://wikipedia.org/page78,wikipedia.org,other,chrome
2026-02-16 06:35:08,https://kaggle.com/page70,kaggle.com,learning,chrome
2026-02-16 06:36:47,https://flipkart.com/page37,flipkart.com,shopping,edge
2026-02-16 06:37:48,https://medium.com/page16,medium.com,learning,edge
2026-02-16 06:39:28,https://primevideo.com/page98,primevideo.com,video,chrome
2026-02-16 06:40:02,https://kaggle.com/page4,kaggle.com,learning,edge
2026-02-16 07:06:02,https://x.com/page66,x.com,social,edge
2026-02-16 07:07:57,https://github.com/page23,github.com,learning,chrome
2026-02-16 07:08:43,https://youtube.com/page98,youtube.com,video,chrome
2026-02-16 07:10:28,https://medium.com/page14,medium.com,learning,edge
2026-02-16 07:12:05,https://amazon.com/page18,amazon.com,shopping,edge
2026-02-16 07:14:00,https://x.com/page79,x.com,social,edge
2026-02-16 07:15:52,https://primevideo.com/page66,primevideo.com,video,edge
2026-02-16 07:17:16,https://instagram.com/page64,instagram.com,social,edge
2026-02-16 07:17:27,https://amazon.com/page91,amazon.com,shopping,edge
2026-02-16 07:18:14,https://coursera.org/page10,coursera.org,learning,edge
2026-02-16 07:19:57,https://primevideo.com/page31,primevideo.com,video,edge
2026-02-16 07:21:35,https://github.com/page73,github.com,learning,chrome
2026-02-16 07:22:01,https://primevideo.com/page65,primevideo.com,video,edge
2026-02-16 07:22:55,https://flipkart.com/page60,flipkart.com,shopping,edge
2026-02-16 07:23:45,https://amazon.com/page16,amazon.com,shopping,edge
2026-02-16 07:25:06,https://hotstar.com/page44,hotstar.com,video,chrome
2026-02-16 07:25:36,https://reddit.com/page96,reddit.com,social,chrome
2026-02-16 07:47:36,https://kaggle.com/page63,kaggle.com,learning,chrome
2026-02-16 07:48:46,https://stackoverflow.com/page24,stackoverflow.com,learning,chrome
2026-02-16 07:50:00,https://github.com/page5,github.com,learning,edge
2026-02-16 07:50:57,https://stackoverflow.com/page63,stackoverflow.com,learning,edge
2026-02-16 07:52:08,https://reddit.com/page10,reddit.com,social,edge
2026-02-16 07:52:32,https://flipkart.com/page59,flipkart.com,shopping,edge
2026-02-16 07:52:46,https://wikipedia.org/page83,wikipedia.org,other,edge
2026-02-16 07:53:46,https://stackoverflow.com/page32,stackoverflow.com,learning,edge
2026-02-16 07:54:06,https://reddit.com/page25,reddit.com,social,edge
2026-02-16 07:54:29,https://primevideo.com/page90,primevideo.com,video,chrome
2026-02-16 07:54:53,https://medium.com/page73,medium.com,learning,edge
2026-02-16 07:56:38,https://coursera.org/page48,coursera.org,learning,chrome
2026-02-16 07:58:09,https://flipkart.com/page9,flipkart.com,shopping,edge
2026-02-16 08:00:01,https://youtube.com/page56,youtube.com,video,edge
2026-02-16 08:00:14,https://primevideo.com/page74,primevideo.com,video,edge
2026-02-16 08:00:59,https://youtube.com/page82,youtube.com,video,edge
2026-02-16 08:02:04,https://wikipedia.org/page21,wikipedia.org,other,chrome
2026-02-16 08:03:04,https://flipkart.com/page24,flipkart.com,shopping,edge
2026-02-16 08:04:37,https://wikipedia.org/page74,wikipedia.org,other,chrome
2026-02-16 08:05:23,https://medium.com/page71,medium.com,learning,chrome
2026-02-16 08:06:08,https://x.com/page20,x.com,social,chrome
2026-02-16 08:07:58,https://reddit.com/page77,reddit.com,social,edge
2026-02-16 08:08:52,https://instagram.com/page52,instagram.com,social,chrome
2026-02-16 08:09:53,https://hotstar.com/page39,hotstar.com,video,edge
2026-02-16 08:10:48,https://wikipedia.org/page99,wikipedia.org,other,chrome
2026-02-16 08:12:46,https://x.com/page78,x.com,social,edge
2026-02-16 08:14:31,https://amazon.com/page30,amazon.com,shopping,edge
2026-02-16 08:15:34,https://flipkart.com/page5,flipkart.com,shopping,chrome
2026-02-16 08:16:58,https://coursera.org/page60,coursera.org,learning,chrome
2026-02-16 08:18:39,https://primevideo.com/page8,primevideo.com,video,chrome
2026-02-16 09:09:39,https://instagram.com/page5,instagram.com,social,chrome
2026-02-16 09:10:41,https://coursera.org/page83,coursera.org,learning,edge
2026-02-16 09:12:35,https://medium.com/page36,medium.com,learning,edge
2026-02-16 09:14:32,https://youtube.com/page51,youtube.com,video,chrome
2026-02-16 09:16:21,https://youtube.com/page3,youtube.com,video,chrome
2026-02-16 09:17:30,https://medium.com/page27,medium.com,learning,edge
2026-02-16 09:17:44,https://flipkart.com/page75,flipkart.com,shopping,chrome
2026-02-16 09:18:00,https://kaggle.com/page86,kaggle.com,learning,edge
2026-02-16 09:19:28,https://youtube.com/page39,youtube.com,video,chrome
2026-02-16 09:19:57,https://amazon.com/page29,amazon.com,shopping,chrome
2026-02-16 09:20:47,https://kaggle.com/page73,kaggle.com,learning,edge
2026-02-16 09:49:47,https://flipkart.com/page21,flipkart.com,shopping,chrome
2026-02-16 09:51:00,https://wikipedia.org/page31,wikipedia.org,other,chrome
2026-02-16 09:52:41,https://instagram.com/page77,instagram.com,social,chrome
2026-02-16 09:54:40,https://wikipedia.org/page72,wikipedia.org,other,edge
2026-02-16 09:55:35,https://x.com/page7,x.com,social,chrome
2026-02-16 09:57:33,https://flipkart.com/page35,flipkart.com,shopping,edge
2026-02-16 09:58:34,https://kaggle.com/page28,kaggle.com,learning,chrome
2026-02-16 10:00:34,https://facebook.com/page19,facebook.com,social,edge
2026-02-16 10:01:44,https://github.com/page62,github.com,learning,chrome
2026-02-16 10:03:20,https://instagram.com/page16,instagram.com,social,edge
2026-02-16 10:03:33,https://wikipedia.org/page100,wikipedia.org,other,edge
2026-02-16 10:04:33,https://x.com/page42,x.com,social,chrome
2026-02-16 10:05:04,https://x.com/page7,x.com,social,edge
2026-02-16 10:06:10,https://youtube.com/page92,youtube.com,video,chrome
2026-02-16 10:07:42,https://coursera.org/page1,coursera.org,learning,edge
2026-02-16 10:07:55,https://reddit.com/page71,reddit.com,social,chrome
2026-02-16 10:08:46,https://youtube.com/page22,youtube.com,video,edge
2026-02-16 10:10:14,https://hotstar.com/page23,hotstar.com,video,edge
2026-02-16 10:10:41,https://x.com/page18,x.com,social,edge
2026-02-16 10:12:11,https://reddit.com/page46,reddit.com,social,edge
2026-02-16 10:13:20,https://primevideo.com/page19,primevideo.com,video,chrome
2026-02-16 10:14:14,https://facebook.com/page16,facebook.com,social,edge
2026-02-16 10:14:56,https://medium.com/page98,medium.com,learning,edge
2026-02-16 10:15:46,https://stackoverflow.com/page67,stackoverflow.com,learning,chrome
2026-02-16 10:17:01,https://flipkart.com/page21,flipkart.com,shopping,edge
2026-02-16 10:17:59,https://instagram.com/page36,instagram.com,social,chrome
2026-02-16 10:18:49,https://wikipedia.org/page36,wikipedia.org,other,chrome
2026-02-16 10:20:02,https://kaggle.com/page54,kaggle.com,learning,chrome
2026-02-16 10:20:58,https://instagram.com/page46,instagram.com,social,chrome
2026-02-16 10:21:26,https://medium.com/page96,medium.com,learning,chrome
2026-02-16 10:23:13,https://reddit.com/page44,reddit.com,social,edge
2026-02-16 10:23:30,https://hotstar.com/page69,hotstar.com,video,chrome
2026-02-16 10:24:01,https://primevideo.com/page13,primevideo.com,video,edge
2026-02-16 10:25:49,https://flipkart.com/page15,flipkart.com,shopping,chrome
2026-02-16 10:26:54,https://primevideo.com/page8,primevideo.com,video,edge
2026-02-16 10:27:26,https://github.com/page22,github.com,learning,edge
2026-02-16 10:28:04,https://flipkart.com/page22,flipkart.com,shopping,chrome
2026-02-16 10:29:25,https://flipkart.com/page79,flipkart.com,shopping,chrome
2026-02-16 10:30:12,https://flipkart.com/page57,flipkart.com,shopping,chrome
2026-02-16 10:30:32,https://instagram.com/page60,instagram.com,social,chrome
2026-02-16 10:31:59,https://instagram.com/page4,instagram.com,social,chrome
2026-02-16 10:33:42,https://wikipedia.org/page63,wikipedia.org,other,chrome
2026-02-16 10:33:58,https://flipkart.com/page19,flipkart.com,shopping,chrome
2026-02-16 10:34:36,https://reddit.com/page59,reddit.com,social,edge
2026-02-16 10:35:46,https://stackoverflow.com/page50,stackoverflow.com,learning,edge
2026-02-16 10:36:35,https://github.com/page80,github.com,learning,edge
2026-02-16 10:37:41,https://reddit.com/page72,reddit.com,social,chrome
2026-02-16 10:38:40,https://primevideo.com/page71,primevideo.com,video,chrome
2026-02-16 10:40:31,https://amazon.com/page35,amazon.com,shopping,chrome
2026-02-16 10:42:09,https://coursera.org/page41,coursera.org,learning,chrome
2026-02-16 10:43:59,https://hotstar.com/page95,hotstar.com,video,chrome
2026-02-16 10:45:35,https://github.com/page43,github.com,learning,chrome
2026-02-16 10:46:28,https://stackoverflow.com/page64,stackoverflow.com,learning,edge
2026-02-16 10:47:02,https://instagram.com/page64,instagram.com,social,edge
2026-02-16 10:48:18,https://stackoverflow.com/page49,stackoverflow.com,learning,edge
2026-02-16 10:49:47,https://facebook.com/page5,facebook.com,social,edge
2026-02-16 10:50:50,https://netflix.com/page21,netflix.com,video,chrome
2026-02-16 10:51:59,https://netflix.com/page32,netflix.com,video,edge
2026-02-16 10:53:10,https://reddit.com/page29,reddit.com,social,chrome
2026-02-16 10:54:09,https://primevideo.com/page31,primevideo.com,video,edge
2026-02-16 10:54:35,https://amazon.com/page90,amazon.com,shopping,edge
2026-02-16 10:55:16,https://x.com/page18,x.com,social,edge
2026-02-16 10:56:49,https://wikipedia.org/page59,wikipedia.org,other,chrome
2026-02-16 10:58:21,https://wikipedia.org/page92,wikipedia.org,other,chrome
2026-02-16 10:59:18,https://youtube.com/page27,youtube.com,video,edge
2026-02-16 11:00:48,https://stackoverflow.com/page58,stackoverflow.com,learning,edge
2026-02-16 11:01:57,https://wikipedia.org/page76,wikipedia.org,other,edge
2026-02-16 11:02:34,https://github.com/page83,github.com,learning,edge
2026-02-16 11:02:53,https://hotstar.com/page39,hotstar.com,video,edge
2026-02-16 11:04:20,https://coursera.org/page45,coursera.org,learning,edge
2026-02-16 11:05:56,https://coursera.org/page85,coursera.org,learning,edge
2026-02-16 11:07:03,https://hotstar.com/page73,hotstar.com,video,edge
2026-02-16 11:08:59,https://facebook.com/page89,facebook.com,social,chrome
2026-02-16 11:10:37,https://facebook.com/page39,facebook.com,social,chrome
2026-02-16 11:11:28,https://stackoverflow.com/page11,stackoverflow.com,learning,chrome
2026-02-16 11:12:41,https://reddit.com/page52,reddit.com,social,edge
2026-02-16 11:14:01,https://wikipedia.org/page98,wikipedia.org,other,chrome
2026-02-16 11:15:22,https://facebook.com/page21,facebook.com,social,chrome
2026-02-16 11:15:33,https://instagram.com/page50,instagram.com,social,chrome
2026-02-16 11:16:16,https://stackoverflow.com/page73,stackoverflow.com,learning,chrome
2026-02-16 11:17:22,https://facebook.com/page30,facebook.com,social,edge
2026-02-16 11:18:06,https://reddit.com/page38,reddit.com,social,edge
2026-02-16 11:19:03,https://primevideo.com/page74,primevideo.com,video,chrome
2026-02-16 11:19:13,https://wikipedia.org/page6,wikipedia.org,other,edge
2026-02-16 11:20:11,https://primevideo.com/page80,primevideo.com,video,edge
2026-02-16 11:22:03,https://amazon.com/page12,amazon.com,shopping,chrome
2026-02-16 11:22:16,https://netflix.com/page57,netflix.com,video,chrome
2026-02-16 11:24:07,https://hotstar.com/page65,hotstar.com,video,chrome
2026-02-16 11:24:28,https://primevideo.com/page18,primevideo.com,video,edge
2026-02-16 11:48:28,https://hotstar.com/page91,hotstar.com,video,chrome
2026-02-16 11:49:57,https://hotstar.com/page76,hotstar.com,video,chrome
2026-02-16 11:50:07,https://instagram.com/page62,instagram.com,social,chrome
2026-02-16 11:51:27,https://flipkart.com/page16,flipkart.com,shopping,chrome
2026-02-16 11:52:24,https://instagram.com/page29,instagram.com,social,chrome
2026-02-16 11:53:21,https://medium.com/page8,medium.com,learning,chrome
2026-02-16 11:54:02,https://instagram.com/page84,instagram.com,social,chrome
2026-02-16 11:55:54,https://stackoverflow.com/page28,stackoverflow.com,learning,edge
2026-02-16 11:57:32,https://wikipedia.org/page25,wikipedia.org,other,edge
2026-02-16 11:58:22,https://hotstar.com/page88,hotstar.com,video,edge
2026-02-16 11:59:10,https://instagram.com/page46,instagram.com,social,edge
2026-02-16 12:01:08,https://instagram.com/page18,instagram.com,social,chrome
2026-02-16 12:02:06,https://reddit.com/page74,reddit.com,social,chrome
2026-02-16 12:03:26,https://x.com/page88,x.com,social,edge
2026-02-16 12:04:08,https://x.com/page36,x.com,social,chrome
2026-02-16 12:04:50,https://kaggle.com/page32,kaggle.com,learning,edge
2026-02-16 12:06:33,https://facebook.com/page64,facebook.com,social,chrome
2026-02-16 12:07:06,https://amazon.com/page93,amazon.com,shopping,edge
2026-02-16 12:07:53,https://coursera.org/page40,coursera.org,learning,chrome
2026-02-16 12:54:53,https://youtube.com/page57,youtube.com,video,edge
2026-02-16 12:56:37,https://amazon.com/page9,amazon.com,shopping,edge
2026-02-16 12:58:33,https://wikipedia.org/page46,wikipedia.org,other,edge
2026-02-16 13:00:01,https://stackoverflow.com/page32,stackoverflow.com,learning,chrome
2026-02-16 13:01:57,https://wikipedia.org/page92,wikipedia.org,other,edge
2026-02-16 13:03:19,https://instagram.com/page38,instagram.com,social,edge
2026-02-16 13:04:45,https://hotstar.com/page18,hotstar.com,video,edge
2026-02-16 13:06:08,https://kaggle.com/page16,kaggle.com,learning,edge
2026-02-16 13:06:36,https://wikipedia.org/page67,wikipedia.org,other,edge
2026-02-16 13:08:04,https://flipkart.com/page76,flipkart.com,shopping,edge
2026-02-16 13:08:47,https://github.com/page71,github.com,learning,edge
2026-02-16 13:10:07,https://amazon.com/page89,amazon.com,shopping,chrome
2026-02-16 13:11:48,https://stackoverflow.com/page21,stackoverflow.com,learning,edge
2026-02-16 13:11:58,https://instagram.com/page83,instagram.com,social,edge
2026-02-16 13:12:50,https://flipkart.com/page31,flipkart.com,shopping,edge
2026-02-16 13:13:24,https://amazon.com/page29,amazon.com,shopping,edge
2026-02-16 13:13:56,https://x.com/page5,x.com,social,edge
2026-02-16 13:15:47,https://kaggle.com/page71,kaggle.com,learning,chrome
2026-02-16 13:17:15,https://medium.com/page7,medium.com,learning,edge
2026-02-16 13:19:10,https://instagram.com/page29,instagram.com,social,edge
2026-02-16 13:19:50,https://coursera.org/page49,coursera.org,learning,chrome
2026-02-16 13:21:38,https://reddit.com/page77,reddit.com,social,edge
2026-02-16 13:23:10,https://netflix.com/page76,netflix.com,video,edge
2026-02-16 13:24:50,https://primevideo.com/page97,primevideo.com,video,chrome
2026-02-16 13:25:18,https://reddit.com/page22,reddit.com,social,edge
2026-02-16 13:26:04,https://github.com/page30,github.com,learning,edge
2026-02-16 13:26:46,https://netflix.com/page79,netflix.com,video,chrome
2026-02-16 13:28:27,https://medium.com/page35,medium.com,learning,edge
2026-02-16 13:29:01,https://primevideo.com/page2,primevideo.com,video,chrome
2026-02-16 13:29:46,https://reddit.com/page15,reddit.com,social,edge
2026-02-16 13:31:38,https://x.com/page21,x.com,social,chrome
2026-02-16 13:32:50,https://x.com/page82,x.com,social,edge
2026-02-16 13:33:28,https://amazon.com/page33,amazon.com,shopping,edge
2026-02-16 13:34:58,https://hotstar.com/page41,hotstar.com,video,chrome
2026-02-16 13:35:10,https://wikipedia.org/page16,wikipedia.org,other,chrome
2026-02-16 13:35:35,https://primevideo.com/page42,primevideo.com,video,chrome
2026-02-16 13:35:46,https://netflix.com/page42,netflix.com,video,edge
2026-02-16 13:36:07,https://hotstar.com/page54,hotstar.com,video,chrome
2026-02-16 13:37:56,https://youtube.com/page73,youtube.com,video,edge
2026-02-16 13:38:29,https://stackoverflow.com/page86,stackoverflow.com,learning,chrome
2026-02-16 13:39:37,https://wikipedia.org/page100,wikipedia.org,other,chrome
2026-02-16 13:40:46,https://wikipedia.org/page87,wikipedia.org,other,edge
2026-02-16 13:41:10,https://netflix.com/page2,netflix.com,video,edge
2026-02-16 13:41:21,https://medium.com/page23,medium.com,learning,edge
2026-02-16 13:41:37,https://stackoverflow.com/page85,stackoverflow.com,learning,chrome
2026-02-16 13:41:59,https://hotstar.com/page40,hotstar.com,video,chrome
2026-02-16 13:42:56,https://stackoverflow.com/page87,stackoverflow.com,learning,chrome
2026-02-16 13:44:11,https://flipkart.com/page7,flipkart.com,shopping,edge
2026-02-16 13:44:38,https://instagram.com/page34,instagram.com,social,edge
2026-02-16 13:45:39,https://stackoverflow.com/page34,stackoverflow.com,learning,edge
2026-02-16 13:46:15,https://youtube.com/page12,youtube.com,video,edge
2026-02-16 13:46:48,https://wikipedia.org/page66,wikipedia.org,other,edge
2026-02-16 13:47:49,https://kaggle.com/page68,kaggle.com,learning,chrome
2026-02-16 13:48:58,https://x.com/page72,x.com,social,edge
2026-02-16 13:50:02,https://netflix.com/page76,netflix.com,video,edge
2026-02-16 13:51:09,https://stackoverflow.com/page86,stackoverflow.com,learning,chrome
2026-02-16 13:52:24,https://hotstar.com/page23,hotstar.com,video,chrome
2026-02-16 13:53:35,https://netflix.com/page72,netflix.com,video,chrome
2026-02-16 13:55:12,https://primevideo.com/page44,primevideo.com,video,chrome
2026-02-16 13:55:31,https://netflix.com/page85,netflix.com,video,chrome
2026-02-16 13:56:13,https://stackoverflow.com/page96,stackoverflow.com,learning,edge
2026-02-16 13:57:06,https://coursera.org/page45,coursera.org,learning,edge
2026-02-16 13:58:29,https://instagram.com/page56,instagram.com,social,edge
2026-02-16 13:59:28,https://netflix.com/page86,netflix.com,video,chrome
2026-02-16 14:48:28,https://facebook.com/page100,facebook.com,social,chrome
2026-02-16 14:48:53,https://instagram.com/page20,instagram.com,social,chrome
2026-02-16 14:49:57,https://kaggle.com/page40,kaggle.com,learning,edge
2026-02-16 14:51:39,https://amazon.com/page68,amazon.com,shopping,edge
2026-02-16 14:52:00,https://primevideo.com/page66,primevideo.com,video,chrome
2026-02-16 14:53:43,https://github.com/page22,github.com,learning,chrome
2026-02-16 14:55:18,https://medium.com/page21,medium.com,learning,chrome
2026-02-16 14:56:38,https://instagram.com/page75,instagram.com,social,edge
2026-02-16 14:57:54,https://coursera.org/page86,coursera.org,learning,chrome
2026-02-16 14:59:50,https://wikipedia.org/page30,wikipedia.org,other,chrome
2026-02-16 15:01:47,https://flipkart.com/page88,flipkart.com,shopping,edge
2026-02-16 15:03:09,https://medium.com/page80,medium.com,learning,chrome
2026-02-16 15:03:32,https://amazon.com/page91,amazon.com,shopping,edge
2026-02-16 15:04:20,https://coursera.org/page91,coursera.org,learning,chrome
2026-02-16 15:05:46,https://medium.com/page69,medium.com,learning,chrome
2026-02-16 15:07:31,https://netflix.com/page43,netflix.com,video,chrome
2026-02-16 15:08:25,https://reddit.com/page4,reddit.com,social,edge
2026-02-16 15:08:35,https://kaggle.com/page51,kaggle.com,learning,edge
2026-02-16 15:09:14,https://flipkart.com/page10,flipkart.com,shopping,edge
2026-02-16 15:09:42,https://stackoverflow.com/page5,stackoverflow.com,learning,chrome
2026-02-16 15:10:31,https://instagram.com/page25,instagram.com,social,chrome
2026-02-16 15:10:54,https://medium.com/page59,medium.com,learning,chrome
2026-02-16 15:12:15,https://medium.com/page78,medium.com,learning,edge
2026-02-16 15:14:04,https://hotstar.com/page90,hotstar.com,video,chrome
2026-02-16 15:15:54,https://amazon.com/page79,amazon.com,shopping,chrome
2026-02-16 15:16:18,https://instagram.com/page46,instagram.com,social,chrome
2026-02-16 15:17:58,https://flipkart.com/page45,flipkart.com,shopping,edge
2026-02-16 15:19:13,https://youtube.com/page4,youtube.com,video,edge
2026-02-16 15:19:28,https://coursera.org/page89,coursera.org,learning,chrome
2026-02-16 15:20:14,https://instagram.com/page73,instagram.com,social,chrome
2026-02-16 15:21:06,https://medium.com/page5,medium.com,learning,chrome
2026-02-16 15:22:28,https://facebook.com/page81,facebook.com,social,edge
2026-02-16 15:22:39,https://netflix.com/page76,netflix.com,video,edge
2026-02-16 15:23:28,https://reddit.com/page40,reddit.com,social,edge
2026-02-16 15:23:56,https://medium.com/page79,medium.com,learning,chrome
2026-02-16 15:25:23,https://medium.com/page41,medium.com,learning,chrome
2026-02-16 15:26:45,https://hotstar.com/page70,hotstar.com,video,chrome
2026-02-16 15:28:24,https://facebook.com/page63,facebook.com,social,chrome
2026-02-16 15:29:10,https://facebook.com/page78,facebook.com,social,edge
2026-02-16 15:30:16,https://primevideo.com/page36,primevideo.com,video,edge
2026-02-16 15:31:55,https://github.com/page77,github.com,learning,edge
2026-02-16 15:32:45,https://hotstar.com/page40,hotstar.com,video,chrome
2026-02-16 15:34:29,https://amazon.com/page17,amazon.com,shopping,chrome
2026-02-16 15:36:20,https://x.com/page94,x.com,social,edge
2026-02-16 15:57:20,https://wikipedia.org/page50,wikipedia.org,other,chrome
2026-02-16 15:58:53,https://instagram.com/page38,instagram.com,social,chrome
2026-02-16 15:59:06,https://instagram.com/page75,instagram.com,social,chrome
2026-02-16 15:59:38,https://youtube.com/page49,youtube.com,video,edge
2026-02-16 16:00:46,https://stackoverflow.com/page54,stackoverflow.com,learning,edge
2026-02-16 16:01:30,https://kaggle.com/page34,kaggle.com,learning,chrome
2026-02-16 16:03:06,https://github.com/page99,github.com,learning,chrome
2026-02-16 16:03:48,https://wikipedia.org/page53,wikipedia.org,other,edge
2026-02-16 16:04:35,https://reddit.com/page49,reddit.com,social,chrome
2026-02-16 16:06:30,https://amazon.com/page61,amazon.com,shopping,chrome
2026-02-16 16:07:40,https://x.com/page91,x.com,social,edge
2026-02-16 16:08:19,https://hotstar.com/page10,hotstar.com,video,edge
2026-02-16 16:09:39,https://coursera.org/page7,coursera.org,learning,chrome
2026-02-16 16:11:29,https://medium.com/page73,medium.com,learning,chrome
2026-02-16 16:12:47,https://youtube.com/page45,youtube.com,video,chrome
2026-02-16 17:06:47,https://amazon.com/page47,amazon.com,shopping,edge
2026-02-16 17:07:56,https://netflix.com/page88,netflix.com,video,edge
2026-02-16 17:08:35,https://x.com/page15,x.com,social,edge
2026-02-16 17:45:35,https://kaggle.com/page37,kaggle.com,learning,edge
2026-02-16 17:47:09,https://instagram.com/page21,instagram.com,social,chrome
2026-02-16 17:48:59,https://primevideo.com/page98,primevideo.com,video,chrome
2026-02-16 17:50:14,https://amazon.com/page30,amazon.com,shopping,edge
2026-02-16 17:50:59,https://flipkart.com/page88,flipkart.com,shopping,chrome
2026-02-16 17:51:25,https://medium.com/page91,medium.com,learning,edge
2026-02-16 17:51:57,https://primevideo.com/page76,primevideo.com,video,edge
2026-02-16 17:52:18,https://hotstar.com/page100,hotstar.com,video,chrome
2026-02-16 17:54:13,https://github.com/page3,github.com,learning,chrome
2026-02-16 17:55:28,https://netflix.com/page39,netflix.com,video,chrome
2026-02-16 17:57:08,https://medium.com/page72,medium.com,learning,edge
2026-02-16 17:58:03,https://instagram.com/page58,instagram.com,social,edge
2026-02-16 17:59:50,https://facebook.com/page80,facebook.com,social,chrome
2026-02-16 18:01:14,https://reddit.com/page61,reddit.com,social,edge
2026-02-16 18:01:58,https://facebook.com/page6,facebook.com,social,chrome
2026-02-16 18:02:20,https://reddit.com/page34,reddit.com,social,edge
2026-02-16 18:43:20,https://facebook.com/page29,facebook.com,social,edge
2026-02-16 18:43:40,https://primevideo.com/page42,primevideo.com,video,edge
2026-02-16 18:44:31,https://x.com/page67,x.com,social,chrome
2026-02-16 18:46:13,https://coursera.org/page48,coursera.org,learning,chrome
2026-02-16 18:47:01,https://reddit.com/page37,reddit.com,social,chrome
2026-02-16 18:47:20,https://flipkart.com/page30,flipkart.com,shopping,edge
2026-02-16 18:48:07,https://flipkart.com/page55,flipkart.com,shopping,chrome
2026-02-16 18:48:43,https://github.com/page11,github.com,learning,chrome
2026-02-16 18:48:55,https://facebook.com/page39,facebook.com,social,edge
2026-02-16 18:50:01,https://coursera.org/page21,coursera.org,learning,chrome
2026-02-16 18:50:34,https://reddit.com/page5,reddit.com,social,chrome
2026-02-16 18:51:32,https://wikipedia.org/page80,wikipedia.org,other,chrome
2026-02-16 18:52:40,https://instagram.com/page99,instagram.com,social,chrome
2026-02-16 18:53:07,https://instagram.com/page52,instagram.com,social,edge
2026-02-16 18:54:27,https://kaggle.com/page93,kaggle.com,learning,chrome
2026-02-16 18:55:55,https://stackoverflow.com/page44,stackoverflow.com,learning,edge
2026-02-16 18:57:03,https://flipkart.com/page26,flipkart.com,shopping,chrome
2026-02-16 18:58:45,https://netflix.com/page66,netflix.com,video,chrome
2026-02-16 18:59:41,https://primevideo.com/page65,primevideo.com,video,edge
2026-02-16 19:01:10,https://medium.com/page80,medium.com,learning,edge
2026-02-16 19:02:17,https://primevideo.com/page31,primevideo.com,video,chrome
2026-02-16 19:04:06,https://primevideo.com/page36,primevideo.com,video,edge
2026-02-16 19:55:06,https://facebook.com/page98,facebook.com,social,edge
2026-02-16 19:56:38,https://instagram.com/page39,instagram.com,social,edge
2026-02-16 19:57:25,https://medium.com/page32,medium.com,learning,chrome
2026-02-16 19:58:33,https://github.com/page99,github.com,learning,chrome
2026-02-16 19:58:54,https://flipkart.com/page67,flipkart.com,shopping,edge
2026-02-16 20:00:13,https://facebook.com/page49,facebook.com,social,chrome
2026-02-16 20:01:50,https://primevideo.com/page63,primevideo.com,video,edge
2026-02-16 20:02:01,https://coursera.org/page32,coursera.org,learning,chrome
2026-02-16 20:03:55,https://github.com/page79,github.com,learning,chrome
2026-02-16 20:05:21,https://github.com/page34,github.com,learning,chrome
2026-02-16 20:06:21,https://youtube.com/page48,youtube.com,video,edge
2026-02-16 20:08:14,https://amazon.com/page68,amazon.com,shopping,chrome
2026-02-16 20:08:53,https://wikipedia.org/page27,wikipedia.org,other,edge
2026-02-16 20:10:07,https://flipkart.com/page7,flipkart.com,shopping,edge
2026-02-16 20:10:24,https://stackoverflow.com/page12,stackoverflow.com,learning,edge
2026-02-16 20:11:42,https://facebook.com/page38,facebook.com,social,edge
2026-02-16 20:12:49,https://kaggle.com/page52,kaggle.com,learning,edge
2026-02-16 20:14:12,https://primevideo.com/page62,primevideo.com,video,edge
2026-02-16 20:15:59,https://stackoverflow.com/page15,stackoverflow.com,learning,edge
2026-02-16 20:16:59,https://amazon.com/page69,amazon.com,shopping,edge
2026-02-16 20:18:26,https://amazon.com/page26,amazon.com,shopping,chrome
2026-02-16 20:18:58,https://amazon.com/page80,amazon.com,shopping,edge
2026-02-16 20:20:05,https://wikipedia.org/page94,wikipedia.org,other,edge
2026-02-16 20:20:38,https://hotstar.com/page75,hotstar.com,video,chrome
2026-02-16 20:22:08,https://github.com/page11,github.com,learning,chrome
2026-02-16 20:22:56,https://kaggle.com/page88,kaggle.com,learning,edge
2026-02-16 20:24:48,https://instagram.com/page76,instagram.com,social,edge
2026-02-16 20:25:42,https://x.com/page72,x.com,social,chrome
2026-02-16 20:27:09,https://flipkart.com/page79,flipkart.com,shopping,chrome
2026-02-16 20:28:15,https://coursera.org/page11,coursera.org,learning,edge
2026-02-16 20:28:54,https://instagram.com/page85,instagram.com,social,edge
2026-02-16 20:29:43,https://hotstar.com/page61,hotstar.com,video,chrome
2026-02-16 20:30:04,https://kaggle.com/page74,kaggle.com,learning,edge
2026-02-16 20:30:47,https://primevideo.com/page5,primevideo.com,video,edge
2026-02-16 20:31:46,https://flipkart.com/page1,flipkart.com,shopping,chrome
2026-02-16 20:33:41,https://facebook.com/page13,facebook.com,social,edge
2026-02-16 20:35:01,https://hotstar.com/page66,hotstar.com,video,chrome
2026-02-16 20:35:46,https://youtube.com/page47,youtube.com,video,chrome
2026-02-16 21:18:46,https://netflix.com/page58,netflix.com,video,edge
2026-02-16 21:18:56,https://amazon.com/page52,amazon.com,shopping,chrome
2026-02-16 21:20:08,https://hotstar.com/page99,hotstar.com,video,edge
2026-02-16 21:20:39,https://reddit.com/page10,reddit.com,social,edge
2026-02-16 21:21:53,https://instagram.com/page15,instagram.com,social,edge
2026-02-16 21:22:52,https://kaggle.com/page1,kaggle.com,learning,edge
2026-02-16 21:24:13,https://amazon.com/page75,amazon.com,shopping,edge
2026-02-16 21:24:46,https://medium.com/page93,medium.com,learning,chrome
2026-02-16 21:25:30,https://instagram.com/page14,instagram.com,social,chrome
2026-02-16 21:26:11,https://kaggle.com/page18,kaggle.com,learning,edge
2026-02-16 21:27:07,https://instagram.com/page39,instagram.com,social,chrome
2026-02-16 21:28:02,https://reddit.com/page37,reddit.com,social,edge
2026-02-16 21:29:44,https://x.com/page71,x.com,social,chrome
2026-02-16 21:30:52,https://primevideo.com/page47,primevideo.com,video,chrome
2026-02-16 21:53:52,https://primevideo.com/page88,primevideo.com,video,chrome
2026-02-16 21:54:19,https://x.com/page47,x.com,social,edge
2026-02-16 21:55:37,https://amazon.com/page63,amazon.com,shopping,edge
2026-02-16 21:57:12,https://primevideo.com/page64,primevideo.com,video,chrome
2026-02-16 21:57:30,https://facebook.com/page66,facebook.com,social,edge
2026-02-16 21:58:32,https://medium.com/page11,medium.com,learning,chrome
2026-02-16 21:59:38,https://reddit.com/page36,reddit.com,social,chrome
2026-02-16 22:41:38,https://coursera.org/page73,coursera.org,learning,edge
2026-02-16 22:41:56,https://stackoverflow.com/page5,stackoverflow.com,learning,chrome
2026-02-16 22:42:24,https://wikipedia.org/page8,wikipedia.org,other,edge
2026-02-16 22:43:24,https://github.com/page19,github.com,learning,chrome
2026-02-16 22:44:26,https://netflix.com/page18,netflix.com,video,edge
2026-02-16 22:45:09,https://primevideo.com/page1,primevideo.com,video,edge
2026-02-16 22:45:50,https://stackoverflow.com/page76,stackoverflow.com,learning,edge
2026-02-16 22:46:58,https://x.com/page1,x.com,social,edge
2026-02-16 22:48:31,https://hotstar.com/page39,hotstar.com,video,edge
2026-02-16 22:49:34,https://wikipedia.org/page12,wikipedia.org,other,edge
2026-02-16 22:50:29,https://coursera.org/page7,coursera.org,learning,edge
2026-02-16 22:51:04,https://wikipedia.org/page24,wikipedia.org,other,chrome
2026-02-16 22:51:18,https://x.com/page15,x.com,social,chrome
2026-02-16 22:51:49,https://medium.com/page45,medium.com,learning,edge
2026-02-16 22:52:43,https://facebook.com/page28,facebook.com,social,edge
2026-02-16 22:53:56,https://netflix.com/page42,netflix.com,video,edge
2026-02-16 22:55:00,https://amazon.com/page3,amazon.com,shopping,chrome
2026-02-16 22:55:18,https://x.com/page39,x.com,social,edge
2026-02-16 22:55:57,https://youtube.com/page96,youtube.com,video,chrome
2026-02-16 22:57:35,https://reddit.com/page81,reddit.com,social,chrome
2026-02-16 22:58:43,https://x.com/page100,x.com,social,chrome
2026-02-16 22:59:36,https://stackoverflow.com/page2,stackoverflow.com,learning,edge
2026-02-16 23:00:06,https://facebook.com/page86,facebook.com,social,chrome
2026-02-16 23:00:36,https://facebook.com/page76,facebook.com,social,chrome
2026-02-16 23:01:44,https://reddit.com/page67,reddit.com,social,chrome
2026-02-16 23:03:12,https://kaggle.com/page15,kaggle.com,learning,edge
2026-02-16 23:03:32,https://medium.com/page56,medium.com,learning,edge
2026-02-16 23:05:21,https://medium.com/page1,medium.com,learning,edge
2026-02-16 23:07:00,https://stackoverflow.com/page61,stackoverflow.com,learning,edge
2026-02-16 23:08:22,https://hotstar.com/page76,hotstar.com,video,edge
2026-02-16 23:08:36,https://stackoverflow.com/page42,stackoverflow.com,learning,chrome
2026-02-16 23:10:24,https://netflix.com/page68,netflix.com,video,chrome
2026-02-16 23:11:33,https://github.com/page39,github.com,learning,chrome
2026-02-16 23:13:23,https://flipkart.com/page9,flipkart.com,shopping,chrome
2026-02-16 23:14:05,https://coursera.org/page18,coursera.org,learning,edge
2026-02-16 23:15:34,https://facebook.com/page71,facebook.com,social,chrome
2026-02-16 23:16:33,https://hotstar.com/page17,hotstar.com,video,edge
2026-02-16 23:17:13,https://youtube.com/page58,youtube.com,video,chrome
2026-02-16 23:18:49,https://facebook.com/page87,facebook.com,social,edge
2026-02-16 23:19:17,https://stackoverflow.com/page38,stackoverflow.com,learning,edge
2026-02-16 23:20:40,https://instagram.com/page49,instagram.com,social,chrome
2026-02-16 23:21:27,https://amazon.com/page4,amazon.com,shopping,edge
2026-02-17 00:09:27,https://medium.com/page53,medium.com,learning,chrome
2026-02-17 00:11:12,https://x.com/page75,x.com,social,edge
2026-02-17 00:12:45,https://coursera.org/page46,coursera.org,learning,chrome
2026-02-17 00:14:00,https://stackoverflow.com/page46,stackoverflow.com,learning,edge
2026-02-17 00:15:14,https://hotstar.com/page47,hotstar.com,video,edge
2026-02-17 00:15:56,https://github.com/page20,github.com,learning,edge
2026-02-17 00:17:36,https://reddit.com/page67,reddit.com,social,chrome
2026-02-17 00:18:30,https://stackoverflow.com/page58,stackoverflow.com,learning,chrome
2026-02-17 00:18:57,https://wikipedia.org/page87,wikipedia.org,other,chrome
2026-02-17 00:20:03,https://wikipedia.org/page32,wikipedia.org,other,chrome
2026-02-17 00:20:57,https://netflix.com/page38,netflix.com,video,chrome
2026-02-17 00:22:49,https://netflix.com/page19,netflix.com,video,chrome
2026-02-17 01:17:49,https://github.com/page33,github.com,learning,edge
2026-02-17 01:18:07,https://youtube.com/page47,youtube.com,video,chrome
2026-02-17 01:19:21,https://stackoverflow.com/page99,stackoverflow.com,learning,edge
2026-02-17 01:21:17,https://primevideo.com/page26,primevideo.com,video,chrome
2026-02-17 01:22:00,https://facebook.com/page11,facebook.com,social,edge
2026-02-17 01:23:07,https://github.com/page52,github.com,learning,chrome
2026-02-17 01:23:30,https://youtube.com/page70,youtube.com,video,edge
2026-02-17 01:23:45,https://flipkart.com/page92,flipkart.com,shopping,edge
2026-02-17 01:24:21,https://instagram.com/page53,instagram.com,social,edge
2026-02-17 01:26:03,https://netflix.com/page85,netflix.com,video,chrome
2026-02-17 01:26:17,https://instagram.com/page47,instagram.com,social,chrome
2026-02-17 01:27:31,https://reddit.com/page68,reddit.com,social,chrome
2026-02-17 01:28:14,https://youtube.com/page46,youtube.com,video,chrome
2026-02-17 01:28:25,https://wikipedia.org/page57,wikipedia.org,other,edge
2026-02-17 01:28:57,https://medium.com/page2,medium.com,learning,chrome
2026-02-17 01:29:52,https://instagram.com/page25,instagram.com,social,chrome
2026-02-17 01:31:20,https://facebook.com/page88,facebook.com,social,edge
2026-02-17 01:31:56,https://github.com/page47,github.com,learning,chrome
2026-02-17 01:32:46,https://x.com/page70,x.com,social,chrome
2026-02-17 01:33:04,https://flipkart.com/page92,flipkart.com,shopping,chrome
2026-02-17 01:33:36,https://netflix.com/page78,netflix.com,video,edge
2026-02-17 01:34:41,https://instagram.com/page16,instagram.com,social,edge
2026-02-17 01:35:58,https://github.com/page36,github.com,learning,chrome
2026-02-17 01:36:28,https://x.com/page63,x.com,social,edge
2026-02-17 01:38:02,https://amazon.com/page59,amazon.com,shopping,chrome
2026-02-17 01:39:22,https://flipkart.com/page97,flipkart.com,shopping,edge
2026-02-17 01:41:10,https://netflix.com/page89,netflix.com,video,edge
2026-02-17 01:41:58,https://coursera.org/page91,coursera.org,learning,chrome
2026-02-17 01:43:55,https://medium.com/page67,medium.com,learning,edge
2026-02-17 01:45:50,https://facebook.com/page85,facebook.com,social,chrome
2026-02-17 01:46:13,https://facebook.com/page84,facebook.com,social,chrome
2026-02-17 01:47:13,https://kaggle.com/page83,kaggle.com,learning,edge
2026-02-17 01:48:47,https://facebook.com/page44,facebook.com,social,edge
2026-02-17 01:50:21,https://primevideo.com/page81,primevideo.com,video,chrome
2026-02-17 01:50:38,https://x.com/page88,x.com,social,chrome
2026-02-17 01:52:08,https://primevideo.com/page46,primevideo.com,video,chrome
2026-02-17 01:53:20,https://coursera.org/page86,coursera.org,learning,edge
2026-02-17 01:55:16,https://youtube.com/page65,youtube.com,video,chrome
2026-02-17 01:57:07,https://primevideo.com/page84,primevideo.com,video,chrome
2026-02-17 01:57:52,https://x.com/page19,x.com,social,chrome
2026-02-17 01:59:10,https://x.com/page32,x.com,social,chrome
2026-02-17 02:00:53,https://facebook.com/page1,facebook.com,social,edge
2026-02-17 02:02:12,https://kaggle.com/page66,kaggle.com,learning,edge
2026-02-17 02:03:15,https://stackoverflow.com/page19,stackoverflow.com,learning,edge
2026-02-17 02:03:55,https://netflix.com/page15,netflix.com,video,edge
2026-02-17 02:04:44,https://reddit.com/page98,reddit.com,social,chrome
2026-02-17 02:06:21,https://reddit.com/page22,reddit.com,social,edge
2026-02-17 02:06:40,https://primevideo.com/page36,primevideo.com,video,edge
2026-02-17 02:47:40,https://amazon.com/page21,amazon.com,shopping,edge
2026-02-17 02:49:18,https://stackoverflow.com/page65,stackoverflow.com,learning,chrome
2026-02-17 02:50:42,https://youtube.com/page52,youtube.com,video,chrome
2026-02-17 02:50:57,https://primevideo.com/page98,primevideo.com,video,edge
2026-02-17 02:52:35,https://youtube.com/page83,youtube.com,video,edge
2026-02-17 02:54:16,https://netflix.com/page78,netflix.com,video,chrome
2026-02-17 02:56:08,https://amazon.com/page63,amazon.com,shopping,chrome
2026-02-17 02:56:50,https://kaggle.com/page18,kaggle.com,learning,chrome
2026-02-17 02:57:41,https://wikipedia.org/page90,wikipedia.org,other,chrome
2026-02-17 02:58:41,https://amazon.com/page6,amazon.com,shopping,chrome
2026-02-17 02:58:59,https://youtube.com/page49,youtube.com,video,chrome
2026-02-17 02:59:21,https://medium.com/page86,medium.com,learning,edge
2026-02-17 03:00:44,https://kaggle.com/page14,kaggle.com,learning,edge
2026-02-17 03:01:07,https://instagram.com/page30,instagram.com,social,chrome
2026-02-17 03:02:21,https://primevideo.com/page43,primevideo.com,video,chrome
2026-02-17 03:03:06,https://youtube.com/page95,youtube.com,video,chrome
2026-02-17 03:04:54,https://wikipedia.org/page35,wikipedia.org,other,edge
2026-02-17 03:06:39,https://instagram.com/page60,instagram.com,social,chrome
2026-02-17 03:07:53,https://instagram.com/page22,instagram.com,social,edge
2026-02-17 03:09:04,https://medium.com/page23,medium.com,learning,chrome
2026-02-17 03:09:49,https://youtube.com/page66,youtube.com,video,edge
2026-02-17 03:11:01,https://wikipedia.org/page85,wikipedia.org,other,chrome
2026-02-17 03:11:34,https://kaggle.com/page21,kaggle.com,learning,chrome
2026-02-17 03:13:14,https://netflix.com/page28,netflix.com,video,edge
2026-02-17 03:14:43,https://instagram.com/page94,instagram.com,social,chrome
2026-02-17 03:16:10,https://coursera.org/page79,coursera.org,learning,edge
2026-02-17 03:17:12,https://flipkart.com/page35,flipkart.com,shopping,chrome
2026-02-17 03:17:27,https://reddit.com/page11,reddit.com,social,edge
2026-02-17 03:17:44,https://youtube.com/page39,youtube.com,video,chrome
2026-02-17 03:19:14,https://netflix.com/page66,netflix.com,video,chrome
2026-02-17 03:19:51,https://primevideo.com/page15,primevideo.com,video,chrome
2026-02-17 03:20:08,https://reddit.com/page91,reddit.com,social,edge
2026-02-17 03:21:44,https://coursera.org/page2,coursera.org,learning,edge
2026-02-17 03:22:03,https://facebook.com/page72,facebook.com,social,edge
2026-02-17 03:22:58,https://flipkart.com/page8,flipkart.com,shopping,edge
2026-02-17 03:24:35,https://reddit.com/page90,reddit.com,social,edge
2026-02-17 03:25:25,https://flipkart.com/page32,flipkart.com,shopping,chrome
2026-02-17 03:26:33,https://instagram.com/page16,instagram.com,social,chrome
2026-02-17 03:28:15,https://hotstar.com/page34,hotstar.com,video,edge
2026-02-17 03:30:03,https://medium.com/page80,medium.com,learning,edge
2026-02-17 03:30:46,https://instagram.com/page56,instagram.com,social,edge
2026-02-17 03:31:19,https://youtube.com/page67,youtube.com,video,edge
2026-02-17 03:31:32,https://netflix.com/page58,netflix.com,video,chrome
2026-02-17 03:32:41,https://facebook.com/page8,facebook.com,social,chrome
2026-02-17 04:11:41,https://github.com/page9,github.com,learning,chrome
2026-02-17 04:13:04,https://youtube.com/page47,youtube.com,video,chrome
2026-02-17 04:14:50,https://github.com/page80,github.com,learning,chrome
2026-02-17 04:15:33,https://primevideo.com/page91,primevideo.com,video,chrome
2026-02-17 04:16:05,https://github.com/page32,github.com,learning,edge
2026-02-17 04:17:50,https://wikipedia.org/page8,wikipedia.org,other,edge
2026-02-17 04:19:13,https://instagram.com/page34,instagram.com,social,chrome
2026-02-17 04:21:04,https://netflix.com/page64,netflix.com,video,edge
2026-02-17 04:22:10,https://instagram.com/page99,instagram.com,social,chrome
2026-02-17 04:23:21,https://netflix.com/page90,netflix.com,video,chrome
2026-02-17 04:23:31,https://kaggle.com/page24,kaggle.com,learning,edge
2026-02-17 04:25:18,https://youtube.com/page86,youtube.com,video,edge
2026-02-17 04:27:15,https://kaggle.com/page88,kaggle.com,learning,chrome
2026-02-17 05:21:15,https://x.com/page46,x.com,social,chrome
2026-02-17 05:21:40,https://amazon.com/page9,amazon.com,shopping,chrome
2026-02-17 05:23:09,https://facebook.com/page10,facebook.com,social,edge
2026-02-17 05:23:38,https://youtube.com/page14,youtube.com,video,edge
2026-02-17 05:25:33,https://netflix.com/page51,netflix.com,video,edge
2026-02-17 05:26:21,https://hotstar.com/page2,hotstar.com,video,chrome
2026-02-17 05:27:03,https://youtube.com/page88,youtube.com,video,edge
2026-02-17 05:27:17,https://instagram.com/page15,instagram.com,social,edge
2026-02-17 05:27:54,https://flipkart.com/page18,flipkart.com,shopping,edge
2026-02-17 05:29:51,https://github.com/page29,github.com,learning,edge
2026-02-17 05:30:49,https://x.com/page89,x.com,social,chrome
2026-02-17 05:30:59,https://stackoverflow.com/page30,stackoverflow.com,learning,chrome
2026-02-17 05:31:16,https://amazon.com/page61,amazon.com,shopping,chrome
2026-02-17 05:32:03,https://hotstar.com/page17,hotstar.com,video,chrome
2026-02-17 05:34:00,https://coursera.org/page64,coursera.org,learning,chrome
2026-02-17 05:35:32,https://hotstar.com/page70,hotstar.com,video,chrome
2026-02-17 05:36:35,https://coursera.org/page67,coursera.org,learning,edge
2026-02-17 05:37:48,https://stackoverflow.com/page84,stackoverflow.com,learning,edge
2026-02-17 05:39:30,https://x.com/page83,x.com,social,edge
2026-02-17 05:40:30,https://medium.com/page62,medium.com,learning,chrome
2026-02-17 05:42:16,https://netflix.com/page99,netflix.com,video,chrome
2026-02-17 05:43:50,https://kaggle.com/page75,kaggle.com,learning,chrome
2026-02-17 06:20:50,https://coursera.org/page53,coursera.org,learning,edge
2026-02-17 06:21:18,https://wikipedia.org/page20,wikipedia.org,other,chrome
2026-02-17 06:22:19,https://flipkart.com/page40,flipkart.com,shopping,chrome
2026-02-17 06:23:16,https://flipkart.com/page64,flipkart.com,shopping,chrome
2026-02-17 06:24:50,https://flipkart.com/page61,flipkart.com,shopping,chrome
2026-02-17 06:25:11,https://reddit.com/page37,reddit.com,social,edge
2026-02-17 06:25:55,https://stackoverflow.com/page61,stackoverflow.com,learning,chrome
2026-02-17 06:26:18,https://primevideo.com/page27,primevideo.com,video,edge
2026-02-17 06:28:18,https://kaggle.com/page21,kaggle.com,learning,edge
2026-02-17 06:29:20,https://stackoverflow.com/page57,stackoverflow.com,learning,chrome
2026-02-17 06:31:17,https://x.com/page52,x.com,social,chrome
2026-02-17 06:32:22,https://reddit.com/page69,reddit.com,social,chrome
2026-02-17 06:32:43,https://github.com/page86,github.com,learning,edge
2026-02-17 06:33:07,https://x.com/page62,x.com,social,chrome
2026-02-17 06:34:08,https://stackoverflow.com/page19,stackoverflow.com,learning,edge
2026-02-17 06:34:37,https://github.com/page70,github.com,learning,edge
2026-02-17 06:35:08,https://kaggle.com/page84,kaggle.com,learning,chrome
2026-02-17 06:35:36,https://instagram.com/page95,instagram.com,social,chrome
2026-02-17 06:37:02,https://stackoverflow.com/page24,stackoverflow.com,learning,chrome
2026-02-17 06:38:53,https://flipkart.com/page76,flipkart.com,shopping,edge
2026-02-17 06:39:26,https://wikipedia.org/page7,wikipedia.org,other,edge
2026-02-17 06:41:23,https://instagram.com/page91,instagram.com,social,chrome
2026-02-17 06:42:05,https://wikipedia.org/page88,wikipedia.org,other,edge
2026-02-17 06:43:45,https://facebook.com/page3,facebook.com,social,edge
2026-02-17 06:45:04,https://netflix.com/page27,netflix.com,video,edge
2026-02-17 06:45:33,https://hotstar.com/page99,hotstar.com,video,edge
2026-02-17 06:46:53,https://flipkart.com/page67,flipkart.com,shopping,edge
2026-02-17 06:48:06,https://x.com/page25,x.com,social,edge
2026-02-17 06:50:00,https://facebook.com/page95,facebook.com,social,chrome
2026-02-17 06:50:28,https://netflix.com/page34,netflix.com,video,edge
2026-02-17 06:51:49,https://x.com/page33,x.com,social,chrome
2026-02-17 06:52:36,https://flipkart.com/page25,flipkart.com,shopping,chrome
2026-02-17 06:53:25,https://reddit.com/page88,reddit.com,social,chrome
2026-02-17 06:53:50,https://coursera.org/page92,coursera.org,learning,edge
2026-02-17 07:35:50,https://hotstar.com/page42,hotstar.com,video,edge
2026-02-17 07:36:37,https://stackoverflow.com/page49,stackoverflow.com,learning,edge
2026-02-17 07:38:09,https://reddit.com/page2,reddit.com,social,chrome
2026-02-17 08:15:09,https://kaggle.com/page30,kaggle.com,learning,chrome
2026-02-17 08:16:00,https://medium.com/page48,medium.com,learning,edge
2026-02-17 08:16:48,https://coursera.org/page98,coursera.org,learning,edge
2026-02-17 08:18:05,https://facebook.com/page4,facebook.com,social,edge
2026-02-17 08:20:04,https://wikipedia.org/page32,wikipedia.org,other,chrome
2026-02-17 08:22:02,https://github.com/page19,github.com,learning,edge
2026-02-17 08:23:35,https://instagram.com/page2,instagram.com,social,edge
2026-02-17 08:24:35,https://kaggle.com/page8,kaggle.com,learning,chrome
2026-02-17 08:26:28,https://x.com/page80,x.com,social,edge
2026-02-17 08:27:35,https://stackoverflow.com/page68,stackoverflow.com,learning,edge
2026-02-17 08:28:02,https://flipkart.com/page36,flipkart.com,shopping,edge
2026-02-17 08:28:46,https://x.com/page78,x.com,social,chrome
2026-02-17 08:30:01,https://stackoverflow.com/page48,stackoverflow.com,learning,edge
2026-02-17 08:30:36,https://hotstar.com/page69,hotstar.com,video,chrome
2026-02-17 08:32:33,https://amazon.com/page43,amazon.com,shopping,edge
2026-02-17 08:33:34,https://flipkart.com/page55,flipkart.com,shopping,edge
2026-02-17 08:35:10,https://reddit.com/page65,reddit.com,social,chrome
2026-02-17 08:35:56,https://amazon.com/page43,amazon.com,shopping,chrome
2026-02-17 08:37:01,https://kaggle.com/page40,kaggle.com,learning,edge
2026-02-17 08:37:25,https://github.com/page97,github.com,learning,edge
2026-02-17 08:37:42,https://wikipedia.org/page27,wikipedia.org,other,edge
2026-02-17 08:39:07,https://netflix.com/page25,netflix.com,video,chrome
2026-02-17 08:40:51,https://kaggle.com/page92,kaggle.com,learning,edge
2026-02-17 08:42:12,https://reddit.com/page85,reddit.com,social,chrome
2026-02-17 08:43:22,https://medium.com/page71,medium.com,learning,chrome
2026-02-17 08:44:44,https://kaggle.com/page46,kaggle.com,learning,chrome
2026-02-17 09:25:44,https://coursera.org/page20,coursera.org,learning,edge
2026-02-17 09:25:58,https://wikipedia.org/page34,wikipedia.org,other,edge
2026-02-17 09:26:48,https://coursera.org/page61,coursera.org,learning,chrome
2026-02-17 09:27:55,https://coursera.org/page46,coursera.org,learning,edge
2026-02-17 09:29:16,https://amazon.com/page2,amazon.com,shopping,edge
2026-02-17 09:30:54,https://amazon.com/page52,amazon.com,shopping,chrome
2026-02-17 09:31:09,https://reddit.com/page76,reddit.com,social,edge
2026-02-17 09:32:27,https://medium.com/page35,medium.com,learning,edge
2026-02-17 09:33:28,https://instagram.com/page97,instagram.com,social,chrome
2026-02-17 09:34:41,https://github.com/page90,github.com,learning,edge
2026-02-17 09:36:02,https://flipkart.com/page25,flipkart.com,shopping,chrome
2026-02-17 09:37:08,https://facebook.com/page61,facebook.com,social,edge
2026-02-17 09:38:12,https://x.com/page23,x.com,social,edge
2026-02-17 09:38:26,https://coursera.org/page32,coursera.org,learning,edge
2026-02-17 09:38:48,https://stackoverflow.com/page88,stackoverflow.com,learning,edge
2026-02-17 09:40:39,https://kaggle.com/page80,kaggle.com,learning,chrome
2026-02-17 09:41:59,https://facebook.com/page36,facebook.com,social,edge
2026-02-17 09:43:13,https://medium.com/page65,medium.com,learning,edge
2026-02-17 09:43:33,https://wikipedia.org/page51,wikipedia.org,other,chrome
2026-02-17 09:45:26,https://hotstar.com/page67,hotstar.com,video,chrome
2026-02-17 09:46:37,https://facebook.com/page17,facebook.com,social,edge
2026-02-17 09:47:01,https://stackoverflow.com/page79,stackoverflow.com,learning,chrome
2026-02-17 09:48:43,https://primevideo.com/page53,primevideo.com,video,edge
2026-02-17 09:48:57,https://github.com/page67,github.com,learning,chrome
2026-02-17 09:49:43,https://coursera.org/page76,coursera.org,learning,edge
2026-02-17 09:51:32,https://amazon.com/page97,amazon.com,shopping,chrome
2026-02-17 09:52:13,https://coursera.org/page91,coursera.org,learning,edge
2026-02-17 09:53:08,https://coursera.org/page31,coursera.org,learning,chrome
2026-02-17 09:53:36,https://flipkart.com/page30,flipkart.com,shopping,chrome
2026-02-17 09:53:52,https://primevideo.com/page87,primevideo.com,video,edge
2026-02-17 09:54:44,https://facebook.com/page94,facebook.com,social,edge
2026-02-17 09:56:11,https://flipkart.com/page54,flipkart.com,shopping,chrome
2026-02-17 09:57:47,https://github.com/page5,github.com,learning,edge
2026-02-17 10:57:47,https://facebook.com/page46,facebook.com,social,edge
2026-02-17 10:59:32,https://medium.com/page80,medium.com,learning,edge
2026-02-17 11:00:49,https://wikipedia.org/page69,wikipedia.org,other,chrome
2026-02-17 11:01:51,https://hotstar.com/page86,hotstar.com,video,edge
2026-02-17 11:03:40,https://instagram.com/page73,instagram.com,social,edge
2026-02-17 11:04:14,https://flipkart.com/page47,flipkart.com,shopping,chrome
2026-02-17 11:04:46,https://medium.com/page43,medium.com,learning,edge
2026-02-17 11:06:06,https://reddit.com/page94,reddit.com,social,chrome
2026-02-17 11:27:06,https://medium.com/page98,medium.com,learning,chrome
2026-02-17 11:27:25,https://youtube.com/page88,youtube.com,video,edge
2026-02-17 11:27:46,https://netflix.com/page94,netflix.com,video,chrome
2026-02-17 11:29:07,https://hotstar.com/page95,hotstar.com,video,edge
2026-02-17 11:29:43,https://facebook.com/page69,facebook.com,social,chrome
2026-02-17 11:31:30,https://coursera.org/page45,coursera.org,learning,chrome
2026-02-17 11:32:45,https://hotstar.com/page18,hotstar.com,video,chrome
2026-02-17 11:34:29,https://x.com/page83,x.com,social,chrome
2026-02-17 11:35:31,https://kaggle.com/page50,kaggle.com,learning,chrome
2026-02-17 11:36:59,https://reddit.com/page89,reddit.com,social,edge
2026-02-17 11:38:54,https://amazon.com/page16,amazon.com,shopping,edge
2026-02-17 11:39:20,https://instagram.com/page82,instagram.com,social,edge
2026-02-17 11:41:06,https://flipkart.com/page39,flipkart.com,shopping,edge
2026-02-17 11:41:41,https://coursera.org/page25,coursera.org,learning,chrome
2026-02-17 11:42:04,https://stackoverflow.com/page36,stackoverflow.com,learning,chrome
2026-02-17 12:31:04,https://reddit.com/page27,reddit.com,social,chrome
2026-02-17 12:31:17,https://wikipedia.org/page22,wikipedia.org,other,edge
2026-02-17 12:31:53,https://medium.com/page38,medium.com,learning,chrome
2026-02-17 12:32:29,https://flipkart.com/page72,flipkart.com,shopping,chrome
2026-02-17 12:33:01,https://reddit.com/page71,reddit.com,social,chrome
2026-02-17 13:27:01,https://facebook.com/page94,facebook.com,social,chrome
2026-02-17 13:27:36,https://github.com/page13,github.com,learning,edge
2026-02-17 13:29:27,https://coursera.org/page90,coursera.org,learning,chrome
2026-02-17 13:30:30,https://netflix.com/page97,netflix.com,video,chrome
2026-02-17 13:30:43,https://flipkart.com/page33,flipkart.com,shopping,chrome
2026-02-17 13:31:48,https://reddit.com/page37,reddit.com,social,chrome
2026-02-17 13:33:03,https://flipkart.com/page67,flipkart.com,shopping,chrome
2026-02-17 13:34:40,https://reddit.com/page89,reddit.com,social,edge
2026-02-17 13:35:08,https://reddit.com/page75,reddit.com,social,chrome
2026-02-17 13:36:45,https://primevideo.com/page53,primevideo.com,video,edge
2026-02-17 13:37:12,https://x.com/page41,x.com,social,edge
2026-02-17 13:37:55,https://x.com/page20,x.com,social,chrome
2026-02-17 13:39:40,https://medium.com/page32,medium.com,learning,chrome
2026-02-17 13:40:25,https://stackoverflow.com/page78,stackoverflow.com,learning,chrome
2026-02-17 13:42:16,https://youtube.com/page89,youtube.com,video,chrome
2026-02-17 13:42:45,https://youtube.com/page82,youtube.com,video,chrome
2026-02-17 13:43:24,https://wikipedia.org/page80,wikipedia.org,other,edge
2026-02-17 13:44:31,https://medium.com/page49,medium.com,learning,edge
2026-02-17 13:44:52,https://primevideo.com/page51,primevideo.com,video,edge
2026-02-17 13:46:08,https://youtube.com/page72,youtube.com,video,edge
2026-02-17 13:47:30,https://facebook.com/page88,facebook.com,social,edge
2026-02-17 13:49:16,https://primevideo.com/page55,primevideo.com,video,chrome
2026-02-17 13:51:04,https://stackoverflow.com/page99,stackoverflow.com,learning,edge
2026-02-17 13:52:06,https://kaggle.com/page10,kaggle.com,learning,chrome
2026-02-17 13:53:47,https://wikipedia.org/page83,wikipedia.org,other,chrome
2026-02-17 13:54:53,https://flipkart.com/page47,flipkart.com,shopping,chrome
2026-02-17 13:56:23,https://kaggle.com/page92,kaggle.com,learning,chrome
2026-02-17 13:57:21,https://hotstar.com/page29,hotstar.com,video,chrome
2026-02-17 13:58:27,https://facebook.com/page3,facebook.com,social,edge
2026-02-17 13:58:37,https://primevideo.com/page35,primevideo.com,video,chrome
2026-02-17 13:59:23,https://hotstar.com/page7,hotstar.com,video,edge
2026-02-17 14:00:02,https://flipkart.com/page66,flipkart.com,shopping,edge
2026-02-17 14:01:21,https://x.com/page28,x.com,social,edge
2026-02-17 14:02:50,https://medium.com/page91,medium.com,learning,chrome
2026-02-17 14:04:01,https://facebook.com/page60,facebook.com,social,edge
2026-02-17 14:04:20,https://instagram.com/page65,instagram.com,social,chrome
2026-02-17 14:05:32,https://hotstar.com/page71,hotstar.com,video,chrome
2026-02-17 14:07:29,https://hotstar.com/page28,hotstar.com,video,chrome
2026-02-17 14:08:47,https://stackoverflow.com/page20,stackoverflow.com,learning,edge
2026-02-17 14:09:24,https://primevideo.com/page96,primevideo.com,video,edge
2026-02-17 14:10:27,https://x.com/page45,x.com,social,chrome
2026-02-17 14:11:30,https://coursera.org/page82,coursera.org,learning,chrome
2026-02-17 14:13:04,https://facebook.com/page97,facebook.com,social,edge
2026-02-17 14:13:14,https://medium.com/page12,medium.com,learning,chrome
2026-02-17 14:13:42,https://x.com/page16,x.com,social,edge
2026-02-17 14:15:10,https://youtube.com/page95,youtube.com,video,edge
2026-02-17 14:16:10,https://instagram.com/page84,instagram.com,social,chrome
2026-02-17 14:17:18,https://medium.com/page8,medium.com,learning,chrome
2026-02-17 14:18:36,https://stackoverflow.com/page38,stackoverflow.com,learning,chrome
2026-02-17 14:19:57,https://hotstar.com/page95,hotstar.com,video,edge
2026-02-17 14:21:19,https://x.com/page97,x.com,social,edge
2026-02-17 14:23:12,https://facebook.com/page45,facebook.com,social,edge
2026-02-17 14:24:25,https://amazon.com/page84,amazon.com,shopping,edge
2026-02-17 14:25:52,https://wikipedia.org/page83,wikipedia.org,other,edge
2026-02-17 14:27:32,https://netflix.com/page67,netflix.com,video,chrome
2026-02-17 14:27:49,https://primevideo.com/page22,primevideo.com,video,chrome
2026-02-17 14:29:16,https://flipkart.com/page80,flipkart.com,shopping,chrome
2026-02-17 14:30:32,https://coursera.org/page14,coursera.org,learning,chrome
2026-02-17 15:07:32,https://hotstar.com/page100,hotstar.com,video,chrome
2026-02-17 15:08:55,https://flipkart.com/page11,flipkart.com,shopping,chrome
2026-02-17 15:10:24,https://kaggle.com/page44,kaggle.com,learning,edge
2026-02-17 15:59:24,https://hotstar.com/page20,hotstar.com,video,chrome
2026-02-17 16:00:33,https://kaggle.com/page21,kaggle.com,learning,chrome
2026-02-17 16:01:21,https://stackoverflow.com/page24,stackoverflow.com,learning,chrome
2026-02-17 16:03:16,https://instagram.com/page45,instagram.com,social,chrome
2026-02-17 16:03:49,https://github.com/page18,github.com,learning,chrome
2026-02-17 16:04:40,https://medium.com/page61,medium.com,learning,chrome
2026-02-17 16:06:20,https://coursera.org/page40,coursera.org,learning,edge
2026-02-17 16:07:01,https://medium.com/page9,medium.com,learning,edge
2026-02-17 16:08:00,https://reddit.com/page5,reddit.com,social,chrome
2026-02-17 16:09:17,https://facebook.com/page73,facebook.com,social,edge
2026-02-17 16:09:28,https://amazon.com/page25,amazon.com,shopping,chrome
2026-02-17 16:10:45,https://flipkart.com/page62,flipkart.com,shopping,chrome
2026-02-17 16:34:45,https://reddit.com/page5,reddit.com,social,edge
2026-02-17 16:36:23,https://github.com/page29,github.com,learning,chrome
2026-02-17 16:37:30,https://x.com/page11,x.com,social,chrome
2026-02-17 16:38:08,https://coursera.org/page57,coursera.org,learning,edge
2026-02-17 16:40:01,https://wikipedia.org/page90,wikipedia.org,other,edge
2026-02-17 16:41:26,https://x.com/page35,x.com,social,chrome
2026-02-17 16:42:26,https://medium.com/page8,medium.com,learning,edge
2026-02-17 16:42:53,https://kaggle.com/page55,kaggle.com,learning,edge
2026-02-17 16:43:51,https://coursera.org/page10,coursera.org,learning,chrome
2026-02-17 16:45:01,https://youtube.com/page15,youtube.com,video,chrome
2026-02-17 16:45:12,https://reddit.com/page49,reddit.com,social,chrome
2026-02-17 16:46:10,https://netflix.com/page64,netflix.com,video,chrome
2026-02-17 16:47:55,https://hotstar.com/page38,hotstar.com,video,chrome
2026-02-17 16:49:41,https://netflix.com/page24,netflix.com,video,edge
2026-02-17 16:49:52,https://stackoverflow.com/page49,stackoverflow.com,learning,edge
2026-02-17 16:51:30,https://facebook.com/page67,facebook.com,social,edge
2026-02-17 16:52:34,https://kaggle.com/page37,kaggle.com,learning,chrome
2026-02-17 16:53:27,https://amazon.com/page19,amazon.com,shopping,edge
2026-02-17 16:53:53,https://medium.com/page96,medium.com,learning,chrome
2026-02-17 16:54:25,https://reddit.com/page27,reddit.com,social,edge
2026-02-17 16:55:45,https://reddit.com/page94,reddit.com,social,edge
2026-02-17 16:57:03,https://flipkart.com/page100,flipkart.com,shopping,edge
2026-02-17 16:57:31,https://netflix.com/page44,netflix.com,video,edge
2026-02-17 16:58:33,https://instagram.com/page35,instagram.com,social,chrome
2026-02-17 16:59:01,https://netflix.com/page91,netflix.com,video,edge
2026-02-17 17:00:16,https://reddit.com/page70,reddit.com,social,chrome
2026-02-17 17:00:56,https://reddit.com/page83,reddit.com,social,edge
2026-02-17 17:01:51,https://youtube.com/page22,youtube.com,video,chrome
2026-02-17 17:02:51,https://netflix.com/page68,netflix.com,video,chrome
2026-02-17 17:04:48,https://primevideo.com/page90,primevideo.com,video,chrome
2026-02-17 17:05:38,https://x.com/page44,x.com,social,chrome
2026-02-17 17:07:09,https://reddit.com/page23,reddit.com,social,edge
2026-02-17 17:08:11,https://flipkart.com/page80,flipkart.com,shopping,edge
2026-02-17 17:08:56,https://kaggle.com/page6,kaggle.com,learning,chrome
2026-02-17 17:10:47,https://reddit.com/page2,reddit.com,social,edge
2026-02-17 17:11:17,https://wikipedia.org/page39,wikipedia.org,other,edge
2026-02-17 17:11:49,https://instagram.com/page43,instagram.com,social,edge
2026-02-17 17:13:32,https://kaggle.com/page19,kaggle.com,learning,chrome
2026-02-17 17:14:15,https://youtube.com/page29,youtube.com,video,edge
2026-02-17 17:14:25,https://github.com/page88,github.com,learning,edge
2026-02-17 17:15:06,https://stackoverflow.com/page62,stackoverflow.com,learning,chrome
2026-02-17 17:16:08,https://flipkart.com/page65,flipkart.com,shopping,edge
2026-02-17 17:17:19,https://facebook.com/page55,facebook.com,social,chrome
2026-02-17 17:17:37,https://wikipedia.org/page68,wikipedia.org,other,chrome
2026-02-17 18:15:37,https://github.com/page64,github.com,learning,edge
2026-02-17 18:16:37,https://stackoverflow.com/page48,stackoverflow.com,learning,edge
2026-02-17 18:18:26,https://medium.com/page12,medium.com,learning,chrome
2026-02-17 18:19:39,https://kaggle.com/page49,kaggle.com,learning,edge
2026-02-17 18:21:06,https://coursera.org/page85,coursera.org,learning,edge
2026-02-17 18:22:24,https://coursera.org/page35,coursera.org,learning,edge
2026-02-17 18:23:36,https://instagram.com/page29,instagram.com,social,chrome
2026-02-17 18:24:54,https://hotstar.com/page99,hotstar.com,video,chrome
2026-02-17 18:25:22,https://stackoverflow.com/page19,stackoverflow.com,learning,chrome
2026-02-17 18:26:09,https://kaggle.com/page96,kaggle.com,learning,chrome
2026-02-17 18:27:22,https://stackoverflow.com/page73,stackoverflow.com,learning,chrome
2026-02-17 18:29:05,https://amazon.com/page52,amazon.com,shopping,edge
2026-02-17 18:29:20,https://x.com/page40,x.com,social,edge
2026-02-17 18:29:49,https://flipkart.com/page39,flipkart.com,shopping,chrome
2026-02-17 18:30:55,https://medium.com/page29,medium.com,learning,chrome
2026-02-17 18:31:26,https://kaggle.com/page93,kaggle.com,learning,chrome
2026-02-17 18:31:50,https://medium.com/page80,medium.com,learning,edge
2026-02-17 18:32:35,https://youtube.com/page98,youtube.com,video,edge
2026-02-17 18:33:27,https://coursera.org/page69,coursera.org,learning,chrome
2026-02-17 18:34:40,https://wikipedia.org/page92,wikipedia.org,other,chrome
2026-02-17 18:35:20,https://facebook.com/page58,facebook.com,social,chrome
2026-02-17 18:37:03,https://amazon.com/page58,amazon.com,shopping,edge
2026-02-17 18:37:30,https://stackoverflow.com/page49,stackoverflow.com,learning,edge
2026-02-17 18:38:23,https://primevideo.com/page13,primevideo.com,video,chrome
2026-02-17 18:39:23,https://netflix.com/page63,netflix.com,video,edge
2026-02-17 18:40:20,https://youtube.com/page67,youtube.com,video,edge
2026-02-17 18:41:56,https://youtube.com/page10,youtube.com,video,edge
2026-02-17 18:43:25,https://x.com/page81,x.com,social,chrome
2026-02-17 18:45:07,https://medium.com/page81,medium.com,learning,edge
2026-02-17 18:45:54,https://primevideo.com/page66,primevideo.com,video,edge
2026-02-17 18:47:25,https://flipkart.com/page32,flipkart.com,shopping,chrome
2026-02-17 18:47:40,https://netflix.com/page88,netflix.com,video,edge
2026-02-17 18:48:01,https://stackoverflow.com/page47,stackoverflow.com,learning,edge
2026-02-17 18:49:46,https://youtube.com/page8,youtube.com,video,edge
2026-02-17 18:50:37,https://amazon.com/page78,amazon.com,shopping,chrome
2026-02-17 19:19:37,https://facebook.com/page59,facebook.com,social,chrome
2026-02-17 19:20:20,https://stackoverflow.com/page22,stackoverflow.com,learning,edge
2026-02-17 19:21:14,https://medium.com/page59,medium.com,learning,chrome
2026-02-17 19:22:06,https://reddit.com/page35,reddit.com,social,chrome
2026-02-17 19:22:56,https://reddit.com/page72,reddit.com,social,chrome
2026-02-17 19:24:36,https://stackoverflow.com/page5,stackoverflow.com,learning,edge
2026-02-17 19:24:48,https://x.com/page54,x.com,social,chrome
2026-02-17 19:26:21,https://flipkart.com/page7,flipkart.com,shopping,chrome
2026-02-17 20:15:21,https://reddit.com/page75,reddit.com,social,edge
2026-02-17 20:16:28,https://netflix.com/page62,netflix.com,video,edge
2026-02-17 20:18:14,https://kaggle.com/page24,kaggle.com,learning,edge
2026-02-17 20:19:39,https://youtube.com/page70,youtube.com,video,edge
2026-02-17 20:20:56,https://kaggle.com/page52,kaggle.com,learning,edge
2026-02-17 20:22:54,https://facebook.com/page64,facebook.com,social,chrome
2026-02-17 20:24:24,https://kaggle.com/page48,kaggle.com,learning,chrome
2026-02-17 20:26:05,https://medium.com/page43,medium.com,learning,edge
2026-02-17 20:27:57,https://coursera.org/page86,coursera.org,learning,edge
2026-02-17 20:28:47,https://coursera.org/page90,coursera.org,learning,edge
2026-02-17 20:30:34,https://flipkart.com/page26,flipkart.com,shopping,edge
2026-02-17 20:31:55,https://flipkart.com/page61,flipkart.com,shopping,chrome
2026-02-17 20:33:06,https://reddit.com/page31,reddit.com,social,chrome
2026-02-17 20:33:33,https://netflix.com/page76,netflix.com,video,chrome
2026-02-17 20:35:22,https://facebook.com/page12,facebook.com,social,chrome
2026-02-17 20:36:22,https://medium.com/page55,medium.com,learning,chrome
2026-02-17 20:37:12,https://kaggle.com/page8,kaggle.com,learning,edge
2026-02-17 20:37:36,https://netflix.com/page78,netflix.com,video,edge
2026-02-17 20:38:32,https://hotstar.com/page83,hotstar.com,video,edge
2026-02-17 21:18:32,https://hotstar.com/page2,hotstar.com,video,edge
2026-02-17 21:19:31,https://instagram.com/page11,instagram.com,social,edge
2026-02-17 21:21:08,https://flipkart.com/page22,flipkart.com,shopping,chrome
2026-02-17 21:22:26,https://coursera.org/page43,coursera.org,learning,edge
2026-02-17 21:22:45,https://primevideo.com/page84,primevideo.com,video,edge
2026-02-17 21:22:56,https://flipkart.com/page48,flipkart.com,shopping,edge
2026-02-17 21:24:45,https://netflix.com/page56,netflix.com,video,chrome
2026-02-17 21:26:18,https://facebook.com/page62,facebook.com,social,chrome
2026-02-17 21:27:11,https://flipkart.com/page26,flipkart.com,shopping,chrome
2026-02-17 21:28:32,https://instagram.com/page92,instagram.com,social,chrome
2026-02-17 21:28:57,https://github.com/page81,github.com,learning,chrome
2026-02-17 21:29:38,https://youtube.com/page76,youtube.com,video,edge
2026-02-17 21:30:33,https://facebook.com/page15,facebook.com,social,edge
2026-02-17 22:27:33,https://medium.com/page64,medium.com,learning,chrome
2026-02-17 22:29:26,https://hotstar.com/page32,hotstar.com,video,chrome
2026-02-17 22:29:40,https://github.com/page94,github.com,learning,chrome
2026-02-17 22:30:17,https://netflix.com/page48,netflix.com,video,chrome
2026-02-17 22:31:17,https://instagram.com/page45,instagram.com,social,chrome
2026-02-17 22:31:42,https://primevideo.com/page62,primevideo.com,video,edge
2026-02-17 22:32:21,https://x.com/page96,x.com,social,chrome
2026-02-17 22:32:37,https://kaggle.com/page26,kaggle.com,learning,chrome
2026-02-17 22:33:39,https://youtube.com/page52,youtube.com,video,edge
2026-02-17 22:35:12,https://netflix.com/page41,netflix.com,video,chrome
2026-02-17 22:37:08,https://flipkart.com/page31,flipkart.com,shopping,chrome
2026-02-17 22:38:52,https://hotstar.com/page67,hotstar.com,video,edge
2026-02-17 22:40:38,https://flipkart.com/page9,flipkart.com,shopping,chrome
2026-02-17 22:41:22,https://youtube.com/page65,youtube.com,video,chrome
2026-02-17 23:03:22,https://flipkart.com/page25,flipkart.com,shopping,chrome
2026-02-17 23:04:02,https://youtube.com/page53,youtube.com,video,chrome
2026-02-17 23:05:41,https://primevideo.com/page50,primevideo.com,video,edge
2026-02-17 23:06:41,https://x.com/page35,x.com,social,chrome
2026-02-17 23:07:15,https://x.com/page69,x.com,social,edge
2026-02-17 23:09:12,https://coursera.org/page99,coursera.org,learning,edge
2026-02-17 23:10:56,https://reddit.com/page31,reddit.com,social,chrome
2026-02-17 23:11:06,https://stackoverflow.com/page87,stackoverflow.com,learning,edge
2026-02-17 23:11:38,https://flipkart.com/page75,flipkart.com,shopping,chrome
2026-02-17 23:12:09,https://github.com/page95,github.com,learning,chrome
2026-02-17 23:14:07,https://x.com/page91,x.com,social,edge
2026-02-17 23:14:24,https://netflix.com/page9,netflix.com,video,chrome
2026-02-17 23:15:47,https://reddit.com/page50,reddit.com,social,chrome
2026-02-17 23:16:55,https://facebook.com/page39,facebook.com,social,chrome
2026-02-17 23:18:08,https://facebook.com/page47,facebook.com,social,chrome
2026-02-17 23:55:08,https://x.com/page60,x.com,social,edge
2026-02-17 23:55:55,https://stackoverflow.com/page36,stackoverflow.com,learning,edge
2026-02-17 23:57:36,https://kaggle.com/page3,kaggle.com,learning,chrome
2026-02-17 23:58:00,https://wikipedia.org/page10,wikipedia.org,other,edge
2026-02-18 00:18:00,https://amazon.com/page47,amazon.com,shopping,chrome
2026-02-18 00:19:39,https://kaggle.com/page10,kaggle.com,learning,edge
2026-02-18 00:20:24,https://amazon.com/page98,amazon.com,shopping,edge
2026-02-18 00:22:11,https://medium.com/page93,medium.com,learning,edge
2026-02-18 00:23:22,https://primevideo.com/page32,primevideo.com,video,edge
2026-02-18 00:24:50,https://instagram.com/page20,instagram.com,social,chrome
2026-02-18 00:26:28,https://hotstar.com/page83,hotstar.com,video,chrome
2026-02-18 00:27:23,https://reddit.com/page67,reddit.com,social,chrome
2026-02-18 00:27:38,https://flipkart.com/page46,flipkart.com,shopping,edge
2026-02-18 00:28:55,https://youtube.com/page54,youtube.com,video,edge
2026-02-18 00:30:08,https://youtube.com/page34,youtube.com,video,chrome
2026-02-18 00:30:19,https://flipkart.com/page84,flipkart.com,shopping,chrome
2026-02-18 00:31:17,https://wikipedia.org/page6,wikipedia.org,other,edge
2026-02-18 00:32:03,https://flipkart.com/page6,flipkart.com,shopping,chrome
2026-02-18 00:32:57,https://coursera.org/page98,coursera.org,learning,edge
2026-02-18 00:33:16,https://facebook.com/page34,facebook.com,social,edge
2026-02-18 00:33:58,https://netflix.com/page71,netflix.com,video,edge
2026-02-18 00:35:57,https://github.com/page62,github.com,learning,edge
2026-02-18 00:36:45,https://flipkart.com/page23,flipkart.com,shopping,chrome
2026-02-18 00:38:02,https://instagram.com/page14,instagram.com,social,edge
2026-02-18 01:03:02,https://hotstar.com/page10,hotstar.com,video,chrome
2026-02-18 01:05:00,https://netflix.com/page18,netflix.com,video,edge
2026-02-18 01:06:27,https://github.com/page28,github.com,learning,edge
2026-02-18 01:07:11,https://amazon.com/page95,amazon.com,shopping,chrome
2026-02-18 01:07:24,https://primevideo.com/page51,primevideo.com,video,edge
2026-02-18 01:08:46,https://wikipedia.org/page16,wikipedia.org,other,chrome
2026-02-18 01:10:10,https://hotstar.com/page42,hotstar.com,video,chrome
2026-02-18 01:10:56,https://github.com/page56,github.com,learning,chrome
2026-02-18 01:12:53,https://kaggle.com/page38,kaggle.com,learning,edge
2026-02-18 01:14:45,https://wikipedia.org/page63,wikipedia.org,other,edge
2026-02-18 01:16:25,https://netflix.com/page52,netflix.com,video,chrome
2026-02-18 01:16:56,https://x.com/page1,x.com,social,edge
2026-02-18 01:18:53,https://medium.com/page4,medium.com,learning,edge
2026-02-18 01:19:29,https://hotstar.com/page77,hotstar.com,video,edge
2026-02-18 01:20:50,https://hotstar.com/page49,hotstar.com,video,edge
2026-02-18 01:55:50,https://primevideo.com/page61,primevideo.com,video,edge
2026-02-18 01:57:50,https://flipkart.com/page9,flipkart.com,shopping,chrome
2026-02-18 01:59:49,https://reddit.com/page9,reddit.com,social,chrome
2026-02-18 02:01:14,https://amazon.com/page95,amazon.com,shopping,edge
2026-02-18 02:01:49,https://medium.com/page17,medium.com,learning,chrome
2026-02-18 02:02:49,https://youtube.com/page92,youtube.com,video,edge
2026-02-18 02:04:01,https://reddit.com/page21,reddit.com,social,chrome
2026-02-18 02:05:43,https://wikipedia.org/page94,wikipedia.org,other,chrome
2026-02-18 02:07:42,https://primevideo.com/page41,primevideo.com,video,edge
2026-02-18 02:09:33,https://wikipedia.org/page89,wikipedia.org,other,chrome
2026-02-18 02:31:33,https://youtube.com/page5,youtube.com,video,edge
2026-02-18 02:33:21,https://instagram.com/page80,instagram.com,social,chrome
2026-02-18 02:35:03,https://facebook.com/page14,facebook.com,social,edge
2026-02-18 02:36:15,https://hotstar.com/page16,hotstar.com,video,edge
2026-02-18 02:36:26,https://kaggle.com/page68,kaggle.com,learning,edge
2026-02-18 02:36:55,https://github.com/page28,github.com,learning,chrome
2026-02-18 02:37:52,https://stackoverflow.com/page44,stackoverflow.com,learning,chrome
2026-02-18 02:39:40,https://kaggle.com/page52,kaggle.com,learning,edge
2026-02-18 02:40:05,https://netflix.com/page30,netflix.com,video,chrome
2026-02-18 02:41:04,https://wikipedia.org/page98,wikipedia.org,other,chrome
2026-02-18 02:41:41,https://hotstar.com/page78,hotstar.com,video,chrome
2026-02-18 02:42:32,https://hotstar.com/page84,hotstar.com,video,chrome
2026-02-18 02:44:31,https://reddit.com/page55,reddit.com,social,edge
2026-02-18 03:35:31,https://medium.com/page3,medium.com,learning,edge
2026-02-18 03:37:30,https://wikipedia.org/page48,wikipedia.org,other,chrome
2026-02-18 03:39:28,https://x.com/page76,x.com,social,edge
2026-02-18 03:40:19,https://coursera.org/page95,coursera.org,learning,chrome
2026-02-18 03:42:09,https://medium.com/page71,medium.com,learning,chrome
2026-02-18 03:43:32,https://facebook.com/page9,facebook.com,social,chrome
2026-02-18 03:44:55,https://facebook.com/page98,facebook.com,social,edge
2026-02-18 03:46:20,https://youtube.com/page28,youtube.com,video,chrome
2026-02-18 03:47:09,https://amazon.com/page32,amazon.com,shopping,edge
2026-02-18 03:48:46,https://netflix.com/page67,netflix.com,video,edge
2026-02-18 03:49:42,https://stackoverflow.com/page4,stackoverflow.com,learning,chrome
2026-02-18 03:51:02,https://flipkart.com/page38,flipkart.com,shopping,edge
2026-02-18 03:52:26,https://wikipedia.org/page99,wikipedia.org,other,edge
2026-02-18 03:52:48,https://kaggle.com/page6,kaggle.com,learning,edge
2026-02-18 03:53:49,https://facebook.com/page84,facebook.com,social,chrome
2026-02-18 03:55:37,https://kaggle.com/page51,kaggle.com,learning,edge
2026-02-18 03:55:54,https://instagram.com/page82,instagram.com,social,edge
2026-02-18 03:56:57,https://x.com/page20,x.com,social,chrome
2026-02-18 03:57:33,https://reddit.com/page24,reddit.com,social,edge
2026-02-18 04:28:33,https://medium.com/page100,medium.com,learning,edge
2026-02-18 04:29:27,https://coursera.org/page61,coursera.org,learning,edge
2026-02-18 04:30:56,https://netflix.com/page65,netflix.com,video,edge
2026-02-18 05:09:56,https://x.com/page63,x.com,social,edge
2026-02-18 05:10:58,https://primevideo.com/page70,primevideo.com,video,chrome
2026-02-18 05:12:44,https://coursera.org/page20,coursera.org,learning,edge
2026-02-18 05:13:55,https://facebook.com/page18,facebook.com,social,edge
2026-02-18 05:14:36,https://flipkart.com/page61,flipkart.com,shopping,edge
2026-02-18 05:14:48,https://youtube.com/page81,youtube.com,video,edge
2026-02-18 05:15:57,https://hotstar.com/page56,hotstar.com,video,chrome
2026-02-18 05:17:18,https://stackoverflow.com/page95,stackoverflow.com,learning,edge
2026-02-18 05:17:52,https://flipkart.com/page20,flipkart.com,shopping,edge
2026-02-18 05:19:35,https://wikipedia.org/page48,wikipedia.org,other,chrome
2026-02-18 05:21:16,https://instagram.com/page86,instagram.com,social,chrome
2026-02-18 05:21:36,https://medium.com/page72,medium.com,learning,chrome
2026-02-18 05:22:24,https://facebook.com/page57,facebook.com,social,chrome
2026-02-18 05:23:35,https://coursera.org/page20,coursera.org,learning,edge
2026-02-18 05:24:04,https://wikipedia.org/page60,wikipedia.org,other,edge
2026-02-18 05:25:40,https://primevideo.com/page67,primevideo.com,video,edge
2026-02-18 05:27:22,https://amazon.com/page48,amazon.com,shopping,edge
2026-02-18 05:29:03,https://instagram.com/page6,instagram.com,social,chrome
2026-02-18 05:30:49,https://medium.com/page54,medium.com,learning,chrome
2026-02-18 05:31:48,https://stackoverflow.com/page88,stackoverflow.com,learning,chrome
2026-02-18 05:33:12,https://stackoverflow.com/page75,stackoverflow.com,learning,chrome
2026-02-18 05:33:39,https://kaggle.com/page39,kaggle.com,learning,edge
2026-02-18 05:35:07,https://github.com/page53,github.com,learning,edge
2026-02-18 05:36:28,https://coursera.org/page70,coursera.org,learning,chrome
2026-02-18 05:37:12,https://netflix.com/page22,netflix.com,video,chrome
2026-02-18 05:38:58,https://kaggle.com/page40,kaggle.com,learning,edge
2026-02-18 05:39:38,https://facebook.com/page80,facebook.com,social,chrome
2026-02-18 05:40:19,https://x.com/page14,x.com,social,chrome
2026-02-18 05:41:30,https://stackoverflow.com/page45,stackoverflow.com,learning,edge
2026-02-18 05:43:10,https://facebook.com/page76,facebook.com,social,edge
2026-02-18 05:44:18,https://youtube.com/page73,youtube.com,video,edge
2026-02-18 05:45:15,https://instagram.com/page74,instagram.com,social,chrome
2026-02-18 05:46:13,https://amazon.com/page96,amazon.com,shopping,edge
2026-02-18 05:46:42,https://medium.com/page58,medium.com,learning,chrome
2026-02-18 05:47:01,https://facebook.com/page95,facebook.com,social,edge
2026-02-18 05:47:45,https://stackoverflow.com/page80,stackoverflow.com,learning,edge
2026-02-18 05:49:03,https://stackoverflow.com/page18,stackoverflow.com,learning,chrome
2026-02-18 05:50:09,https://hotstar.com/page64,hotstar.com,video,edge
2026-02-18 05:50:19,https://github.com/page2,github.com,learning,edge
2026-02-18 05:52:01,https://amazon.com/page77,amazon.com,shopping,chrome
2026-02-18 05:54:00,https://instagram.com/page32,instagram.com,social,chrome
2026-02-18 05:55:30,https://github.com/page56,github.com,learning,edge
2026-02-18 05:57:18,https://primevideo.com/page74,primevideo.com,video,edge
2026-02-18 05:57:48,https://medium.com/page97,medium.com,learning,edge
2026-02-18 05:58:47,https://primevideo.com/page22,primevideo.com,video,chrome
2026-02-18 06:00:22,https://github.com/page25,github.com,learning,edge
2026-02-18 06:00:41,https://hotstar.com/page42,hotstar.com,video,edge
2026-02-18 06:01:38,https://reddit.com/page66,reddit.com,social,chrome
2026-02-18 06:02:13,https://stackoverflow.com/page53,stackoverflow.com,learning,chrome
2026-02-18 06:03:55,https://github.com/page30,github.com,learning,edge
2026-02-18 06:04:27,https://github.com/page95,github.com,learning,chrome
2026-02-18 06:24:27,https://coursera.org/page31,coursera.org,learning,chrome
2026-02-18 06:25:56,https://github.com/page82,github.com,learning,edge
2026-02-18 06:26:58,https://amazon.com/page27,amazon.com,shopping,chrome
2026-02-18 06:28:17,https://medium.com/page33,medium.com,learning,chrome
2026-02-18 06:28:27,https://netflix.com/page50,netflix.com,video,chrome
2026-02-18 06:29:10,https://medium.com/page86,medium.com,learning,edge
2026-02-18 06:30:57,https://wikipedia.org/page65,wikipedia.org,other,chrome
2026-02-18 06:32:44,https://medium.com/page5,medium.com,learning,chrome
2026-02-18 06:32:59,https://amazon.com/page40,amazon.com,shopping,chrome
2026-02-18 06:33:40,https://stackoverflow.com/page4,stackoverflow.com,learning,chrome
2026-02-18 06:34:48,https://kaggle.com/page69,kaggle.com,learning,edge
2026-02-18 06:35:02,https://github.com/page21,github.com,learning,chrome
2026-02-18 06:35:46,https://netflix.com/page29,netflix.com,video,edge
2026-02-18 06:37:18,https://wikipedia.org/page16,wikipedia.org,other,edge
2026-02-18 06:39:15,https://reddit.com/page15,reddit.com,social,edge
2026-02-18 06:39:27,https://wikipedia.org/page64,wikipedia.org,other,chrome
2026-02-18 06:41:19,https://stackoverflow.com/page28,stackoverflow.com,learning,edge
2026-02-18 06:43:11,https://amazon.com/page91,amazon.com,shopping,edge
2026-02-18 06:43:57,https://netflix.com/page78,netflix.com,video,edge
2026-02-18 06:44:37,https://flipkart.com/page27,flipkart.com,shopping,edge
2026-02-18 06:46:03,https://x.com/page36,x.com,social,chrome
2026-02-18 07:12:03,https://primevideo.com/page29,primevideo.com,video,edge
2026-02-18 07:12:23,https://wikipedia.org/page84,wikipedia.org,other,chrome
2026-02-18 07:14:09,https://coursera.org/page66,coursera.org,learning,chrome
2026-02-18 07:14:56,https://reddit.com/page30,reddit.com,social,edge
2026-02-18 07:15:48,https://x.com/page84,x.com,social,chrome
2026-02-18 07:16:53,https://youtube.com/page12,youtube.com,video,edge
2026-02-18 07:17:34,https://instagram.com/page87,instagram.com,social,chrome
2026-02-18 07:18:11,https://reddit.com/page45,reddit.com,social,edge
2026-02-18 07:19:34,https://youtube.com/page82,youtube.com,video,edge
2026-02-18 07:43:34,https://facebook.com/page42,facebook.com,social,edge
2026-02-18 07:45:05,https://github.com/page16,github.com,learning,chrome
2026-02-18 07:45:51,https://x.com/page92,x.com,social,edge
2026-02-18 07:46:08,https://facebook.com/page9,facebook.com,social,edge
2026-02-18 07:47:48,https://youtube.com/page32,youtube.com,video,chrome
2026-02-18 07:48:35,https://medium.com/page34,medium.com,learning,chrome
2026-02-18 07:49:01,https://facebook.com/page64,facebook.com,social,edge
2026-02-18 07:50:15,https://hotstar.com/page52,hotstar.com,video,edge
2026-02-18 07:51:13,https://reddit.com/page72,reddit.com,social,chrome
2026-02-18 07:52:19,https://x.com/page18,x.com,social,edge
2026-02-18 07:54:01,https://wikipedia.org/page84,wikipedia.org,other,edge
2026-02-18 07:54:28,https://facebook.com/page17,facebook.com,social,chrome
2026-02-18 07:55:33,https://amazon.com/page63,amazon.com,shopping,chrome
2026-02-18 07:56:10,https://facebook.com/page11,facebook.com,social,chrome
2026-02-18 07:57:19,https://wikipedia.org/page8,wikipedia.org,other,edge
2026-02-18 07:57:43,https://kaggle.com/page45,kaggle.com,learning,chrome
2026-02-18 07:58:32,https://stackoverflow.com/page21,stackoverflow.com,learning,chrome
2026-02-18 07:59:34,https://amazon.com/page62,amazon.com,shopping,edge
2026-02-18 08:00:25,https://coursera.org/page95,coursera.org,learning,edge
2026-02-18 08:02:01,https://facebook.com/page49,facebook.com,social,chrome
2026-02-18 08:03:47,https://youtube.com/page95,youtube.com,video,chrome
2026-02-18 08:04:18,https://kaggle.com/page37,kaggle.com,learning,chrome
2026-02-18 08:05:59,https://x.com/page15,x.com,social,edge
2026-02-18 08:06:49,https://hotstar.com/page26,hotstar.com,video,chrome
2026-02-18 08:07:36,https://instagram.com/page11,instagram.com,social,edge
2026-02-18 08:08:34,https://wikipedia.org/page36,wikipedia.org,other,chrome
2026-02-18 08:57:34,https://youtube.com/page77,youtube.com,video,chrome
2026-02-18 08:59:27,https://primevideo.com/page58,primevideo.com,video,edge
2026-02-18 08:59:57,https://primevideo.com/page94,primevideo.com,video,chrome
2026-02-18 09:01:10,https://coursera.org/page81,coursera.org,learning,edge
2026-02-18 09:02:34,https://medium.com/page97,medium.com,learning,chrome
2026-02-18 09:03:04,https://reddit.com/page3,reddit.com,social,chrome
2026-02-18 09:04:57,https://flipkart.com/page77,flipkart.com,shopping,edge
2026-02-18 09:05:38,https://hotstar.com/page7,hotstar.com,video,chrome
2026-02-18 09:07:10,https://coursera.org/page69,coursera.org,learning,chrome
2026-02-18 09:08:34,https://kaggle.com/page98,kaggle.com,learning,chrome
2026-02-18 09:10:24,https://medium.com/page8,medium.com,learning,edge
2026-02-18 09:10:52,https://flipkart.com/page94,flipkart.com,shopping,edge
2026-02-18 09:11:18,https://youtube.com/page52,youtube.com,video,chrome
2026-02-18 09:11:52,https://flipkart.com/page29,flipkart.com,shopping,edge
2026-02-18 09:12:28,https://medium.com/page41,medium.com,learning,chrome
2026-02-18 09:13:24,https://youtube.com/page90,youtube.com,video,edge
2026-02-18 09:14:39,https://netflix.com/page56,netflix.com,video,chrome
2026-02-18 09:16:25,https://hotstar.com/page90,hotstar.com,video,chrome
2026-02-18 09:17:13,https://medium.com/page64,medium.com,learning,edge
2026-02-18 09:18:25,https://x.com/page28,x.com,social,chrome
2026-02-18 09:18:42,https://netflix.com/page7,netflix.com,video,chrome
2026-02-18 09:19:36,https://reddit.com/page22,reddit.com,social,edge
2026-02-18 09:20:33,https://hotstar.com/page79,hotstar.com,video,chrome
2026-02-18 09:21:39,https://youtube.com/page5,youtube.com,video,edge
2026-02-18 09:22:18,https://hotstar.com/page49,hotstar.com,video,edge
2026-02-18 09:22:46,https://hotstar.com/page83,hotstar.com,video,edge
2026-02-18 09:23:49,https://youtube.com/page24,youtube.com,video,chrome
2026-02-18 09:24:05,https://medium.com/page9,medium.com,learning,chrome
2026-02-18 09:24:53,https://x.com/page94,x.com,social,chrome
2026-02-18 09:26:50,https://flipkart.com/page56,flipkart.com,shopping,edge
2026-02-18 09:28:33,https://stackoverflow.com/page51,stackoverflow.com,learning,edge
2026-02-18 09:28:59,https://medium.com/page17,medium.com,learning,edge
2026-02-18 09:29:25,https://amazon.com/page16,amazon.com,shopping,edge
2026-02-18 10:29:25,https://coursera.org/page77,coursera.org,learning,chrome
2026-02-18 10:30:51,https://github.com/page27,github.com,learning,edge
2026-02-18 10:32:30,https://wikipedia.org/page9,wikipedia.org,other,edge
2026-02-18 10:32:42,https://wikipedia.org/page52,wikipedia.org,other,edge
2026-02-18 10:33:57,https://kaggle.com/page19,kaggle.com,learning,edge
2026-02-18 10:34:20,https://netflix.com/page78,netflix.com,video,edge
2026-02-18 10:34:58,https://primevideo.com/page16,primevideo.com,video,chrome
2026-02-18 10:36:51,https://primevideo.com/page28,primevideo.com,video,edge
2026-02-18 10:37:43,https://youtube.com/page2,youtube.com,video,edge
2026-02-18 10:39:22,https://flipkart.com/page45,flipkart.com,shopping,edge
2026-02-18 11:00:22,https://stackoverflow.com/page82,stackoverflow.com,learning,chrome
2026-02-18 11:01:38,https://reddit.com/page32,reddit.com,social,edge
2026-02-18 11:03:38,https://stackoverflow.com/page100,stackoverflow.com,learning,edge
2026-02-18 11:03:51,https://primevideo.com/page53,primevideo.com,video,edge
2026-02-18 11:04:14,https://flipkart.com/page71,flipkart.com,shopping,edge
2026-02-18 11:05:07,https://coursera.org/page6,coursera.org,learning,chrome
2026-02-18 11:07:02,https://stackoverflow.com/page63,stackoverflow.com,learning,chrome
2026-02-18 11:08:57,https://wikipedia.org/page21,wikipedia.org,other,edge
2026-02-18 11:09:26,https://stackoverflow.com/page23,stackoverflow.com,learning,chrome
2026-02-18 11:10:42,https://kaggle.com/page4,kaggle.com,learning,edge
2026-02-18 11:12:11,https://amazon.com/page81,amazon.com,shopping,chrome
2026-02-18 11:14:01,https://coursera.org/page9,coursera.org,learning,edge
2026-02-18 11:14:23,https://netflix.com/page18,netflix.com,video,edge
2026-02-18 11:15:10,https://x.com/page60,x.com,social,edge
2026-02-18 11:16:14,https://flipkart.com/page93,flipkart.com,shopping,edge
2026-02-18 11:17:47,https://netflix.com/page26,netflix.com,video,edge
2026-02-18 11:18:23,https://github.com/page43,github.com,learning,edge
2026-02-18 11:20:16,https://medium.com/page93,medium.com,learning,chrome
2026-02-18 11:21:18,https://github.com/page41,github.com,learning,edge
2026-02-18 11:22:55,https://instagram.com/page94,instagram.com,social,edge
2026-02-18 11:23:41,https://coursera.org/page11,coursera.org,learning,chrome
2026-02-18 11:24:24,https://reddit.com/page34,reddit.com,social,chrome
2026-02-18 11:25:32,https://stackoverflow.com/page88,stackoverflow.com,learning,edge
2026-02-18 11:27:01,https://github.com/page66,github.com,learning,chrome
2026-02-18 11:27:46,https://primevideo.com/page15,primevideo.com,video,edge
2026-02-18 11:28:50,https://amazon.com/page88,amazon.com,shopping,chrome
2026-02-18 11:30:20,https://primevideo.com/page44,primevideo.com,video,chrome
2026-02-18 11:31:09,https://wikipedia.org/page84,wikipedia.org,other,chrome
2026-02-18 11:32:37,https://instagram.com/page24,instagram.com,social,edge
2026-02-18 11:34:13,https://primevideo.com/page46,primevideo.com,video,chrome
2026-02-18 11:34:34,https://primevideo.com/page100,primevideo.com,video,chrome
2026-02-18 11:36:12,https://coursera.org/page27,coursera.org,learning,edge
2026-02-18 11:37:00,https://flipkart.com/page95,flipkart.com,shopping,chrome
2026-02-18 11:37:43,https://kaggle.com/page77,kaggle.com,learning,chrome
2026-02-18 11:38:01,https://stackoverflow.com/page98,stackoverflow.com,learning,edge
2026-02-18 11:38:46,https://reddit.com/page97,reddit.com,social,chrome
2026-02-18 11:40:24,https://kaggle.com/page47,kaggle.com,learning,edge
2026-02-18 11:41:45,https://wikipedia.org/page67,wikipedia.org,other,edge
2026-02-18 11:43:36,https://youtube.com/page64,youtube.com,video,edge
2026-02-18 11:44:04,https://github.com/page88,github.com,learning,edge
2026-02-18 11:45:57,https://facebook.com/page43,facebook.com,social,edge
2026-02-18 11:46:11,https://x.com/page19,x.com,social,chrome
2026-02-18 11:46:50,https://primevideo.com/page52,primevideo.com,video,edge
2026-02-18 11:48:43,https://kaggle.com/page62,kaggle.com,learning,edge
2026-02-18 11:50:04,https://coursera.org/page50,coursera.org,learning,edge
2026-02-18 11:50:22,https://amazon.com/page12,amazon.com,shopping,chrome
2026-02-18 11:51:55,https://wikipedia.org/page86,wikipedia.org,other,edge
2026-02-18 11:52:23,https://wikipedia.org/page89,wikipedia.org,other,chrome
2026-02-18 11:53:19,https://medium.com/page53,medium.com,learning,edge
2026-02-18 11:54:12,https://primevideo.com/page92,primevideo.com,video,edge
2026-02-18 11:55:02,https://netflix.com/page86,netflix.com,video,edge
2026-02-18 11:55:49,https://primevideo.com/page11,primevideo.com,video,edge
2026-02-18 11:57:44,https://x.com/page54,x.com,social,chrome
2026-02-18 11:58:42,https://x.com/page81,x.com,social,edge
2026-02-18 12:00:03,https://x.com/page90,x.com,social,edge
2026-02-18 12:01:58,https://wikipedia.org/page100,wikipedia.org,other,edge
2026-02-18 12:02:37,https://flipkart.com/page17,flipkart.com,shopping,edge
2026-02-18 12:03:47,https://flipkart.com/page7,flipkart.com,shopping,chrome
2026-02-18 12:04:58,https://flipkart.com/page24,flipkart.com,shopping,chrome
2026-02-18 12:06:11,https://x.com/page24,x.com,social,edge
2026-02-18 12:07:21,https://instagram.com/page68,instagram.com,social,edge
2026-02-18 12:08:33,https://x.com/page1,x.com,social,chrome
2026-02-18 12:09:52,https://coursera.org/page3,coursera.org,learning,edge
2026-02-18 12:10:20,https://instagram.com/page9,instagram.com,social,chrome
2026-02-18 12:11:16,https://netflix.com/page71,netflix.com,video,chrome
2026-02-18 12:12:46,https://github.com/page7,github.com,learning,chrome
2026-02-18 12:14:43,https://facebook.com/page36,facebook.com,social,chrome
2026-02-18 12:15:08,https://medium.com/page73,medium.com,learning,edge
2026-02-18 12:16:16,https://x.com/page19,x.com,social,edge
2026-02-18 12:17:55,https://primevideo.com/page69,primevideo.com,video,edge
2026-02-18 12:18:15,https://reddit.com/page88,reddit.com,social,chrome
2026-02-18 12:19:06,https://flipkart.com/page100,flipkart.com,shopping,chrome
2026-02-18 12:20:18,https://github.com/page77,github.com,learning,chrome
2026-02-18 12:21:02,https://facebook.com/page39,facebook.com,social,chrome
2026-02-18 12:21:53,https://hotstar.com/page48,hotstar.com,video,chrome
2026-02-18 12:22:30,https://github.com/page62,github.com,learning,edge
2026-02-18 12:23:14,https://stackoverflow.com/page97,stackoverflow.com,learning,chrome
2026-02-18 12:25:14,https://coursera.org/page98,coursera.org,learning,chrome
2026-02-18 12:26:26,https://wikipedia.org/page88,wikipedia.org,other,chrome
2026-02-18 12:56:26,https://reddit.com/page100,reddit.com,social,chrome
2026-02-18 12:58:05,https://x.com/page19,x.com,social,edge
2026-02-18 12:59:55,https://flipkart.com/page56,flipkart.com,shopping,edge
2026-02-18 13:01:53,https://reddit.com/page42,reddit.com,social,chrome
2026-02-18 13:57:53,https://medium.com/page42,medium.com,learning,chrome
2026-02-18 13:58:52,https://instagram.com/page11,instagram.com,social,edge
2026-02-18 14:00:49,https://primevideo.com/page46,primevideo.com,video,edge
2026-02-18 14:01:57,https://reddit.com/page42,reddit.com,social,chrome
2026-02-18 14:02:45,https://github.com/page16,github.com,learning,chrome
2026-02-18 14:03:23,https://medium.com/page45,medium.com,learning,chrome
2026-02-18 14:04:19,https://github.com/page84,github.com,learning,edge
2026-02-18 14:05:13,https://medium.com/page34,medium.com,learning,chrome
2026-02-18 14:07:09,https://youtube.com/page51,youtube.com,video,edge
2026-02-18 14:07:33,https://primevideo.com/page97,primevideo.com,video,edge
2026-02-18 14:09:33,https://instagram.com/page94,instagram.com,social,chrome
2026-02-18 14:10:31,https://github.com/page33,github.com,learning,chrome
2026-02-18 14:12:11,https://x.com/page49,x.com,social,chrome
2026-02-18 14:12:29,https://amazon.com/page47,amazon.com,shopping,edge
2026-02-18 14:14:15,https://github.com/page86,github.com,learning,edge
2026-02-18 14:15:54,https://instagram.com/page94,instagram.com,social,edge
2026-02-18 14:59:54,https://hotstar.com/page29,hotstar.com,video,chrome
2026-02-18 15:01:01,https://amazon.com/page63,amazon.com,shopping,edge
2026-02-18 15:01:13,https://amazon.com/page23,amazon.com,shopping,edge
2026-02-18 15:01:52,https://instagram.com/page35,instagram.com,social,edge
2026-02-18 15:03:37,https://flipkart.com/page63,flipkart.com,shopping,chrome
2026-02-18 15:04:33,https://amazon.com/page43,amazon.com,shopping,edge
2026-02-18 15:05:28,https://stackoverflow.com/page39,stackoverflow.com,learning,edge
2026-02-18 15:06:00,https://stackoverflow.com/page43,stackoverflow.com,learning,edge
2026-02-18 15:06:18,https://facebook.com/page79,facebook.com,social,edge
2026-02-18 15:08:02,https://x.com/page92,x.com,social,edge
2026-02-18 15:08:55,https://hotstar.com/page36,hotstar.com,video,edge
2026-02-18 15:09:42,https://primevideo.com/page41,primevideo.com,video,chrome
2026-02-18 15:10:47,https://kaggle.com/page48,kaggle.com,learning,edge
2026-02-18 15:11:46,https://facebook.com/page35,facebook.com,social,chrome
2026-02-18 15:12:09,https://netflix.com/page37,netflix.com,video,chrome
2026-02-18 15:12:54,https://github.com/page84,github.com,learning,chrome
2026-02-18 15:13:50,https://instagram.com/page90,instagram.com,social,chrome
2026-02-18 15:14:00,https://amazon.com/page71,amazon.com,shopping,edge
2026-02-18 15:15:45,https://kaggle.com/page73,kaggle.com,learning,chrome
2026-02-18 15:17:39,https://flipkart.com/page33,flipkart.com,shopping,edge
2026-02-18 15:18:58,https://flipkart.com/page76,flipkart.com,shopping,chrome
2026-02-18 15:20:10,https://stackoverflow.com/page79,stackoverflow.com,learning,chrome
2026-02-18 15:21:05,https://medium.com/page55,medium.com,learning,chrome
2026-02-18 15:22:25,https://facebook.com/page16,facebook.com,social,edge
2026-02-18 15:24:19,https://medium.com/page21,medium.com,learning,edge
2026-02-18 15:25:57,https://x.com/page78,x.com,social,chrome
2026-02-18 15:27:47,https://facebook.com/page100,facebook.com,social,chrome
2026-02-18 15:28:03,https://medium.com/page12,medium.com,learning,chrome
2026-02-18 15:29:12,https://wikipedia.org/page73,wikipedia.org,other,edge
2026-02-18 15:29:23,https://coursera.org/page24,coursera.org,learning,edge
2026-02-18 15:30:23,https://youtube.com/page52,youtube.com,video,chrome
2026-02-18 15:31:38,https://stackoverflow.com/page32,stackoverflow.com,learning,edge
2026-02-18 15:33:09,https://reddit.com/page18,reddit.com,social,edge
2026-02-18 15:33:55,https://github.com/page99,github.com,learning,edge
2026-02-18 15:53:55,https://hotstar.com/page40,hotstar.com,video,edge
2026-02-18 15:54:59,https://coursera.org/page72,coursera.org,learning,edge
2026-02-18 15:56:36,https://netflix.com/page98,netflix.com,video,edge
2026-02-18 15:57:58,https://facebook.com/page81,facebook.com,social,chrome
2026-02-18 15:59:45,https://facebook.com/page40,facebook.com,social,chrome
2026-02-18 16:01:11,https://stackoverflow.com/page62,stackoverflow.com,learning,edge
2026-02-18 16:02:33,https://x.com/page60,x.com,social,edge
2026-02-18 16:03:39,https://kaggle.com/page45,kaggle.com,learning,edge
2026-02-18 16:04:55,https://primevideo.com/page94,primevideo.com,video,edge
2026-02-18 16:05:39,https://facebook.com/page89,facebook.com,social,chrome
2026-02-18 16:06:15,https://reddit.com/page79,reddit.com,social,chrome
2026-02-18 16:08:01,https://youtube.com/page72,youtube.com,video,edge
2026-02-18 16:08:36,https://github.com/page78,github.com,learning,chrome
2026-02-18 16:08:49,https://facebook.com/page40,facebook.com,social,chrome
2026-02-18 16:10:11,https://stackoverflow.com/page47,stackoverflow.com,learning,edge
2026-02-18 17:10:11,https://stackoverflow.com/page81,stackoverflow.com,learning,edge
2026-02-18 17:10:41,https://instagram.com/page16,instagram.com,social,chrome
2026-02-18 17:12:21,https://instagram.com/page48,instagram.com,social,chrome
2026-02-18 17:13:19,https://github.com/page45,github.com,learning,edge
2026-02-18 17:15:18,https://stackoverflow.com/page20,stackoverflow.com,learning,chrome
2026-02-18 17:17:06,https://coursera.org/page57,coursera.org,learning,chrome
2026-02-18 17:18:47,https://flipkart.com/page81,flipkart.com,shopping,chrome
2026-02-18 17:19:22,https://flipkart.com/page81,flipkart.com,shopping,edge
2026-02-18 17:21:14,https://youtube.com/page65,youtube.com,video,chrome
2026-02-18 17:21:57,https://instagram.com/page4,instagram.com,social,chrome
2026-02-18 17:53:57,https://kaggle.com/page49,kaggle.com,learning,edge
2026-02-18 17:55:38,https://hotstar.com/page88,hotstar.com,video,edge
2026-02-18 18:42:38,https://amazon.com/page67,amazon.com,shopping,chrome
2026-02-18 18:43:37,https://hotstar.com/page82,hotstar.com,video,edge
2026-02-18 18:44:26,https://github.com/page94,github.com,learning,edge
2026-02-18 18:45:12,https://stackoverflow.com/page37,stackoverflow.com,learning,edge
2026-02-18 18:46:24,https://primevideo.com/page79,primevideo.com,video,edge
2026-02-18 18:47:08,https://youtube.com/page51,youtube.com,video,edge
2026-02-18 18:48:00,https://primevideo.com/page27,primevideo.com,video,chrome
2026-02-18 18:48:47,https://stackoverflow.com/page47,stackoverflow.com,learning,edge
2026-02-18 18:50:47,https://coursera.org/page68,coursera.org,learning,edge
2026-02-18 18:51:24,https://x.com/page76,x.com,social,chrome
2026-02-18 18:53:13,https://wikipedia.org/page57,wikipedia.org,other,edge
2026-02-18 18:53:26,https://youtube.com/page71,youtube.com,video,chrome
2026-02-18 19:17:26,https://reddit.com/page10,reddit.com,social,edge
2026-02-18 19:18:58,https://instagram.com/page84,instagram.com,social,edge
2026-02-18 19:19:53,https://x.com/page97,x.com,social,chrome
2026-02-18 19:20:20,https://facebook.com/page11,facebook.com,social,edge
2026-02-18 19:21:23,https://reddit.com/page29,reddit.com,social,edge
2026-02-18 20:08:23,https://x.com/page14,x.com,social,edge
2026-02-18 20:09:29,https://wikipedia.org/page80,wikipedia.org,other,chrome
2026-02-18 20:10:39,https://github.com/page61,github.com,learning,chrome
2026-02-18 20:12:03,https://reddit.com/page44,reddit.com,social,chrome
2026-02-18 20:12:36,https://primevideo.com/page41,primevideo.com,video,edge
2026-02-18 20:13:47,https://amazon.com/page65,amazon.com,shopping,chrome
2026-02-18 20:13:57,https://hotstar.com/page71,hotstar.com,video,edge
2026-02-18 20:14:11,https://netflix.com/page27,netflix.com,video,edge
2026-02-18 20:16:06,https://reddit.com/page94,reddit.com,social,chrome
2026-02-18 20:17:25,https://reddit.com/page17,reddit.com,social,edge
2026-02-18 20:18:30,https://primevideo.com/page33,primevideo.com,video,edge
2026-02-18 20:20:04,https://youtube.com/page77,youtube.com,video,chrome
2026-02-18 20:21:10,https://facebook.com/page44,facebook.com,social,chrome
2026-02-18 20:21:42,https://wikipedia.org/page68,wikipedia.org,other,edge
2026-02-18 20:22:03,https://netflix.com/page36,netflix.com,video,chrome
2026-02-18 20:23:46,https://stackoverflow.com/page63,stackoverflow.com,learning,chrome
2026-02-18 20:24:17,https://hotstar.com/page68,hotstar.com,video,edge
2026-02-18 20:25:46,https://youtube.com/page73,youtube.com,video,chrome
2026-02-18 20:26:04,https://flipkart.com/page14,flipkart.com,shopping,edge
2026-02-18 20:27:59,https://reddit.com/page66,reddit.com,social,chrome
2026-02-18 20:28:48,https://facebook.com/page46,facebook.com,social,chrome
2026-02-18 20:29:07,https://stackoverflow.com/page82,stackoverflow.com,learning,chrome
2026-02-18 20:30:11,https://facebook.com/page56,facebook.com,social,edge
2026-02-18 20:31:03,https://youtube.com/page77,youtube.com,video,chrome
2026-02-18 20:31:20,https://flipkart.com/page62,flipkart.com,shopping,edge
2026-02-18 20:33:11,https://wikipedia.org/page5,wikipedia.org,other,chrome
2026-02-18 20:34:21,https://youtube.com/page63,youtube.com,video,chrome
2026-02-18 20:35:19,https://coursera.org/page42,coursera.org,learning,edge
2026-02-18 20:36:36,https://stackoverflow.com/page19,stackoverflow.com,learning,chrome
2026-02-18 20:37:12,https://primevideo.com/page17,primevideo.com,video,edge
2026-02-18 20:38:10,https://flipkart.com/page20,flipkart.com,shopping,edge
2026-02-18 20:39:16,https://reddit.com/page68,reddit.com,social,edge
2026-02-18 20:40:12,https://facebook.com/page32,facebook.com,social,edge
2026-02-18 20:40:53,https://facebook.com/page44,facebook.com,social,edge
2026-02-18 20:41:05,https://netflix.com/page58,netflix.com,video,edge
2026-02-18 20:42:53,https://instagram.com/page29,instagram.com,social,chrome
2026-02-18 20:44:15,https://wikipedia.org/page87,wikipedia.org,other,edge
2026-02-18 20:46:10,https://reddit.com/page94,reddit.com,social,chrome
2026-02-18 20:46:22,https://kaggle.com/page17,kaggle.com,learning,chrome
2026-02-18 20:47:35,https://youtube.com/page31,youtube.com,video,edge
2026-02-18 20:48:26,https://reddit.com/page8,reddit.com,social,chrome
2026-02-18 20:50:21,https://flipkart.com/page46,flipkart.com,shopping,edge
2026-02-18 20:50:59,https://reddit.com/page14,reddit.com,social,edge
2026-02-18 20:52:41,https://wikipedia.org/page93,wikipedia.org,other,edge
2026-02-18 20:54:06,https://wikipedia.org/page21,wikipedia.org,other,edge
2026-02-18 20:54:35,https://instagram.com/page29,instagram.com,social,chrome
2026-02-18 20:56:29,https://amazon.com/page16,amazon.com,shopping,chrome
2026-02-18 20:57:54,https://x.com/page69,x.com,social,edge
2026-02-18 21:57:54,https://hotstar.com/page31,hotstar.com,video,chrome
2026-02-18 21:59:27,https://netflix.com/page57,netflix.com,video,edge
2026-02-18 22:01:26,https://stackoverflow.com/page61,stackoverflow.com,learning,chrome
2026-02-18 22:03:01,https://hotstar.com/page63,hotstar.com,video,edge
2026-02-18 22:03:55,https://github.com/page58,github.com,learning,chrome
2026-02-18 22:05:01,https://facebook.com/page72,facebook.com,social,chrome
2026-02-18 22:05:35,https://hotstar.com/page78,hotstar.com,video,edge
2026-02-18 22:07:35,https://stackoverflow.com/page77,stackoverflow.com,learning,edge
2026-02-18 22:08:34,https://reddit.com/page82,reddit.com,social,edge
2026-02-18 22:10:20,https://github.com/page40,github.com,learning,chrome
2026-02-18 22:11:34,https://netflix.com/page54,netflix.com,video,edge
2026-02-18 22:12:56,https://instagram.com/page89,instagram.com,social,edge
2026-02-18 22:14:18,https://kaggle.com/page15,kaggle.com,learning,edge
2026-02-18 22:15:18,https://amazon.com/page6,amazon.com,shopping,chrome
2026-02-18 22:16:51,https://facebook.com/page59,facebook.com,social,chrome
2026-02-18 23:16:51,https://netflix.com/page100,netflix.com,video,chrome
2026-02-18 23:18:25,https://stackoverflow.com/page74,stackoverflow.com,learning,edge
2026-02-18 23:19:58,https://wikipedia.org/page97,wikipedia.org,other,edge
2026-02-18 23:21:17,https://kaggle.com/page50,kaggle.com,learning,edge
2026-02-18 23:21:53,https://medium.com/page76,medium.com,learning,edge
2026-02-18 23:23:02,https://github.com/page89,github.com,learning,chrome
2026-02-18 23:23:46,https://coursera.org/page39,coursera.org,learning,edge
2026-02-18 23:24:59,https://x.com/page38,x.com,social,chrome
2026-02-18 23:25:40,https://amazon.com/page46,amazon.com,shopping,edge
2026-02-18 23:26:41,https://coursera.org/page85,coursera.org,learning,chrome
2026-02-18 23:27:27,https://kaggle.com/page1,kaggle.com,learning,edge
2026-02-18 23:27:53,https://wikipedia.org/page6,wikipedia.org,other,chrome
2026-02-18 23:29:14,https://hotstar.com/page60,hotstar.com,video,chrome
2026-02-18 23:30:43,https://netflix.com/page97,netflix.com,video,edge
2026-02-18 23:31:26,https://medium.com/page15,medium.com,learning,edge
2026-02-18 23:33:23,https://github.com/page59,github.com,learning,edge
2026-02-18 23:34:15,https://github.com/page7,github.com,learning,chrome
2026-02-18 23:35:35,https://wikipedia.org/page61,wikipedia.org,other,edge
2026-02-18 23:36:48,https://instagram.com/page98,instagram.com,social,chrome
2026-02-18 23:37:00,https://instagram.com/page45,instagram.com,social,chrome
2026-02-18 23:38:20,https://medium.com/page9,medium.com,learning,chrome
2026-02-18 23:39:42,https://netflix.com/page68,netflix.com,video,chrome
2026-02-18 23:40:42,https://primevideo.com/page30,primevideo.com,video,chrome
2026-02-18 23:41:24,https://hotstar.com/page51,hotstar.com,video,edge
2026-02-18 23:42:13,https://wikipedia.org/page37,wikipedia.org,other,chrome
2026-02-18 23:42:28,https://netflix.com/page34,netflix.com,video,edge
2026-02-18 23:43:29,https://wikipedia.org/page67,wikipedia.org,other,chrome
2026-02-18 23:43:49,https://youtube.com/page29,youtube.com,video,edge
2026-02-18 23:45:13,https://primevideo.com/page31,primevideo.com,video,edge
2026-02-18 23:46:25,https://github.com/page36,github.com,learning,edge
2026-02-18 23:48:07,https://coursera.org/page48,coursera.org,learning,edge
2026-02-18 23:49:33,https://hotstar.com/page25,hotstar.com,video,edge
2026-02-18 23:50:27,https://hotstar.com/page52,hotstar.com,video,edge
2026-02-18 23:52:12,https://coursera.org/page61,coursera.org,learning,edge
2026-02-18 23:52:30,https://reddit.com/page38,reddit.com,social,chrome
2026-02-18 23:53:37,https://reddit.com/page79,reddit.com,social,chrome
2026-02-18 23:53:56,https://github.com/page93,github.com,learning,chrome
2026-02-19 00:17:56,https://youtube.com/page58,youtube.com,video,chrome
2026-02-19 00:19:00,https://flipkart.com/page91,flipkart.com,shopping,chrome
2026-02-19 00:20:17,https://youtube.com/page48,youtube.com,video,edge
2026-02-19 00:21:47,https://flipkart.com/page24,flipkart.com,shopping,chrome
2026-02-19 00:23:45,https://amazon.com/page6,amazon.com,shopping,chrome
2026-02-19 00:25:00,https://hotstar.com/page39,hotstar.com,video,edge
2026-02-19 00:25:49,https://kaggle.com/page61,kaggle.com,learning,edge
2026-02-19 00:26:20,https://amazon.com/page84,amazon.com,shopping,chrome
2026-02-19 00:26:40,https://stackoverflow.com/page20,stackoverflow.com,learning,chrome
2026-02-19 00:27:51,https://youtube.com/page26,youtube.com,video,edge
2026-02-19 00:28:25,https://coursera.org/page71,coursera.org,learning,edge
2026-02-19 00:29:57,https://facebook.com/page9,facebook.com,social,edge
2026-02-19 01:28:57,https://facebook.com/page71,facebook.com,social,chrome
2026-02-19 01:29:48,https://kaggle.com/page83,kaggle.com,learning,chrome
2026-02-19 01:29:58,https://coursera.org/page84,coursera.org,learning,chrome
2026-02-19 01:31:39,https://kaggle.com/page75,kaggle.com,learning,chrome
2026-02-19 01:33:22,https://amazon.com/page82,amazon.com,shopping,edge
2026-02-19 01:34:45,https://netflix.com/page3,netflix.com,video,edge
2026-02-19 01:35:00,https://netflix.com/page83,netflix.com,video,edge
2026-02-19 01:36:16,https://hotstar.com/page30,hotstar.com,video,chrome
2026-02-19 01:36:37,https://youtube.com/page18,youtube.com,video,chrome
2026-02-19 01:38:03,https://hotstar.com/page55,hotstar.com,video,chrome
2026-02-19 01:39:22,https://medium.com/page91,medium.com,learning,edge
2026-02-19 01:40:16,https://instagram.com/page56,instagram.com,social,edge
2026-02-19 01:41:28,https://reddit.com/page10,reddit.com,social,chrome
2026-02-19 01:43:07,https://wikipedia.org/page38,wikipedia.org,other,edge
2026-02-19 01:44:31,https://stackoverflow.com/page69,stackoverflow.com,learning,chrome
2026-02-19 01:44:54,https://x.com/page24,x.com,social,chrome
2026-02-19 01:45:06,https://reddit.com/page52,reddit.com,social,chrome
2026-02-19 01:46:01,https://stackoverflow.com/page98,stackoverflow.com,learning,chrome
2026-02-19 01:46:28,https://medium.com/page35,medium.com,learning,edge
2026-02-19 02:08:28,https://reddit.com/page19,reddit.com,social,edge
2026-02-19 02:10:08,https://youtube.com/page15,youtube.com,video,edge
2026-02-19 02:10:32,https://github.com/page74,github.com,learning,edge
2026-02-19 02:12:25,https://hotstar.com/page66,hotstar.com,video,edge
2026-02-19 02:14:02,https://stackoverflow.com/page17,stackoverflow.com,learning,chrome
2026-02-19 02:58:02,https://github.com/page54,github.com,learning,edge
2026-02-19 02:59:01,https://reddit.com/page62,reddit.com,social,edge
2026-02-19 02:59:23,https://youtube.com/page35,youtube.com,video,edge
2026-02-19 03:01:10,https://amazon.com/page4,amazon.com,shopping,edge
2026-02-19 03:44:10,https://flipkart.com/page82,flipkart.com,shopping,chrome
2026-02-19 03:45:12,https://kaggle.com/page47,kaggle.com,learning,chrome
2026-02-19 03:47:05,https://stackoverflow.com/page96,stackoverflow.com,learning,edge
2026-02-19 03:48:49,https://x.com/page48,x.com,social,chrome
2026-02-19 03:50:32,https://wikipedia.org/page11,wikipedia.org,other,chrome
2026-02-19 03:51:20,https://amazon.com/page67,amazon.com,shopping,chrome
2026-02-19 04:39:20,https://x.com/page45,x.com,social,chrome
2026-02-19 04:40:53,https://medium.com/page73,medium.com,learning,chrome
2026-02-19 05:14:53,https://wikipedia.org/page52,wikipedia.org,other,chrome
2026-02-19 05:15:16,https://x.com/page34,x.com,social,chrome
2026-02-19 05:17:13,https://reddit.com/page92,reddit.com,social,chrome
2026-02-19 05:17:23,https://x.com/page97,x.com,social,edge
2026-02-19 05:17:45,https://coursera.org/page39,coursera.org,learning,edge
2026-02-19 05:18:44,https://facebook.com/page35,facebook.com,social,edge
2026-02-19 05:18:56,https://medium.com/page7,medium.com,learning,chrome
2026-02-19 05:19:55,https://wikipedia.org/page80,wikipedia.org,other,chrome
2026-02-19 05:21:37,https://wikipedia.org/page84,wikipedia.org,other,chrome
2026-02-19 05:47:37,https://coursera.org/page6,coursera.org,learning,chrome
2026-02-19 05:48:19,https://coursera.org/page80,coursera.org,learning,edge
2026-02-19 06:09:19,https://reddit.com/page100,reddit.com,social,edge
2026-02-19 06:10:42,https://x.com/page91,x.com,social,edge
2026-02-19 06:12:07,https://reddit.com/page49,reddit.com,social,chrome
2026-02-19 06:12:41,https://x.com/page69,x.com,social,chrome
2026-02-19 06:13:40,https://wikipedia.org/page98,wikipedia.org,other,edge
2026-02-19 06:15:03,https://facebook.com/page83,facebook.com,social,edge
2026-02-19 06:16:53,https://flipkart.com/page33,flipkart.com,shopping,edge
2026-02-19 06:18:38,https://hotstar.com/page54,hotstar.com,video,edge
2026-02-19 06:20:25,https://coursera.org/page38,coursera.org,learning,chrome
2026-02-19 06:20:51,https://facebook.com/page14,facebook.com,social,edge
2026-02-19 06:21:39,https://netflix.com/page10,netflix.com,video,chrome
2026-02-19 06:23:18,https://hotstar.com/page70,hotstar.com,video,chrome
2026-02-19 06:24:06,https://netflix.com/page97,netflix.com,video,chrome
2026-02-19 06:24:58,https://youtube.com/page97,youtube.com,video,edge
2026-02-19 06:26:47,https://x.com/page88,x.com,social,edge
2026-02-19 06:28:09,https://hotstar.com/page24,hotstar.com,video,edge
2026-02-19 06:30:00,https://hotstar.com/page9,hotstar.com,video,chrome
2026-02-19 06:31:08,https://reddit.com/page58,reddit.com,social,chrome
2026-02-19 06:31:45,https://stackoverflow.com/page67,stackoverflow.com,learning,chrome
2026-02-19 06:33:30,https://stackoverflow.com/page86,stackoverflow.com,learning,edge
2026-02-19 06:34:05,https://medium.com/page37,medium.com,learning,edge
2026-02-19 06:35:13,https://hotstar.com/page72,hotstar.com,video,chrome
2026-02-19 06:36:41,https://kaggle.com/page36,kaggle.com,learning,edge
2026-02-19 07:24:41,https://stackoverflow.com/page28,stackoverflow.com,learning,edge
2026-02-19 07:24:59,https://instagram.com/page46,instagram.com,social,edge
2026-02-19 07:25:31,https://facebook.com/page39,facebook.com,social,chrome
2026-02-19 07:26:49,https://x.com/page54,x.com,social,chrome
2026-02-19 07:27:15,https://github.com/page88,github.com,learning,chrome
2026-02-19 07:29:07,https://youtube.com/page64,youtube.com,video,chrome
2026-02-19 07:30:03,https://netflix.com/page82,netflix.com,video,chrome
2026-02-19 07:30:38,https://facebook.com/page43,facebook.com,social,edge
2026-02-19 07:31:28,https://instagram.com/page73,instagram.com,social,edge
2026-02-19 07:31:49,https://github.com/page52,github.com,learning,edge
2026-02-19 07:32:59,https://instagram.com/page99,instagram.com,social,chrome
2026-02-19 07:33:18,https://hotstar.com/page52,hotstar.com,video,edge
2026-02-19 07:33:44,https://stackoverflow.com/page61,stackoverflow.com,learning,chrome
2026-02-19 07:35:44,https://github.com/page46,github.com,learning,edge
2026-02-19 07:36:30,https://coursera.org/page74,coursera.org,learning,chrome
2026-02-19 07:37:31,https://github.com/page22,github.com,learning,edge
2026-02-19 07:38:01,https://facebook.com/page52,facebook.com,social,chrome
2026-02-19 07:39:26,https://wikipedia.org/page1,wikipedia.org,other,chrome
2026-02-19 07:41:04,https://medium.com/page77,medium.com,learning,edge
2026-02-19 07:42:05,https://medium.com/page4,medium.com,learning,chrome
2026-02-19 07:42:44,https://instagram.com/page52,instagram.com,social,chrome
2026-02-19 07:43:37,https://medium.com/page94,medium.com,learning,edge
2026-02-19 07:44:26,https://x.com/page73,x.com,social,chrome
2026-02-19 07:44:51,https://facebook.com/page61,facebook.com,social,edge
2026-02-19 07:46:19,https://flipkart.com/page15,flipkart.com,shopping,edge
2026-02-19 07:47:36,https://hotstar.com/page29,hotstar.com,video,chrome
2026-02-19 07:48:58,https://hotstar.com/page40,hotstar.com,video,edge
2026-02-19 07:50:40,https://github.com/page91,github.com,learning,chrome
2026-02-19 07:51:19,https://facebook.com/page63,facebook.com,social,chrome
2026-02-19 07:52:41,https://primevideo.com/page9,primevideo.com,video,edge
2026-02-19 07:52:52,https://hotstar.com/page84,hotstar.com,video,chrome
2026-02-19 07:54:19,https://x.com/page41,x.com,social,edge
2026-02-19 08:52:19,https://facebook.com/page12,facebook.com,social,chrome
2026-02-19 08:53:41,https://coursera.org/page21,coursera.org,learning,edge
2026-02-19 08:54:04,https://instagram.com/page58,instagram.com,social,chrome
2026-02-19 08:55:56,https://amazon.com/page33,amazon.com,shopping,chrome
2026-02-19 08:56:11,https://netflix.com/page80,netflix.com,video,edge
2026-02-19 08:58:03,https://amazon.com/page18,amazon.com,shopping,edge
2026-02-19 08:58:42,https://coursera.org/page63,coursera.org,learning,chrome
2026-02-19 09:26:42,https://hotstar.com/page37,hotstar.com,video,edge
2026-02-19 09:28:04,https://hotstar.com/page9,hotstar.com,video,edge
2026-02-19 09:29:39,https://netflix.com/page46,netflix.com,video,edge
2026-02-19 09:30:38,https://stackoverflow.com/page19,stackoverflow.com,learning,edge
2026-02-19 09:32:35,https://instagram.com/page18,instagram.com,social,edge
2026-02-19 09:33:15,https://reddit.com/page80,reddit.com,social,edge
2026-02-19 09:34:50,https://instagram.com/page52,instagram.com,social,chrome
2026-02-19 09:36:07,https://github.com/page42,github.com,learning,chrome
2026-02-19 09:36:32,https://coursera.org/page53,coursera.org,learning,chrome
2026-02-19 09:37:20,https://wikipedia.org/page73,wikipedia.org,other,chrome
2026-02-19 09:39:15,https://primevideo.com/page6,primevideo.com,video,edge
2026-02-19 09:40:32,https://x.com/page13,x.com,social,edge
2026-02-19 09:42:11,https://instagram.com/page62,instagram.com,social,edge
2026-02-19 09:42:24,https://primevideo.com/page7,primevideo.com,video,chrome
2026-02-19 09:43:42,https://x.com/page2,x.com,social,edge
2026-02-19 09:43:58,https://netflix.com/page83,netflix.com,video,chrome
2026-02-19 09:45:43,https://medium.com/page2,medium.com,learning,edge
2026-02-19 09:46:39,https://github.com/page100,github.com,learning,chrome
2026-02-19 09:47:17,https://youtube.com/page96,youtube.com,video,edge
2026-02-19 09:47:50,https://coursera.org/page9,coursera.org,learning,chrome
2026-02-19 09:49:48,https://wikipedia.org/page93,wikipedia.org,other,edge
2026-02-19 09:51:48,https://flipkart.com/page31,flipkart.com,shopping,chrome
2026-02-19 09:53:15,https://wikipedia.org/page38,wikipedia.org,other,chrome
2026-02-19 10:43:15,https://amazon.com/page94,amazon.com,shopping,chrome
2026-02-19 10:44:32,https://youtube.com/page21,youtube.com,video,chrome
2026-02-19 10:45:00,https://instagram.com/page13,instagram.com,social,edge
2026-02-19 10:45:51,https://hotstar.com/page57,hotstar.com,video,edge
2026-02-19 10:47:01,https://reddit.com/page74,reddit.com,social,edge
2026-02-19 10:48:35,https://youtube.com/page4,youtube.com,video,chrome
2026-02-19 10:50:28,https://x.com/page29,x.com,social,chrome
2026-02-19 10:52:02,https://netflix.com/page5,netflix.com,video,chrome
2026-02-19 10:52:44,https://reddit.com/page72,reddit.com,social,chrome
2026-02-19 10:53:16,https://kaggle.com/page67,kaggle.com,learning,chrome
2026-02-19 10:53:57,https://youtube.com/page7,youtube.com,video,edge
2026-02-19 10:55:23,https://amazon.com/page57,amazon.com,shopping,chrome
2026-02-19 10:56:34,https://medium.com/page12,medium.com,learning,chrome
2026-02-19 10:58:26,https://coursera.org/page13,coursera.org,learning,chrome
2026-02-19 10:59:56,https://stackoverflow.com/page84,stackoverflow.com,learning,chrome
2026-02-19 11:00:09,https://coursera.org/page24,coursera.org,learning,chrome
2026-02-19 11:02:04,https://flipkart.com/page85,flipkart.com,shopping,edge
2026-02-19 11:03:35,https://medium.com/page47,medium.com,learning,chrome
2026-02-19 11:04:58,https://netflix.com/page29,netflix.com,video,chrome
2026-02-19 11:06:53,https://flipkart.com/page22,flipkart.com,shopping,chrome
2026-02-19 11:08:50,https://instagram.com/page33,instagram.com,social,edge
2026-02-19 11:10:11,https://x.com/page18,x.com,social,chrome
2026-02-19 11:12:01,https://netflix.com/page36,netflix.com,video,chrome
2026-02-19 11:13:22,https://kaggle.com/page52,kaggle.com,learning,edge
2026-02-19 11:14:01,https://amazon.com/page89,amazon.com,shopping,edge
2026-02-19 11:59:01,https://stackoverflow.com/page59,stackoverflow.com,learning,edge
2026-02-19 12:00:13,https://youtube.com/page17,youtube.com,video,chrome
2026-02-19 12:01:17,https://hotstar.com/page29,hotstar.com,video,edge
2026-02-19 12:01:32,https://medium.com/page5,medium.com,learning,chrome
2026-02-19 12:03:20,https://coursera.org/page84,coursera.org,learning,chrome
2026-02-19 12:04:35,https://x.com/page70,x.com,social,chrome
2026-02-19 12:06:26,https://kaggle.com/page27,kaggle.com,learning,edge
2026-02-19 12:07:26,https://facebook.com/page50,facebook.com,social,chrome
2026-02-19 12:07:37,https://netflix.com/page72,netflix.com,video,chrome
2026-02-19 12:08:47,https://wikipedia.org/page100,wikipedia.org,other,chrome
2026-02-19 12:10:35,https://netflix.com/page70,netflix.com,video,edge
2026-02-19 12:10:49,https://x.com/page65,x.com,social,edge
2026-02-19 12:11:58,https://medium.com/page39,medium.com,learning,chrome
2026-02-19 12:13:47,https://facebook.com/page16,facebook.com,social,chrome
2026-02-19 12:14:49,https://reddit.com/page63,reddit.com,social,edge
2026-02-19 12:16:40,https://x.com/page27,x.com,social,edge
2026-02-19 12:17:04,https://facebook.com/page25,facebook.com,social,edge
2026-02-19 12:18:24,https://instagram.com/page72,instagram.com,social,chrome
2026-02-19 12:18:53,https://reddit.com/page99,reddit.com,social,chrome
2026-02-19 12:19:29,https://primevideo.com/page98,primevideo.com,video,edge
2026-02-19 12:20:09,https://netflix.com/page84,netflix.com,video,edge
2026-02-19 12:21:32,https://flipkart.com/page30,flipkart.com,shopping,edge
2026-02-19 12:23:32,https://netflix.com/page21,netflix.com,video,chrome
2026-02-19 12:24:07,https://hotstar.com/page13,hotstar.com,video,edge
2026-02-19 12:26:05,https://x.com/page12,x.com,social,chrome
2026-02-19 12:27:03,https://flipkart.com/page14,flipkart.com,shopping,chrome
2026-02-19 12:28:21,https://kaggle.com/page4,kaggle.com,learning,chrome
2026-02-19 12:30:14,https://medium.com/page21,medium.com,learning,chrome
2026-02-19 12:31:33,https://amazon.com/page41,amazon.com,shopping,edge
2026-02-19 12:32:50,https://netflix.com/page28,netflix.com,video,edge
2026-02-19 12:33:08,https://kaggle.com/page13,kaggle.com,learning,edge
2026-02-19 12:34:01,https://netflix.com/page86,netflix.com,video,edge
2026-02-19 12:35:26,https://x.com/page28,x.com,social,chrome
2026-02-19 12:37:17,https://coursera.org/page90,coursera.org,learning,chrome
2026-02-19 12:38:39,https://reddit.com/page86,reddit.com,social,chrome
2026-02-19 12:39:53,https://amazon.com/page30,amazon.com,shopping,chrome
2026-02-19 12:41:44,https://primevideo.com/page95,primevideo.com,video,edge
2026-02-19 12:43:28,https://instagram.com/page66,instagram.com,social,chrome
2026-02-19 12:45:14,https://stackoverflow.com/page88,stackoverflow.com,learning,chrome
2026-02-19 12:46:26,https://facebook.com/page20,facebook.com,social,chrome
2026-02-19 12:47:35,https://facebook.com/page7,facebook.com,social,edge
2026-02-19 12:48:09,https://reddit.com/page70,reddit.com,social,edge
2026-02-19 12:48:38,https://instagram.com/page47,instagram.com,social,edge
2026-02-19 12:50:26,https://youtube.com/page31,youtube.com,video,edge
2026-02-19 12:52:05,https://coursera.org/page51,coursera.org,learning,edge
2026-02-19 12:52:30,https://amazon.com/page92,amazon.com,shopping,chrome
2026-02-19 13:42:30,https://hotstar.com/page10,hotstar.com,video,edge
2026-02-19 13:42:42,https://coursera.org/page52,coursera.org,learning,edge
2026-02-19 13:44:40,https://amazon.com/page47,amazon.com,shopping,chrome
2026-02-19 13:45:30,https://x.com/page12,x.com,social,chrome
2026-02-19 13:47:04,https://amazon.com/page94,amazon.com,shopping,edge
2026-02-19 13:47:48,https://primevideo.com/page22,primevideo.com,video,edge
2026-02-19 13:49:47,https://x.com/page45,x.com,social,edge
2026-02-19 13:51:18,https://instagram.com/page89,instagram.com,social,chrome
2026-02-19 13:53:18,https://netflix.com/page44,netflix.com,video,chrome
2026-02-19 13:55:10,https://reddit.com/page9,reddit.com,social,chrome
2026-02-19 13:57:06,https://kaggle.com/page55,kaggle.com,learning,edge
2026-02-19 13:59:00,https://youtube.com/page81,youtube.com,video,edge
2026-02-19 13:59:21,https://primevideo.com/page31,primevideo.com,video,chrome
2026-02-19 14:01:12,https://reddit.com/page50,reddit.com,social,chrome
2026-02-19 14:02:26,https://reddit.com/page6,reddit.com,social,edge
2026-02-19 14:03:34,https://youtube.com/page32,youtube.com,video,edge
2026-02-19 14:04:19,https://reddit.com/page62,reddit.com,social,chrome
2026-02-19 14:05:57,https://medium.com/page68,medium.com,learning,chrome
2026-02-19 14:07:21,https://instagram.com/page59,instagram.com,social,edge
2026-02-19 14:07:51,https://wikipedia.org/page65,wikipedia.org,other,chrome
2026-02-19 14:09:15,https://netflix.com/page80,netflix.com,video,chrome
2026-02-19 14:10:43,https://kaggle.com/page8,kaggle.com,learning,chrome
2026-02-19 14:12:01,https://instagram.com/page25,instagram.com,social,chrome
2026-02-19 14:12:49,https://netflix.com/page94,netflix.com,video,chrome
2026-02-19 14:58:49,https://hotstar.com/page33,hotstar.com,video,edge
2026-02-19 14:59:23,https://hotstar.com/page92,hotstar.com,video,chrome
2026-02-19 15:00:59,https://netflix.com/page88,netflix.com,video,edge
2026-02-19 15:01:29,https://wikipedia.org/page29,wikipedia.org,other,chrome
2026-02-19 15:02:00,https://github.com/page29,github.com,learning,edge
2026-02-19 15:02:32,https://flipkart.com/page45,flipkart.com,shopping,chrome
2026-02-19 15:02:45,https://github.com/page6,github.com,learning,chrome
2026-02-19 15:04:43,https://stackoverflow.com/page12,stackoverflow.com,learning,edge
2026-02-19 15:06:38,https://wikipedia.org/page60,wikipedia.org,other,edge
2026-02-19 15:08:35,https://kaggle.com/page50,kaggle.com,learning,chrome
2026-02-19 15:09:30,https://coursera.org/page89,coursera.org,learning,edge
2026-02-19 15:11:00,https://x.com/page33,x.com,social,edge
2026-02-19 15:12:19,https://stackoverflow.com/page51,stackoverflow.com,learning,edge
2026-02-19 15:13:13,https://youtube.com/page21,youtube.com,video,edge
2026-02-19 15:13:41,https://stackoverflow.com/page33,stackoverflow.com,learning,edge
2026-02-19 15:15:22,https://hotstar.com/page1,hotstar.com,video,edge
2026-02-19 15:15:52,https://youtube.com/page46,youtube.com,video,chrome
2026-02-19 15:17:03,https://medium.com/page6,medium.com,learning,edge
2026-02-19 15:17:18,https://wikipedia.org/page64,wikipedia.org,other,edge
2026-02-19 15:18:50,https://stackoverflow.com/page8,stackoverflow.com,learning,edge
2026-02-19 15:19:18,https://medium.com/page61,medium.com,learning,chrome
2026-02-19 15:19:51,https://kaggle.com/page39,kaggle.com,learning,edge
2026-02-19 15:20:43,https://medium.com/page38,medium.com,learning,edge
2026-02-19 15:21:32,https://netflix.com/page37,netflix.com,video,chrome
2026-02-19 15:23:11,https://flipkart.com/page28,flipkart.com,shopping,edge
2026-02-19 15:24:44,https://instagram.com/page30,instagram.com,social,edge
2026-02-19 15:25:39,https://youtube.com/page28,youtube.com,video,chrome
2026-02-19 15:27:04,https://kaggle.com/page51,kaggle.com,learning,edge
2026-02-19 15:27:50,https://hotstar.com/page85,hotstar.com,video,edge
2026-02-19 15:29:39,https://reddit.com/page98,reddit.com,social,chrome
2026-02-19 15:30:45,https://hotstar.com/page16,hotstar.com,video,chrome
2026-02-19 15:32:30,https://facebook.com/page94,facebook.com,social,edge
2026-02-19 15:33:06,https://kaggle.com/page53,kaggle.com,learning,edge
2026-02-19 15:33:18,https://medium.com/page92,medium.com,learning,edge
2026-02-19 15:35:11,https://netflix.com/page77,netflix.com,video,edge
2026-02-19 15:37:04,https://youtube.com/page90,youtube.com,video,edge
2026-02-19 16:03:04,https://reddit.com/page46,reddit.com,social,edge
2026-02-19 16:04:32,https://instagram.com/page69,instagram.com,social,chrome
2026-02-19 16:05:37,https://amazon.com/page28,amazon.com,shopping,chrome
2026-02-19 16:06:12,https://amazon.com/page77,amazon.com,shopping,edge
2026-02-19 16:08:00,https://primevideo.com/page7,primevideo.com,video,edge
2026-02-19 16:08:40,https://reddit.com/page88,reddit.com,social,chrome
2026-02-19 16:10:29,https://amazon.com/page45,amazon.com,shopping,edge
2026-02-19 16:10:39,https://coursera.org/page86,coursera.org,learning,chrome
2026-02-19 16:11:07,https://netflix.com/page15,netflix.com,video,edge
2026-02-19 16:12:35,https://coursera.org/page32,coursera.org,learning,edge
2026-02-19 16:13:46,https://flipkart.com/page33,flipkart.com,shopping,chrome
2026-02-19 16:14:11,https://youtube.com/page69,youtube.com,video,edge
2026-02-19 16:16:00,https://coursera.org/page46,coursera.org,learning,chrome
2026-02-19 16:17:37,https://x.com/page65,x.com,social,chrome
2026-02-19 16:18:01,https://netflix.com/page43,netflix.com,video,edge
2026-02-19 16:19:28,https://github.com/page44,github.com,learning,edge
2026-02-19 16:20:00,https://amazon.com/page85,amazon.com,shopping,edge
2026-02-19 16:20:52,https://medium.com/page10,medium.com,learning,chrome
2026-02-19 16:50:52,https://wikipedia.org/page40,wikipedia.org,other,chrome
2026-02-19 16:51:12,https://github.com/page90,github.com,learning,chrome
2026-02-19 17:18:12,https://kaggle.com/page92,kaggle.com,learning,edge
2026-02-19 17:51:12,https://github.com/page45,github.com,learning,chrome
2026-02-19 17:51:22,https://youtube.com/page43,youtube.com,video,edge
2026-02-19 17:52:10,https://facebook.com/page61,facebook.com,social,edge
2026-02-19 17:53:32,https://x.com/page46,x.com,social,edge
2026-02-19 17:55:13,https://facebook.com/page29,facebook.com,social,chrome
2026-02-19 17:55:54,https://medium.com/page21,medium.com,learning,edge
2026-02-19 17:57:19,https://instagram.com/page48,instagram.com,social,chrome
2026-02-19 17:58:30,https://github.com/page19,github.com,learning,chrome
2026-02-19 17:59:59,https://github.com/page40,github.com,learning,edge
2026-02-19 18:01:54,https://github.com/page31,github.com,learning,edge
2026-02-19 18:03:21,https://flipkart.com/page22,flipkart.com,shopping,chrome
2026-02-19 18:03:46,https://amazon.com/page92,amazon.com,shopping,edge
2026-02-19 18:04:06,https://netflix.com/page15,netflix.com,video,chrome
2026-02-19 18:04:49,https://reddit.com/page8,reddit.com,social,edge
2026-02-19 18:05:49,https://hotstar.com/page77,hotstar.com,video,edge
2026-02-19 18:07:14,https://facebook.com/page46,facebook.com,social,chrome
2026-02-19 18:08:03,https://flipkart.com/page50,flipkart.com,shopping,edge
2026-02-19 18:09:32,https://wikipedia.org/page7,wikipedia.org,other,chrome
2026-02-19 18:11:18,https://hotstar.com/page75,hotstar.com,video,chrome
2026-02-19 18:12:37,https://instagram.com/page41,instagram.com,social,chrome
2026-02-19 18:13:22,https://amazon.com/page40,amazon.com,shopping,chrome
2026-02-19 18:13:40,https://reddit.com/page65,reddit.com,social,edge
2026-02-19 18:15:37,https://amazon.com/page90,amazon.com,shopping,chrome
2026-02-19 18:16:01,https://instagram.com/page89,instagram.com,social,chrome
2026-02-19 18:17:34,https://hotstar.com/page97,hotstar.com,video,chrome
2026-02-19 18:18:30,https://stackoverflow.com/page68,stackoverflow.com,learning,chrome
2026-02-19 18:19:49,https://reddit.com/page100,reddit.com,social,chrome
2026-02-19 19:04:49,https://amazon.com/page75,amazon.com,shopping,chrome
2026-02-19 19:06:49,https://x.com/page89,x.com,social,chrome
2026-02-19 19:08:30,https://medium.com/page24,medium.com,learning,chrome
2026-02-19 19:10:22,https://primevideo.com/page40,primevideo.com,video,chrome
2026-02-19 19:11:29,https://x.com/page44,x.com,social,chrome
2026-02-19 19:13:08,https://x.com/page59,x.com,social,chrome
2026-02-19 19:13:51,https://coursera.org/page8,coursera.org,learning,edge
2026-02-19 19:14:20,https://medium.com/page61,medium.com,learning,edge
2026-02-19 19:14:53,https://medium.com/page74,medium.com,learning,chrome
2026-02-19 19:16:12,https://youtube.com/page57,youtube.com,video,chrome
2026-02-19 19:17:03,https://kaggle.com/page77,kaggle.com,learning,edge
2026-02-19 19:17:46,https://flipkart.com/page44,flipkart.com,shopping,chrome
2026-02-19 19:18:15,https://coursera.org/page69,coursera.org,learning,chrome
2026-02-19 19:18:28,https://flipkart.com/page15,flipkart.com,shopping,edge
2026-02-19 19:19:46,https://kaggle.com/page50,kaggle.com,learning,chrome
2026-02-19 19:21:01,https://amazon.com/page11,amazon.com,shopping,edge
2026-02-19 19:23:00,https://hotstar.com/page20,hotstar.com,video,chrome
2026-02-19 19:23:18,https://stackoverflow.com/page44,stackoverflow.com,learning,chrome
2026-02-19 19:24:03,https://primevideo.com/page2,primevideo.com,video,edge
2026-02-19 19:25:41,https://primevideo.com/page47,primevideo.com,video,edge
2026-02-19 19:26:55,https://primevideo.com/page29,primevideo.com,video,edge
2026-02-19 19:28:24,https://primevideo.com/page50,primevideo.com,video,chrome
2026-02-19 19:29:37,https://wikipedia.org/page100,wikipedia.org,other,chrome
2026-02-19 19:31:34,https://instagram.com/page38,instagram.com,social,edge
2026-02-19 19:33:11,https://amazon.com/page73,amazon.com,shopping,edge
2026-02-19 19:35:00,https://github.com/page87,github.com,learning,chrome
2026-02-19 19:36:06,https://primevideo.com/page61,primevideo.com,video,edge
2026-02-19 19:37:00,https://x.com/page41,x.com,social,chrome
2026-02-19 19:38:54,https://netflix.com/page68,netflix.com,video,edge
2026-02-19 19:40:24,https://github.com/page57,github.com,learning,chrome
2026-02-19 19:40:50,https://stackoverflow.com/page50,stackoverflow.com,learning,chrome
2026-02-19 19:42:43,https://primevideo.com/page28,primevideo.com,video,chrome
2026-02-19 19:44:05,https://stackoverflow.com/page99,stackoverflow.com,learning,edge
2026-02-19 19:45:29,https://flipkart.com/page50,flipkart.com,shopping,edge
2026-02-19 19:45:48,https://amazon.com/page87,amazon.com,shopping,chrome
2026-02-19 19:47:20,https://hotstar.com/page6,hotstar.com,video,chrome
2026-02-19 19:47:31,https://instagram.com/page91,instagram.com,social,edge
2026-02-19 19:47:56,https://instagram.com/page13,instagram.com,social,chrome
2026-02-19 19:49:31,https://flipkart.com/page89,flipkart.com,shopping,chrome
2026-02-19 19:49:46,https://coursera.org/page96,coursera.org,learning,edge
2026-02-19 19:51:29,https://netflix.com/page78,netflix.com,video,edge
2026-02-19 19:53:11,https://instagram.com/page75,instagram.com,social,edge
2026-02-19 19:53:25,https://reddit.com/page85,reddit.com,social,edge
2026-02-19 19:54:30,https://github.com/page18,github.com,learning,chrome
2026-02-19 19:55:45,https://x.com/page40,x.com,social,chrome
2026-02-19 19:56:14,https://instagram.com/page63,instagram.com,social,edge
2026-02-19 19:57:39,https://reddit.com/page41,reddit.com,social,chrome
2026-02-19 19:59:19,https://coursera.org/page62,coursera.org,learning,edge
2026-02-19 20:00:47,https://medium.com/page3,medium.com,learning,edge
2026-02-19 20:01:40,https://primevideo.com/page31,primevideo.com,video,chrome
2026-02-19 20:02:22,https://x.com/page85,x.com,social,edge
2026-02-19 20:03:29,https://coursera.org/page48,coursera.org,learning,chrome
2026-02-19 20:04:53,https://hotstar.com/page88,hotstar.com,video,chrome
2026-02-19 20:05:06,https://coursera.org/page41,coursera.org,learning,chrome
2026-02-19 20:07:04,https://flipkart.com/page13,flipkart.com,shopping,chrome
2026-02-19 20:08:34,https://facebook.com/page6,facebook.com,social,chrome
2026-02-19 20:09:05,https://coursera.org/page44,coursera.org,learning,edge
2026-02-19 20:09:22,https://facebook.com/page81,facebook.com,social,chrome
2026-02-19 20:09:46,https://netflix.com/page53,netflix.com,video,chrome
2026-02-19 20:11:07,https://instagram.com/page62,instagram.com,social,chrome
2026-02-19 20:12:29,https://flipkart.com/page48,flipkart.com,shopping,chrome
2026-02-19 20:13:30,https://instagram.com/page85,instagram.com,social,edge
2026-02-19 21:10:30,https://amazon.com/page31,amazon.com,shopping,chrome
2026-02-19 21:12:03,https://kaggle.com/page74,kaggle.com,learning,chrome
2026-02-19 21:12:21,https://youtube.com/page17,youtube.com,video,edge
2026-02-19 21:13:28,https://reddit.com/page19,reddit.com,social,chrome
2026-02-19 21:14:22,https://instagram.com/page90,instagram.com,social,chrome
2026-02-19 21:14:38,https://stackoverflow.com/page19,stackoverflow.com,learning,chrome
2026-02-19 21:16:00,https://facebook.com/page79,facebook.com,social,chrome
2026-02-19 21:17:19,https://primevideo.com/page82,primevideo.com,video,edge
2026-02-19 21:17:37,https://youtube.com/page11,youtube.com,video,edge
2026-02-19 21:19:28,https://reddit.com/page14,reddit.com,social,edge
2026-02-19 21:21:03,https://wikipedia.org/page51,wikipedia.org,other,edge
2026-02-19 21:21:59,https://youtube.com/page3,youtube.com,video,chrome
2026-02-19 21:23:28,https://github.com/page12,github.com,learning,chrome
2026-02-19 21:25:08,https://amazon.com/page79,amazon.com,shopping,chrome
2026-02-19 21:26:54,https://amazon.com/page48,amazon.com,shopping,edge
2026-02-19 21:27:52,https://netflix.com/page27,netflix.com,video,edge
2026-02-19 21:28:38,https://kaggle.com/page88,kaggle.com,learning,edge
2026-02-19 21:30:27,https://instagram.com/page22,instagram.com,social,edge
2026-02-19 21:31:37,https://wikipedia.org/page43,wikipedia.org,other,chrome
2026-02-19 21:33:16,https://x.com/page44,x.com,social,chrome
2026-02-19 21:33:28,https://github.com/page55,github.com,learning,edge
2026-02-19 21:33:43,https://instagram.com/page62,instagram.com,social,edge
2026-02-19 21:35:32,https://medium.com/page35,medium.com,learning,chrome
2026-02-19 21:36:25,https://github.com/page46,github.com,learning,chrome
2026-02-19 21:38:25,https://x.com/page72,x.com,social,chrome
2026-02-19 21:38:49,https://x.com/page72,x.com,social,edge
2026-02-19 21:40:28,https://reddit.com/page98,reddit.com,social,chrome
2026-02-19 21:41:13,https://coursera.org/page83,coursera.org,learning,edge
2026-02-19 21:41:46,https://stackoverflow.com/page14,stackoverflow.com,learning,edge
2026-02-19 21:43:15,https://stackoverflow.com/page38,stackoverflow.com,learning,edge
2026-02-19 21:45:06,https://medium.com/page24,medium.com,learning,chrome
2026-02-19 21:45:41,https://wikipedia.org/page43,wikipedia.org,other,chrome
2026-02-19 21:47:34,https://netflix.com/page43,netflix.com,video,chrome
2026-02-19 21:48:11,https://x.com/page58,x.com,social,chrome
2026-02-19 21:50:11,https://primevideo.com/page4,primevideo.com,video,edge
2026-02-19 21:51:24,https://medium.com/page51,medium.com,learning,edge
2026-02-19 21:52:13,https://kaggle.com/page100,kaggle.com,learning,chrome
2026-02-19 21:52:35,https://hotstar.com/page51,hotstar.com,video,chrome
2026-02-19 22:52:35,https://hotstar.com/page67,hotstar.com,video,chrome
2026-02-19 22:54:30,https://kaggle.com/page22,kaggle.com,learning,chrome
2026-02-19 22:55:27,https://youtube.com/page80,youtube.com,video,chrome
2026-02-19 22:56:04,https://medium.com/page63,medium.com,learning,edge
2026-02-19 22:57:30,https://reddit.com/page2,reddit.com,social,edge
2026-02-19 22:58:30,https://wikipedia.org/page82,wikipedia.org,other,edge
2026-02-19 22:59:51,https://primevideo.com/page100,primevideo.com,video,chrome
2026-02-19 23:00:14,https://stackoverflow.com/page83,stackoverflow.com,learning,chrome
2026-02-19 23:02:03,https://reddit.com/page54,reddit.com,social,chrome
2026-02-19 23:03:37,https://reddit.com/page57,reddit.com,social,chrome
2026-02-19 23:04:32,https://flipkart.com/page1,flipkart.com,shopping,edge
2026-02-19 23:06:22,https://amazon.com/page15,amazon.com,shopping,chrome
2026-02-19 23:07:29,https://flipkart.com/page100,flipkart.com,shopping,chrome
2026-02-19 23:08:51,https://kaggle.com/page90,kaggle.com,learning,chrome
2026-02-19 23:10:11,https://primevideo.com/page95,primevideo.com,video,chrome
2026-02-19 23:11:16,https://hotstar.com/page56,hotstar.com,video,edge
2026-02-19 23:12:21,https://netflix.com/page7,netflix.com,video,chrome
2026-02-19 23:12:47,https://primevideo.com/page34,primevideo.com,video,chrome
2026-02-19 23:13:26,https://instagram.com/page36,instagram.com,social,chrome
2026-02-19 23:39:26,https://amazon.com/page2,amazon.com,shopping,edge
2026-02-19 23:39:50,https://wikipedia.org/page73,wikipedia.org,other,edge
2026-02-19 23:41:04,https://flipkart.com/page59,flipkart.com,shopping,chrome
2026-02-19 23:42:00,https://stackoverflow.com/page7,stackoverflow.com,learning,edge
2026-02-19 23:42:39,https://x.com/page6,x.com,social,edge
2026-02-19 23:44:06,https://amazon.com/page82,amazon.com,shopping,chrome
2026-02-19 23:45:03,https://x.com/page98,x.com,social,edge
2026-02-19 23:46:23,https://hotstar.com/page51,hotstar.com,video,edge
2026-02-19 23:47:30,https://coursera.org/page42,coursera.org,learning,chrome
2026-02-19 23:48:44,https://primevideo.com/page60,primevideo.com,video,edge
2026-02-19 23:49:06,https://hotstar.com/page38,hotstar.com,video,edge
2026-02-19 23:50:53,https://stackoverflow.com/page17,stackoverflow.com,learning,chrome
2026-02-19 23:51:31,https://reddit.com/page3,reddit.com,social,edge
2026-02-19 23:52:25,https://youtube.com/page2,youtube.com,video,chrome
2026-02-19 23:53:40,https://wikipedia.org/page80,wikipedia.org,other,chrome
2026-02-19 23:54:55,https://youtube.com/page28,youtube.com,video,edge
2026-02-19 23:55:09,https://primevideo.com/page93,primevideo.com,video,edge
2026-02-19 23:56:11,https://facebook.com/page36,facebook.com,social,edge
2026-02-19 23:57:23,https://netflix.com/page40,netflix.com,video,edge
2026-02-19 23:59:10,https://amazon.com/page77,amazon.com,shopping,edge
2026-02-19 23:59:52,https://flipkart.com/page12,flipkart.com,shopping,edge
2026-02-20 00:00:02,https://github.com/page80,github.com,learning,edge
2026-02-20 00:00:28,https://facebook.com/page14,facebook.com,social,chrome
2026-02-20 00:02:21,https://facebook.com/page25,facebook.com,social,chrome
2026-02-20 00:03:06,https://stackoverflow.com/page48,stackoverflow.com,learning,chrome
2026-02-20 00:04:31,https://netflix.com/page41,netflix.com,video,chrome
2026-02-20 00:05:28,https://medium.com/page14,medium.com,learning,edge
2026-02-20 00:07:26,https://wikipedia.org/page9,wikipedia.org,other,chrome
2026-02-20 00:08:44,https://flipkart.com/page46,flipkart.com,shopping,chrome
2026-02-20 00:09:50,https://stackoverflow.com/page4,stackoverflow.com,learning,edge
2026-02-20 00:11:09,https://facebook.com/page60,facebook.com,social,chrome
2026-02-20 00:11:27,https://hotstar.com/page5,hotstar.com,video,chrome
2026-02-20 00:12:33,https://youtube.com/page37,youtube.com,video,chrome
2026-02-20 00:12:56,https://x.com/page22,x.com,social,edge
2026-02-20 00:13:49,https://netflix.com/page65,netflix.com,video,edge
2026-02-20 00:14:51,https://kaggle.com/page16,kaggle.com,learning,chrome
2026-02-20 00:16:30,https://facebook.com/page20,facebook.com,social,chrome
2026-02-20 00:16:52,https://github.com/page63,github.com,learning,chrome
2026-02-20 00:18:16,https://reddit.com/page42,reddit.com,social,chrome
2026-02-20 00:19:07,https://instagram.com/page12,instagram.com,social,chrome
2026-02-20 00:20:45,https://amazon.com/page46,amazon.com,shopping,chrome
2026-02-20 00:21:30,https://coursera.org/page23,coursera.org,learning,edge
2026-02-20 00:22:36,https://medium.com/page80,medium.com,learning,chrome
2026-02-20 00:24:19,https://netflix.com/page68,netflix.com,video,chrome
2026-02-20 00:25:59,https://github.com/page74,github.com,learning,edge
2026-02-20 00:27:48,https://instagram.com/page47,instagram.com,social,edge
2026-02-20 00:29:12,https://stackoverflow.com/page40,stackoverflow.com,learning,chrome
2026-02-20 01:05:12,https://facebook.com/page8,facebook.com,social,chrome
2026-02-20 01:07:07,https://x.com/page33,x.com,social,edge
2026-02-20 01:07:23,https://reddit.com/page18,reddit.com,social,edge
2026-02-20 01:07:54,https://stackoverflow.com/page68,stackoverflow.com,learning,chrome
2026-02-20 01:09:38,https://facebook.com/page88,facebook.com,social,chrome
2026-02-20 01:11:19,https://x.com/page1,x.com,social,chrome
2026-02-20 01:12:54,https://github.com/page70,github.com,learning,edge
2026-02-20 01:14:51,https://kaggle.com/page36,kaggle.com,learning,chrome
2026-02-20 01:16:10,https://reddit.com/page88,reddit.com,social,edge
2026-02-20 01:17:37,https://stackoverflow.com/page58,stackoverflow.com,learning,edge
2026-02-20 01:18:47,https://youtube.com/page79,youtube.com,video,edge
2026-02-20 01:20:15,https://x.com/page51,x.com,social,chrome
2026-02-20 01:21:59,https://facebook.com/page11,facebook.com,social,edge
2026-02-20 01:22:37,https://x.com/page30,x.com,social,chrome
2026-02-20 01:23:50,https://netflix.com/page42,netflix.com,video,chrome
2026-02-20 01:25:39,https://kaggle.com/page92,kaggle.com,learning,chrome
2026-02-20 01:26:37,https://kaggle.com/page90,kaggle.com,learning,edge
2026-02-20 01:28:16,https://stackoverflow.com/page12,stackoverflow.com,learning,chrome
2026-02-20 01:28:45,https://hotstar.com/page41,hotstar.com,video,chrome
2026-02-20 01:28:59,https://kaggle.com/page82,kaggle.com,learning,chrome
2026-02-20 01:30:31,https://primevideo.com/page79,primevideo.com,video,chrome
2026-02-20 01:31:47,https://netflix.com/page55,netflix.com,video,edge
2026-02-20 01:31:59,https://stackoverflow.com/page16,stackoverflow.com,learning,chrome
2026-02-20 01:33:54,https://github.com/page87,github.com,learning,edge
2026-02-20 01:34:14,https://youtube.com/page95,youtube.com,video,edge
2026-02-20 01:34:57,https://coursera.org/page26,coursera.org,learning,chrome
2026-02-20 01:36:49,https://github.com/page85,github.com,learning,chrome
2026-02-20 01:37:57,https://youtube.com/page23,youtube.com,video,chrome
2026-02-20 01:39:25,https://netflix.com/page60,netflix.com,video,chrome
2026-02-20 01:41:18,https://netflix.com/page52,netflix.com,video,edge
2026-02-20 01:43:04,https://flipkart.com/page41,flipkart.com,shopping,chrome
2026-02-20 01:43:27,https://kaggle.com/page62,kaggle.com,learning,chrome
2026-02-20 01:43:42,https://youtube.com/page59,youtube.com,video,chrome
2026-02-20 01:44:29,https://reddit.com/page71,reddit.com,social,chrome
2026-02-20 01:44:53,https://coursera.org/page63,coursera.org,learning,chrome
2026-02-20 01:45:50,https://github.com/page70,github.com,learning,chrome
2026-02-20 01:46:31,https://kaggle.com/page15,kaggle.com,learning,edge
2026-02-20 01:47:15,https://youtube.com/page54,youtube.com,video,chrome
2026-02-20 01:49:07,https://facebook.com/page3,facebook.com,social,edge
2026-02-20 01:50:49,https://x.com/page31,x.com,social,edge
2026-02-20 01:51:21,https://facebook.com/page3,facebook.com,social,edge
2026-02-20 01:52:28,https://youtube.com/page63,youtube.com,video,edge
2026-02-20 01:53:39,https://primevideo.com/page34,primevideo.com,video,edge
2026-02-20 01:54:28,https://youtube.com/page64,youtube.com,video,edge
2026-02-20 01:55:57,https://coursera.org/page79,coursera.org,learning,edge
2026-02-20 01:56:54,https://x.com/page3,x.com,social,chrome
2026-02-20 01:57:12,https://stackoverflow.com/page4,stackoverflow.com,learning,chrome
2026-02-20 01:58:09,https://kaggle.com/page80,kaggle.com,learning,chrome
2026-02-20 01:59:37,https://hotstar.com/page83,hotstar.com,video,edge
2026-02-20 02:01:34,https://reddit.com/page27,reddit.com,social,chrome
2026-02-20 02:02:29,https://amazon.com/page15,amazon.com,shopping,chrome
2026-02-20 02:02:56,https://medium.com/page24,medium.com,learning,chrome
2026-02-20 02:04:36,https://github.com/page51,github.com,learning,chrome
2026-02-20 02:05:39,https://amazon.com/page76,amazon.com,shopping,edge
2026-02-20 02:26:39,https://medium.com/page79,medium.com,learning,edge
2026-02-20 02:27:51,https://hotstar.com/page18,hotstar.com,video,chrome
2026-02-20 02:29:47,https://flipkart.com/page76,flipkart.com,shopping,chrome
2026-02-20 02:31:13,https://instagram.com/page80,instagram.com,social,edge
2026-02-20 02:31:51,https://netflix.com/page72,netflix.com,video,chrome
2026-02-20 02:32:46,https://facebook.com/page32,facebook.com,social,chrome
2026-02-20 02:33:24,https://facebook.com/page87,facebook.com,social,chrome
2026-02-20 02:34:33,https://facebook.com/page70,facebook.com,social,edge
2026-02-20 02:35:32,https://medium.com/page45,medium.com,learning,chrome
2026-02-20 02:36:12,https://wikipedia.org/page63,wikipedia.org,other,edge
2026-02-20 02:38:12,https://stackoverflow.com/page82,stackoverflow.com,learning,edge
2026-02-20 02:39:05,https://flipkart.com/page42,flipkart.com,shopping,chrome
2026-02-20 02:39:38,https://hotstar.com/page37,hotstar.com,video,chrome
2026-02-20 02:41:37,https://wikipedia.org/page86,wikipedia.org,other,edge
2026-02-20 02:43:04,https://youtube.com/page62,youtube.com,video,chrome
2026-02-20 02:44:40,https://github.com/page12,github.com,learning,chrome
2026-02-20 02:45:17,https://kaggle.com/page73,kaggle.com,learning,edge
2026-02-20 02:46:27,https://stackoverflow.com/page84,stackoverflow.com,learning,edge
2026-02-20 02:47:11,https://youtube.com/page53,youtube.com,video,chrome
2026-02-20 02:48:09,https://wikipedia.org/page3,wikipedia.org,other,edge
2026-02-20 02:50:09,https://github.com/page73,github.com,learning,edge
2026-02-20 02:51:08,https://netflix.com/page97,netflix.com,video,chrome
2026-02-20 02:52:22,https://primevideo.com/page92,primevideo.com,video,edge
2026-02-20 02:53:24,https://primevideo.com/page45,primevideo.com,video,edge
2026-02-20 02:54:34,https://netflix.com/page63,netflix.com,video,edge
2026-02-20 02:56:17,https://wikipedia.org/page93,wikipedia.org,other,edge
2026-02-20 02:57:18,https://reddit.com/page34,reddit.com,social,chrome
2026-02-20 02:59:15,https://wikipedia.org/page44,wikipedia.org,other,chrome
2026-02-20 03:00:31,https://flipkart.com/page98,flipkart.com,shopping,edge
2026-02-20 03:01:25,https://facebook.com/page25,facebook.com,social,chrome
2026-02-20 03:02:13,https://stackoverflow.com/page43,stackoverflow.com,learning,chrome
2026-02-20 03:03:20,https://wikipedia.org/page55,wikipedia.org,other,chrome
2026-02-20 03:04:51,https://flipkart.com/page39,flipkart.com,shopping,edge
2026-02-20 03:06:07,https://netflix.com/page23,netflix.com,video,edge
2026-02-20 03:07:17,https://x.com/page28,x.com,social,edge
2026-02-20 03:08:18,https://github.com/page93,github.com,learning,edge
2026-02-20 03:09:12,https://facebook.com/page31,facebook.com,social,chrome
2026-02-20 03:09:44,https://kaggle.com/page11,kaggle.com,learning,chrome
2026-02-20 04:09:44,https://flipkart.com/page64,flipkart.com,shopping,edge
2026-02-20 04:11:00,https://reddit.com/page63,reddit.com,social,chrome
2026-02-20 04:13:00,https://github.com/page1,github.com,learning,edge
2026-02-20 04:13:40,https://stackoverflow.com/page78,stackoverflow.com,learning,edge
2026-02-20 04:15:31,https://amazon.com/page37,amazon.com,shopping,chrome
2026-02-20 04:15:58,https://amazon.com/page17,amazon.com,shopping,chrome
2026-02-20 04:16:37,https://x.com/page65,x.com,social,chrome
2026-02-20 04:18:13,https://hotstar.com/page12,hotstar.com,video,edge
2026-02-20 04:20:13,https://reddit.com/page66,reddit.com,social,chrome
2026-02-20 05:00:13,https://x.com/page51,x.com,social,chrome
2026-02-20 05:00:34,https://facebook.com/page41,facebook.com,social,chrome
2026-02-20 05:01:57,https://instagram.com/page37,instagram.com,social,chrome
2026-02-20 05:02:18,https://x.com/page19,x.com,social,chrome
2026-02-20 05:03:16,https://coursera.org/page80,coursera.org,learning,chrome
2026-02-20 05:04:19,https://youtube.com/page88,youtube.com,video,edge
2026-02-20 05:05:03,https://hotstar.com/page41,hotstar.com,video,chrome
2026-02-20 05:05:27,https://hotstar.com/page60,hotstar.com,video,edge
2026-02-20 05:07:07,https://netflix.com/page100,netflix.com,video,chrome
2026-02-20 05:07:38,https://hotstar.com/page34,hotstar.com,video,chrome
2026-02-20 05:07:58,https://x.com/page97,x.com,social,edge
2026-02-20 05:09:24,https://primevideo.com/page53,primevideo.com,video,edge
2026-02-20 05:09:38,https://github.com/page85,github.com,learning,edge
2026-02-20 05:10:16,https://medium.com/page28,medium.com,learning,chrome
2026-02-20 05:10:54,https://x.com/page89,x.com,social,edge
2026-02-20 05:12:22,https://facebook.com/page56,facebook.com,social,chrome
2026-02-20 05:13:09,https://reddit.com/page47,reddit.com,social,chrome
2026-02-20 05:14:12,https://facebook.com/page26,facebook.com,social,chrome
2026-02-20 05:15:25,https://coursera.org/page2,coursera.org,learning,chrome
2026-02-20 05:16:54,https://medium.com/page49,medium.com,learning,edge
2026-02-20 05:17:53,https://stackoverflow.com/page76,stackoverflow.com,learning,chrome
2026-02-20 05:18:13,https://coursera.org/page91,coursera.org,learning,chrome
2026-02-20 05:19:49,https://netflix.com/page91,netflix.com,video,edge
2026-02-20 05:20:07,https://x.com/page85,x.com,social,chrome
2026-02-20 05:20:56,https://instagram.com/page49,instagram.com,social,edge
2026-02-20 05:21:50,https://github.com/page94,github.com,learning,chrome
2026-02-20 05:23:36,https://youtube.com/page1,youtube.com,video,edge
2026-02-20 05:25:28,https://medium.com/page41,medium.com,learning,chrome
2026-02-20 05:26:31,https://wikipedia.org/page64,wikipedia.org,other,edge
2026-02-20 05:28:30,https://reddit.com/page32,reddit.com,social,chrome
2026-02-20 05:29:18,https://reddit.com/page31,reddit.com,social,edge
2026-02-20 05:30:34,https://stackoverflow.com/page54,stackoverflow.com,learning,chrome
2026-02-20 05:31:33,https://instagram.com/page36,instagram.com,social,chrome
2026-02-20 06:01:33,https://stackoverflow.com/page85,stackoverflow.com,learning,chrome
2026-02-20 06:03:01,https://primevideo.com/page63,primevideo.com,video,chrome
2026-02-20 06:04:53,https://stackoverflow.com/page81,stackoverflow.com,learning,chrome
2026-02-20 06:06:12,https://netflix.com/page27,netflix.com,video,chrome
2026-02-20 06:07:20,https://amazon.com/page83,amazon.com,shopping,chrome
2026-02-20 06:08:14,https://primevideo.com/page25,primevideo.com,video,edge
2026-02-20 06:09:18,https://flipkart.com/page22,flipkart.com,shopping,edge
2026-02-20 06:10:45,https://reddit.com/page68,reddit.com,social,chrome
2026-02-20 06:11:55,https://flipkart.com/page91,flipkart.com,shopping,chrome
2026-02-20 06:13:42,https://coursera.org/page70,coursera.org,learning,edge
2026-02-20 06:15:28,https://stackoverflow.com/page7,stackoverflow.com,learning,edge
2026-02-20 06:17:10,https://medium.com/page84,medium.com,learning,edge
2026-02-20 06:17:22,https://coursera.org/page82,coursera.org,learning,chrome
2026-02-20 06:19:18,https://wikipedia.org/page55,wikipedia.org,other,chrome
2026-02-20 06:21:17,https://hotstar.com/page56,hotstar.com,video,chrome
2026-02-20 06:21:33,https://facebook.com/page90,facebook.com,social,chrome
2026-02-20 06:22:04,https://coursera.org/page23,coursera.org,learning,edge
2026-02-20 06:23:30,https://netflix.com/page91,netflix.com,video,edge
2026-02-20 06:23:56,https://flipkart.com/page44,flipkart.com,shopping,chrome
2026-02-20 06:24:36,https://amazon.com/page49,amazon.com,shopping,edge
2026-02-20 06:25:31,https://primevideo.com/page62,primevideo.com,video,chrome
2026-02-20 06:27:06,https://stackoverflow.com/page12,stackoverflow.com,learning,edge
2026-02-20 06:28:02,https://github.com/page7,github.com,learning,edge
2026-02-20 06:29:45,https://kaggle.com/page44,kaggle.com,learning,edge
2026-02-20 06:31:26,https://hotstar.com/page17,hotstar.com,video,chrome
2026-02-20 06:32:28,https://facebook.com/page77,facebook.com,social,edge
2026-02-20 06:34:20,https://youtube.com/page97,youtube.com,video,chrome
2026-02-20 06:35:26,https://amazon.com/page40,amazon.com,shopping,edge
2026-02-20 06:36:29,https://x.com/page81,x.com,social,edge
2026-02-20 06:37:44,https://reddit.com/page66,reddit.com,social,edge
2026-02-20 06:38:23,https://reddit.com/page2,reddit.com,social,edge
2026-02-20 06:39:39,https://github.com/page92,github.com,learning,chrome
2026-02-20 06:40:24,https://facebook.com/page33,facebook.com,social,chrome
2026-02-20 06:41:41,https://stackoverflow.com/page32,stackoverflow.com,learning,chrome
2026-02-20 06:42:02,https://facebook.com/page84,facebook.com,social,edge
2026-02-20 06:43:15,https://medium.com/page54,medium.com,learning,chrome
2026-02-20 06:43:26,https://medium.com/page86,medium.com,learning,edge
2026-02-20 06:44:22,https://medium.com/page33,medium.com,learning,chrome
2026-02-20 06:45:05,https://wikipedia.org/page71,wikipedia.org,other,chrome
2026-02-20 06:46:03,https://instagram.com/page61,instagram.com,social,edge
2026-02-20 06:47:51,https://instagram.com/page70,instagram.com,social,edge
2026-02-20 06:49:08,https://instagram.com/page99,instagram.com,social,edge
2026-02-20 06:49:48,https://reddit.com/page24,reddit.com,social,chrome
2026-02-20 06:51:24,https://primevideo.com/page73,primevideo.com,video,chrome
2026-02-20 06:53:24,https://netflix.com/page4,netflix.com,video,edge
2026-02-20 06:53:56,https://hotstar.com/page52,hotstar.com,video,edge
2026-02-20 06:54:38,https://hotstar.com/page1,hotstar.com,video,chrome
2026-02-20 06:56:35,https://medium.com/page34,medium.com,learning,chrome
2026-02-20 06:57:01,https://github.com/page86,github.com,learning,edge
2026-02-20 06:58:15,https://github.com/page84,github.com,learning,edge
2026-02-20 06:58:57,https://facebook.com/page21,facebook.com,social,chrome
2026-02-20 07:00:21,https://netflix.com/page97,netflix.com,video,edge
2026-02-20 07:01:42,https://facebook.com/page18,facebook.com,social,edge
2026-02-20 07:03:22,https://primevideo.com/page66,primevideo.com,video,edge
2026-02-20 07:04:05,https://netflix.com/page39,netflix.com,video,chrome
2026-02-20 07:04:30,https://reddit.com/page29,reddit.com,social,edge
2026-02-20 07:05:59,https://youtube.com/page64,youtube.com,video,edge
2026-02-20 07:06:48,https://flipkart.com/page1,flipkart.com,shopping,chrome
2026-02-20 07:07:19,https://github.com/page92,github.com,learning,edge
2026-02-20 07:08:33,https://primevideo.com/page16,primevideo.com,video,chrome
2026-02-20 07:10:21,https://facebook.com/page41,facebook.com,social,edge
2026-02-20 07:11:52,https://youtube.com/page44,youtube.com,video,chrome
2026-02-20 08:01:52,https://github.com/page27,github.com,learning,chrome
2026-02-20 08:02:52,https://github.com/page33,github.com,learning,edge
2026-02-20 08:04:14,https://reddit.com/page65,reddit.com,social,edge
2026-02-20 08:26:14,https://wikipedia.org/page64,wikipedia.org,other,chrome
2026-02-20 08:27:04,https://youtube.com/page36,youtube.com,video,chrome
2026-02-20 08:28:22,https://coursera.org/page89,coursera.org,learning,chrome
2026-02-20 08:29:23,https://flipkart.com/page57,flipkart.com,shopping,edge
2026-02-20 08:50:23,https://coursera.org/page53,coursera.org,learning,edge
2026-02-20 08:52:12,https://medium.com/page13,medium.com,learning,chrome
2026-02-20 08:53:51,https://netflix.com/page87,netflix.com,video,edge
2026-02-20 08:55:06,https://primevideo.com/page86,primevideo.com,video,chrome
2026-02-20 08:55:27,https://x.com/page1,x.com,social,chrome
2026-02-20 08:56:09,https://x.com/page12,x.com,social,edge
2026-02-20 08:57:04,https://kaggle.com/page17,kaggle.com,learning,edge
2026-02-20 08:58:31,https://primevideo.com/page97,primevideo.com,video,chrome
2026-02-20 08:59:20,https://reddit.com/page16,reddit.com,social,edge
2026-02-20 09:00:35,https://kaggle.com/page75,kaggle.com,learning,chrome
2026-02-20 09:01:25,https://primevideo.com/page56,primevideo.com,video,edge
2026-02-20 09:02:49,https://x.com/page63,x.com,social,edge
2026-02-20 09:04:17,https://kaggle.com/page11,kaggle.com,learning,chrome
2026-02-20 09:04:59,https://coursera.org/page94,coursera.org,learning,edge
2026-02-20 09:05:39,https://flipkart.com/page4,flipkart.com,shopping,chrome
2026-02-20 09:07:22,https://medium.com/page37,medium.com,learning,edge
2026-02-20 09:07:45,https://flipkart.com/page86,flipkart.com,shopping,chrome
2026-02-20 09:07:57,https://stackoverflow.com/page90,stackoverflow.com,learning,chrome
2026-02-20 09:09:23,https://hotstar.com/page55,hotstar.com,video,edge
2026-02-20 09:09:43,https://instagram.com/page70,instagram.com,social,edge
2026-02-20 09:37:43,https://netflix.com/page88,netflix.com,video,chrome
2026-02-20 09:37:54,https://flipkart.com/page48,flipkart.com,shopping,chrome
2026-02-20 09:38:29,https://youtube.com/page42,youtube.com,video,edge
2026-02-20 09:39:24,https://hotstar.com/page81,hotstar.com,video,chrome
2026-02-20 09:40:14,https://wikipedia.org/page12,wikipedia.org,other,chrome
2026-02-20 09:41:05,https://github.com/page10,github.com,learning,edge
2026-02-20 09:42:34,https://kaggle.com/page8,kaggle.com,learning,edge
2026-02-20 09:43:51,https://github.com/page58,github.com,learning,edge
2026-02-20 09:45:21,https://hotstar.com/page91,hotstar.com,video,chrome
2026-02-20 09:45:42,https://wikipedia.org/page35,wikipedia.org,other,edge
2026-02-20 09:47:42,https://medium.com/page1,medium.com,learning,edge
2026-02-20 09:49:03,https://primevideo.com/page99,primevideo.com,video,chrome
2026-02-20 09:50:21,https://hotstar.com/page60,hotstar.com,video,edge
2026-02-20 09:51:40,https://kaggle.com/page79,kaggle.com,learning,edge
2026-02-20 09:52:12,https://hotstar.com/page84,hotstar.com,video,chrome
2026-02-20 09:53:31,https://kaggle.com/page44,kaggle.com,learning,chrome
2026-02-20 09:54:34,https://amazon.com/page27,amazon.com,shopping,chrome
2026-02-20 09:55:17,https://netflix.com/page23,netflix.com,video,edge
2026-02-20 09:56:36,https://youtube.com/page89,youtube.com,video,chrome
2026-02-20 09:57:22,https://github.com/page5,github.com,learning,edge
2026-02-20 10:52:22,https://medium.com/page86,medium.com,learning,chrome
2026-02-20 10:53:27,https://github.com/page82,github.com,learning,edge
2026-02-20 11:17:27,https://hotstar.com/page87,hotstar.com,video,chrome
2026-02-20 11:18:57,https://reddit.com/page33,reddit.com,social,edge
2026-02-20 11:20:46,https://kaggle.com/page65,kaggle.com,learning,chrome
2026-02-20 11:22:40,https://medium.com/page19,medium.com,learning,edge
2026-02-20 11:23:21,https://kaggle.com/page73,kaggle.com,learning,edge
2026-02-20 11:59:21,https://coursera.org/page85,coursera.org,learning,edge
2026-02-20 12:01:18,https://netflix.com/page33,netflix.com,video,edge
2026-02-20 12:02:41,https://github.com/page59,github.com,learning,edge
2026-02-20 12:04:33,https://hotstar.com/page66,hotstar.com,video,chrome
2026-02-20 12:05:43,https://youtube.com/page42,youtube.com,video,chrome
2026-02-20 12:07:32,https://reddit.com/page34,reddit.com,social,edge
2026-02-20 12:08:17,https://hotstar.com/page43,hotstar.com,video,chrome
2026-02-20 12:09:05,https://instagram.com/page11,instagram.com,social,edge
2026-02-20 12:10:54,https://instagram.com/page69,instagram.com,social,edge
2026-02-20 12:11:15,https://primevideo.com/page45,primevideo.com,video,chrome
2026-02-20 12:12:57,https://kaggle.com/page21,kaggle.com,learning,edge
2026-02-20 12:14:26,https://youtube.com/page54,youtube.com,video,edge
2026-02-20 12:15:15,https://youtube.com/page37,youtube.com,video,chrome
2026-02-20 12:15:34,https://amazon.com/page65,amazon.com,shopping,chrome
2026-02-20 12:16:42,https://stackoverflow.com/page88,stackoverflow.com,learning,edge
2026-02-20 12:17:12,https://flipkart.com/page94,flipkart.com,shopping,edge
2026-02-20 12:18:15,https://instagram.com/page21,instagram.com,social,edge
2026-02-20 12:19:43,https://primevideo.com/page29,primevideo.com,video,edge
2026-02-20 12:21:39,https://primevideo.com/page6,primevideo.com,video,edge
2026-02-20 12:23:03,https://flipkart.com/page71,flipkart.com,shopping,chrome
2026-02-20 12:23:51,https://github.com/page93,github.com,learning,chrome
2026-02-20 12:25:36,https://github.com/page98,github.com,learning,edge
2026-02-20 12:26:58,https://youtube.com/page15,youtube.com,video,edge
2026-02-20 12:28:53,https://x.com/page78,x.com,social,edge
2026-02-20 12:30:18,https://facebook.com/page84,facebook.com,social,edge
2026-02-20 13:23:18,https://kaggle.com/page50,kaggle.com,learning,edge
2026-02-20 13:24:10,https://primevideo.com/page39,primevideo.com,video,edge
2026-02-20 13:25:07,https://amazon.com/page16,amazon.com,shopping,chrome
2026-02-20 13:25:24,https://primevideo.com/page32,primevideo.com,video,chrome
2026-02-20 13:25:38,https://primevideo.com/page32,primevideo.com,video,edge
2026-02-20 13:26:42,https://hotstar.com/page15,hotstar.com,video,edge
2026-02-20 13:27:00,https://github.com/page33,github.com,learning,chrome
2026-02-20 13:28:04,https://netflix.com/page1,netflix.com,video,edge
2026-02-20 13:29:12,https://wikipedia.org/page27,wikipedia.org,other,edge
2026-02-20 13:29:52,https://medium.com/page13,medium.com,learning,edge
2026-02-20 13:31:04,https://reddit.com/page65,reddit.com,social,edge
2026-02-20 13:32:08,https://hotstar.com/page66,hotstar.com,video,chrome
2026-02-20 13:32:23,https://medium.com/page19,medium.com,learning,chrome
2026-02-20 13:32:58,https://flipkart.com/page11,flipkart.com,shopping,chrome
2026-02-20 13:34:10,https://netflix.com/page70,netflix.com,video,chrome
2026-02-20 13:35:24,https://reddit.com/page68,reddit.com,social,chrome
2026-02-20 13:35:43,https://x.com/page55,x.com,social,chrome
2026-02-20 13:36:28,https://flipkart.com/page13,flipkart.com,shopping,chrome
2026-02-20 13:37:07,https://flipkart.com/page25,flipkart.com,shopping,chrome
2026-02-20 13:38:46,https://hotstar.com/page87,hotstar.com,video,chrome
2026-02-20 13:39:33,https://amazon.com/page10,amazon.com,shopping,chrome
2026-02-20 13:40:17,https://reddit.com/page97,reddit.com,social,chrome
2026-02-20 13:41:02,https://youtube.com/page24,youtube.com,video,chrome
2026-02-20 14:12:02,https://flipkart.com/page49,flipkart.com,shopping,chrome
2026-02-20 14:13:11,https://stackoverflow.com/page22,stackoverflow.com,learning,edge
2026-02-20 14:13:45,https://netflix.com/page66,netflix.com,video,chrome
2026-02-20 14:15:29,https://kaggle.com/page87,kaggle.com,learning,chrome
2026-02-20 14:17:28,https://wikipedia.org/page19,wikipedia.org,other,edge
2026-02-20 14:18:53,https://youtube.com/page14,youtube.com,video,edge
2026-02-20 14:19:23,https://flipkart.com/page38,flipkart.com,shopping,edge
2026-02-20 14:20:56,https://amazon.com/page32,amazon.com,shopping,chrome
2026-02-20 14:22:19,https://primevideo.com/page66,primevideo.com,video,edge
2026-02-20 14:22:43,https://hotstar.com/page29,hotstar.com,video,edge
2026-02-20 14:23:01,https://stackoverflow.com/page82,stackoverflow.com,learning,edge
2026-02-20 14:24:12,https://x.com/page71,x.com,social,chrome
2026-02-20 14:25:40,https://facebook.com/page68,facebook.com,social,chrome
2026-02-20 14:25:56,https://instagram.com/page17,instagram.com,social,chrome
2026-02-20 14:27:46,https://primevideo.com/page78,primevideo.com,video,edge
2026-02-20 14:28:54,https://github.com/page94,github.com,learning,chrome
2026-02-20 14:30:39,https://x.com/page25,x.com,social,chrome
2026-02-20 14:31:53,https://netflix.com/page24,netflix.com,video,chrome
2026-02-20 14:32:16,https://youtube.com/page15,youtube.com,video,edge
2026-02-20 14:34:07,https://netflix.com/page39,netflix.com,video,edge
2026-02-20 14:35:49,https://kaggle.com/page18,kaggle.com,learning,edge
2026-02-20 14:36:40,https://stackoverflow.com/page100,stackoverflow.com,learning,chrome
2026-02-20 14:37:11,https://youtube.com/page67,youtube.com,video,chrome
2026-02-20 14:38:42,https://flipkart.com/page64,flipkart.com,shopping,chrome
2026-02-20 14:39:25,https://primevideo.com/page13,primevideo.com,video,edge
2026-02-20 14:41:05,https://primevideo.com/page81,primevideo.com,video,chrome
2026-02-20 14:42:47,https://youtube.com/page18,youtube.com,video,edge
2026-02-20 14:43:38,https://reddit.com/page41,reddit.com,social,chrome
2026-02-20 14:44:38,https://netflix.com/page42,netflix.com,video,edge
2026-02-20 14:45:27,https://amazon.com/page93,amazon.com,shopping,edge
2026-02-20 14:46:43,https://primevideo.com/page66,primevideo.com,video,edge
2026-02-20 14:46:57,https://amazon.com/page61,amazon.com,shopping,edge
2026-02-20 14:48:35,https://facebook.com/page68,facebook.com,social,chrome
2026-02-20 14:49:18,https://primevideo.com/page86,primevideo.com,video,chrome
2026-02-20 14:49:50,https://kaggle.com/page83,kaggle.com,learning,chrome
2026-02-20 14:50:00,https://github.com/page61,github.com,learning,edge
2026-02-20 14:51:04,https://coursera.org/page24,coursera.org,learning,chrome
2026-02-20 14:52:13,https://hotstar.com/page58,hotstar.com,video,chrome
2026-02-20 14:52:25,https://x.com/page11,x.com,social,chrome
2026-02-20 14:53:43,https://x.com/page66,x.com,social,edge
2026-02-20 14:54:20,https://netflix.com/page11,netflix.com,video,edge
2026-02-20 14:55:31,https://instagram.com/page88,instagram.com,social,chrome
2026-02-20 14:57:12,https://x.com/page37,x.com,social,edge
2026-02-20 14:58:05,https://github.com/page51,github.com,learning,chrome
2026-02-20 14:58:48,https://netflix.com/page43,netflix.com,video,edge
2026-02-20 14:59:54,https://flipkart.com/page69,flipkart.com,shopping,chrome
2026-02-20 15:01:51,https://wikipedia.org/page6,wikipedia.org,other,chrome
2026-02-20 15:03:25,https://primevideo.com/page31,primevideo.com,video,chrome
2026-02-20 15:04:07,https://github.com/page32,github.com,learning,chrome
2026-02-20 15:04:37,https://reddit.com/page44,reddit.com,social,chrome
2026-02-20 15:06:20,https://medium.com/page41,medium.com,learning,edge
2026-02-20 15:07:27,https://flipkart.com/page85,flipkart.com,shopping,chrome
2026-02-20 15:08:07,https://stackoverflow.com/page25,stackoverflow.com,learning,chrome
2026-02-20 15:09:58,https://facebook.com/page71,facebook.com,social,edge
2026-02-20 15:10:17,https://reddit.com/page44,reddit.com,social,edge
2026-02-20 15:11:32,https://amazon.com/page81,amazon.com,shopping,edge
2026-02-20 15:12:31,https://wikipedia.org/page26,wikipedia.org,other,edge
2026-02-20 15:14:19,https://facebook.com/page69,facebook.com,social,chrome
2026-02-20 15:15:38,https://youtube.com/page29,youtube.com,video,chrome
2026-02-20 15:17:07,https://facebook.com/page79,facebook.com,social,edge
2026-02-20 15:17:27,https://wikipedia.org/page15,wikipedia.org,other,edge
2026-02-20 15:18:24,https://hotstar.com/page29,hotstar.com,video,edge
2026-02-20 15:19:53,https://x.com/page13,x.com,social,edge
2026-02-20 15:20:53,https://primevideo.com/page40,primevideo.com,video,chrome
2026-02-20 15:21:04,https://primevideo.com/page84,primevideo.com,video,chrome
2026-02-20 15:21:16,https://stackoverflow.com/page79,stackoverflow.com,learning,edge
2026-02-20 15:22:36,https://flipkart.com/page70,flipkart.com,shopping,edge
2026-02-20 15:24:36,https://youtube.com/page91,youtube.com,video,edge
2026-02-20 15:25:27,https://coursera.org/page8,coursera.org,learning,edge
2026-02-20 15:27:10,https://x.com/page12,x.com,social,edge
2026-02-20 15:27:47,https://x.com/page56,x.com,social,chrome
2026-02-20 15:28:54,https://coursera.org/page21,coursera.org,learning,chrome
2026-02-20 15:29:22,https://hotstar.com/page48,hotstar.com,video,chrome
2026-02-20 15:30:53,https://hotstar.com/page91,hotstar.com,video,chrome
2026-02-20 16:08:53,https://instagram.com/page65,instagram.com,social,edge
2026-02-20 16:09:41,https://github.com/page2,github.com,learning,edge
2026-02-20 16:38:41,https://facebook.com/page56,facebook.com,social,chrome
2026-02-20 16:40:34,https://wikipedia.org/page32,wikipedia.org,other,chrome
2026-02-20 16:41:33,https://wikipedia.org/page28,wikipedia.org,other,edge
2026-02-20 16:42:39,https://kaggle.com/page85,kaggle.com,learning,edge
2026-02-20 16:43:03,https://wikipedia.org/page75,wikipedia.org,other,edge
2026-02-20 16:44:07,https://amazon.com/page52,amazon.com,shopping,chrome
2026-02-20 16:45:57,https://instagram.com/page99,instagram.com,social,edge
2026-02-20 16:47:28,https://instagram.com/page53,instagram.com,social,edge
2026-02-20 16:48:46,https://kaggle.com/page96,kaggle.com,learning,edge
2026-02-20 16:49:44,https://coursera.org/page32,coursera.org,learning,edge
2026-02-20 16:50:26,https://medium.com/page8,medium.com,learning,chrome
2026-02-20 16:51:49,https://kaggle.com/page2,kaggle.com,learning,edge
2026-02-20 16:53:39,https://medium.com/page64,medium.com,learning,chrome
2026-02-20 16:54:39,https://stackoverflow.com/page65,stackoverflow.com,learning,chrome
2026-02-20 16:56:28,https://amazon.com/page40,amazon.com,shopping,chrome
2026-02-20 16:56:49,https://wikipedia.org/page87,wikipedia.org,other,chrome
2026-02-20 16:58:23,https://x.com/page37,x.com,social,chrome
2026-02-20 16:59:43,https://medium.com/page31,medium.com,learning,edge
2026-02-20 17:01:19,https://wikipedia.org/page52,wikipedia.org,other,chrome
2026-02-20 17:02:51,https://hotstar.com/page86,hotstar.com,video,edge
2026-02-20 17:03:23,https://netflix.com/page40,netflix.com,video,edge
2026-02-20 17:05:14,https://reddit.com/page65,reddit.com,social,chrome
2026-02-20 17:06:05,https://facebook.com/page3,facebook.com,social,chrome
2026-02-20 17:07:30,https://reddit.com/page75,reddit.com,social,chrome
2026-02-20 17:09:20,https://github.com/page19,github.com,learning,edge
2026-02-20 17:10:19,https://flipkart.com/page12,flipkart.com,shopping,edge
2026-02-20 17:11:39,https://amazon.com/page2,amazon.com,shopping,chrome
2026-02-20 17:12:54,https://facebook.com/page54,facebook.com,social,edge
2026-02-20 17:13:13,https://instagram.com/page83,instagram.com,social,edge
2026-02-20 17:13:25,https://kaggle.com/page96,kaggle.com,learning,edge
2026-02-20 17:13:44,https://amazon.com/page83,amazon.com,shopping,edge
2026-02-20 17:15:38,https://x.com/page66,x.com,social,chrome
2026-02-20 17:15:50,https://reddit.com/page30,reddit.com,social,edge
2026-02-20 17:17:16,https://hotstar.com/page31,hotstar.com,video,chrome
2026-02-20 17:18:34,https://x.com/page44,x.com,social,edge
2026-02-20 17:19:04,https://youtube.com/page96,youtube.com,video,edge
2026-02-20 17:20:33,https://facebook.com/page91,facebook.com,social,chrome
2026-02-20 17:21:14,https://facebook.com/page25,facebook.com,social,edge
2026-02-20 17:49:14,https://medium.com/page30,medium.com,learning,edge
2026-02-20 17:49:35,https://coursera.org/page60,coursera.org,learning,chrome
2026-02-20 17:50:32,https://medium.com/page51,medium.com,learning,chrome
2026-02-20 17:51:35,https://coursera.org/page53,coursera.org,learning,edge
2026-02-20 17:52:12,https://x.com/page9,x.com,social,chrome
2026-02-20 17:52:36,https://medium.com/page87,medium.com,learning,edge
2026-02-20 17:54:32,https://coursera.org/page91,coursera.org,learning,chrome
2026-02-20 17:56:13,https://hotstar.com/page9,hotstar.com,video,chrome
2026-02-20 17:56:29,https://github.com/page66,github.com,learning,chrome
2026-02-20 17:56:49,https://netflix.com/page69,netflix.com,video,edge
2026-02-20 17:57:59,https://stackoverflow.com/page37,stackoverflow.com,learning,chrome
2026-02-20 17:59:56,https://instagram.com/page13,instagram.com,social,edge
2026-02-20 18:01:49,https://youtube.com/page15,youtube.com,video,edge
2026-02-20 18:03:40,https://stackoverflow.com/page82,stackoverflow.com,learning,chrome
2026-02-20 18:04:36,https://medium.com/page82,medium.com,learning,chrome
2026-02-20 18:05:38,https://stackoverflow.com/page9,stackoverflow.com,learning,edge
2026-02-20 18:06:29,https://coursera.org/page86,coursera.org,learning,edge
2026-02-20 18:07:20,https://flipkart.com/page69,flipkart.com,shopping,edge
2026-02-20 18:09:04,https://facebook.com/page32,facebook.com,social,chrome
2026-02-20 18:10:19,https://flipkart.com/page95,flipkart.com,shopping,chrome
2026-02-20 18:11:50,https://netflix.com/page85,netflix.com,video,edge
2026-02-20 18:13:32,https://facebook.com/page18,facebook.com,social,edge
2026-02-20 18:15:25,https://medium.com/page86,medium.com,learning,edge
2026-02-20 18:16:57,https://stackoverflow.com/page8,stackoverflow.com,learning,edge
2026-02-20 18:18:43,https://instagram.com/page12,instagram.com,social,edge
2026-02-20 19:13:43,https://x.com/page82,x.com,social,edge
2026-02-20 19:36:43,https://stackoverflow.com/page11,stackoverflow.com,learning,chrome
2026-02-20 19:37:55,https://flipkart.com/page38,flipkart.com,shopping,chrome
2026-02-20 19:39:02,https://reddit.com/page17,reddit.com,social,edge
2026-02-20 19:39:45,https://amazon.com/page68,amazon.com,shopping,chrome
2026-02-20 19:40:39,https://kaggle.com/page58,kaggle.com,learning,chrome
2026-02-20 19:41:37,https://wikipedia.org/page30,wikipedia.org,other,edge
2026-02-20 19:43:22,https://netflix.com/page53,netflix.com,video,chrome
2026-02-20 19:43:36,https://instagram.com/page75,instagram.com,social,chrome
2026-02-20 19:45:34,https://coursera.org/page25,coursera.org,learning,edge
2026-02-20 19:47:16,https://reddit.com/page87,reddit.com,social,chrome
2026-02-20 19:48:46,https://primevideo.com/page12,primevideo.com,video,chrome
2026-02-20 19:49:10,https://coursera.org/page13,coursera.org,learning,chrome
2026-02-20 19:51:05,https://primevideo.com/page89,primevideo.com,video,edge
2026-02-20 19:52:22,https://flipkart.com/page36,flipkart.com,shopping,chrome
2026-02-20 19:52:38,https://youtube.com/page40,youtube.com,video,edge
2026-02-20 19:54:18,https://netflix.com/page65,netflix.com,video,chrome
2026-02-20 19:54:53,https://stackoverflow.com/page4,stackoverflow.com,learning,chrome
2026-02-20 20:32:53,https://instagram.com/page99,instagram.com,social,chrome
2026-02-20 20:33:06,https://hotstar.com/page7,hotstar.com,video,edge
2026-02-20 20:33:54,https://medium.com/page12,medium.com,learning,edge
2026-02-20 20:35:02,https://facebook.com/page60,facebook.com,social,edge
2026-02-20 20:36:33,https://youtube.com/page35,youtube.com,video,edge
2026-02-20 20:38:27,https://github.com/page14,github.com,learning,edge
2026-02-20 20:38:45,https://netflix.com/page19,netflix.com,video,edge
2026-02-20 20:40:05,https://wikipedia.org/page53,wikipedia.org,other,chrome
2026-02-20 20:40:54,https://x.com/page35,x.com,social,edge
2026-02-20 20:42:13,https://medium.com/page43,medium.com,learning,edge
2026-02-20 20:43:47,https://instagram.com/page41,instagram.com,social,chrome
2026-02-20 20:44:24,https://kaggle.com/page56,kaggle.com,learning,chrome
2026-02-20 20:44:52,https://x.com/page18,x.com,social,chrome
2026-02-20 20:46:32,https://instagram.com/page44,instagram.com,social,chrome
2026-02-20 20:46:57,https://reddit.com/page26,reddit.com,social,chrome
2026-02-20 21:09:57,https://netflix.com/page65,netflix.com,video,edge
2026-02-20 21:38:57,https://hotstar.com/page52,hotstar.com,video,edge
2026-02-20 22:26:57,https://coursera.org/page27,coursera.org,learning,edge
2026-02-20 22:28:44,https://youtube.com/page27,youtube.com,video,edge
2026-02-20 22:30:35,https://hotstar.com/page90,hotstar.com,video,edge
2026-02-20 22:31:42,https://facebook.com/page78,facebook.com,social,edge
2026-02-20 22:32:47,https://x.com/page32,x.com,social,edge
2026-02-20 22:34:32,https://flipkart.com/page18,flipkart.com,shopping,chrome
2026-02-20 22:34:44,https://x.com/page66,x.com,social,edge
2026-02-20 22:35:02,https://amazon.com/page88,amazon.com,shopping,edge
2026-02-20 22:36:57,https://primevideo.com/page31,primevideo.com,video,edge
2026-02-20 22:37:49,https://medium.com/page81,medium.com,learning,edge
2026-02-20 22:39:49,https://medium.com/page98,medium.com,learning,edge
2026-02-20 22:40:24,https://primevideo.com/page11,primevideo.com,video,chrome
2026-02-20 22:40:55,https://amazon.com/page31,amazon.com,shopping,edge
2026-02-20 23:37:55,https://x.com/page98,x.com,social,edge
2026-02-21 00:28:55,https://medium.com/page93,medium.com,learning,chrome
2026-02-21 00:29:53,https://stackoverflow.com/page1,stackoverflow.com,learning,chrome
2026-02-21 00:30:54,https://coursera.org/page58,coursera.org,learning,chrome
2026-02-21 00:32:29,https://reddit.com/page93,reddit.com,social,edge
2026-02-21 00:33:52,https://coursera.org/page61,coursera.org,learning,chrome
2026-02-21 00:35:21,https://x.com/page63,x.com,social,edge
2026-02-21 00:36:21,https://youtube.com/page50,youtube.com,video,chrome
2026-02-21 00:38:08,https://kaggle.com/page14,kaggle.com,learning,edge
2026-02-21 00:40:05,https://youtube.com/page63,youtube.com,video,chrome
2026-02-21 00:41:57,https://wikipedia.org/page14,wikipedia.org,other,chrome
2026-02-21 00:42:12,https://kaggle.com/page49,kaggle.com,learning,edge
2026-02-21 00:43:44,https://x.com/page43,x.com,social,chrome
2026-02-21 00:44:23,https://coursera.org/page17,coursera.org,learning,chrome
2026-02-21 00:44:58,https://stackoverflow.com/page87,stackoverflow.com,learning,chrome
2026-02-21 00:45:44,https://wikipedia.org/page38,wikipedia.org,other,chrome
2026-02-21 00:46:13,https://github.com/page67,github.com,learning,edge
2026-02-21 00:46:24,https://flipkart.com/page89,flipkart.com,shopping,edge
2026-02-21 00:46:44,https://netflix.com/page55,netflix.com,video,edge
2026-02-21 00:47:58,https://netflix.com/page78,netflix.com,video,chrome
2026-02-21 00:49:18,https://kaggle.com/page35,kaggle.com,learning,edge
2026-02-21 00:50:07,https://instagram.com/page84,instagram.com,social,edge
2026-02-21 00:51:28,https://kaggle.com/page21,kaggle.com,learning,edge
2026-02-21 00:51:58,https://coursera.org/page29,coursera.org,learning,edge
2026-02-21 00:53:01,https://kaggle.com/page18,kaggle.com,learning,chrome
2026-02-21 00:54:21,https://wikipedia.org/page78,wikipedia.org,other,edge
2026-02-21 00:55:55,https://github.com/page3,github.com,learning,chrome
2026-02-21 00:57:39,https://medium.com/page73,medium.com,learning,edge
2026-02-21 00:58:03,https://hotstar.com/page31,hotstar.com,video,chrome
2026-02-21 00:58:21,https://netflix.com/page91,netflix.com,video,chrome
2026-02-21 00:59:44,https://netflix.com/page2,netflix.com,video,edge
2026-02-21 01:01:08,https://kaggle.com/page76,kaggle.com,learning,chrome
2026-02-21 01:02:58,https://facebook.com/page56,facebook.com,social,chrome
2026-02-21 01:04:00,https://reddit.com/page19,reddit.com,social,chrome
2026-02-21 01:04:33,https://reddit.com/page10,reddit.com,social,chrome
2026-02-21 01:05:57,https://youtube.com/page58,youtube.com,video,edge
2026-02-21 01:07:44,https://instagram.com/page67,instagram.com,social,edge
2026-02-21 01:08:07,https://netflix.com/page100,netflix.com,video,edge
2026-02-21 01:08:30,https://medium.com/page34,medium.com,learning,edge
2026-02-21 01:08:56,https://facebook.com/page16,facebook.com,social,edge
2026-02-21 01:09:13,https://github.com/page40,github.com,learning,edge
2026-02-21 01:10:53,https://facebook.com/page47,facebook.com,social,chrome
2026-02-21 01:11:39,https://primevideo.com/page93,primevideo.com,video,edge
2026-02-21 01:13:25,https://instagram.com/page17,instagram.com,social,edge
2026-02-21 01:13:40,https://stackoverflow.com/page27,stackoverflow.com,learning,edge
2026-02-21 01:14:00,https://stackoverflow.com/page48,stackoverflow.com,learning,chrome
2026-02-21 01:15:24,https://facebook.com/page6,facebook.com,social,chrome
2026-02-21 01:17:01,https://amazon.com/page66,amazon.com,shopping,chrome
2026-02-21 01:17:16,https://netflix.com/page52,netflix.com,video,chrome
2026-02-21 01:18:27,https://x.com/page14,x.com,social,edge
2026-02-21 01:19:56,https://instagram.com/page99,instagram.com,social,chrome
2026-02-21 01:21:33,https://medium.com/page3,medium.com,learning,chrome
2026-02-21 01:22:04,https://facebook.com/page37,facebook.com,social,edge
2026-02-21 01:22:31,https://coursera.org/page17,coursera.org,learning,edge
2026-02-21 01:23:04,https://youtube.com/page24,youtube.com,video,chrome
2026-02-21 01:23:49,https://youtube.com/page12,youtube.com,video,chrome
2026-02-21 01:24:20,https://stackoverflow.com/page59,stackoverflow.com,learning,edge
2026-02-21 01:24:50,https://stackoverflow.com/page30,stackoverflow.com,learning,chrome
2026-02-21 01:26:47,https://netflix.com/page17,netflix.com,video,chrome
2026-02-21 01:27:40,https://coursera.org/page42,coursera.org,learning,chrome
2026-02-21 01:28:27,https://wikipedia.org/page80,wikipedia.org,other,edge
2026-02-21 01:29:59,https://instagram.com/page75,instagram.com,social,edge
2026-02-21 01:31:24,https://stackoverflow.com/page12,stackoverflow.com,learning,chrome
2026-02-21 01:31:43,https://medium.com/page60,medium.com,learning,chrome
2026-02-21 01:32:32,https://medium.com/page88,medium.com,learning,edge
2026-02-21 01:34:26,https://instagram.com/page24,instagram.com,social,edge
2026-02-21 01:34:53,https://netflix.com/page31,netflix.com,video,chrome
2026-02-21 01:36:14,https://wikipedia.org/page37,wikipedia.org,other,chrome
2026-02-21 02:14:14,https://github.com/page38,github.com,learning,chrome
2026-02-21 02:14:24,https://primevideo.com/page51,primevideo.com,video,chrome
2026-02-21 02:15:30,https://reddit.com/page65,reddit.com,social,chrome
2026-02-21 02:16:42,https://primevideo.com/page18,primevideo.com,video,chrome
2026-02-21 02:18:23,https://kaggle.com/page28,kaggle.com,learning,edge
2026-02-21 02:18:51,https://kaggle.com/page90,kaggle.com,learning,chrome
2026-02-21 02:19:22,https://reddit.com/page100,reddit.com,social,edge
2026-02-21 02:20:05,https://primevideo.com/page73,primevideo.com,video,chrome
2026-02-21 02:21:47,https://kaggle.com/page23,kaggle.com,learning,chrome
2026-02-21 02:22:43,https://instagram.com/page97,instagram.com,social,chrome
2026-02-21 02:23:31,https://coursera.org/page33,coursera.org,learning,chrome
2026-02-21 02:24:42,https://instagram.com/page63,instagram.com,social,edge
2026-02-21 02:25:18,https://github.com/page82,github.com,learning,edge
2026-02-21 02:26:41,https://x.com/page99,x.com,social,edge
2026-02-21 02:27:42,https://hotstar.com/page76,hotstar.com,video,chrome
2026-02-21 02:29:14,https://kaggle.com/page90,kaggle.com,learning,edge
2026-02-21 02:29:47,https://medium.com/page73,medium.com,learning,edge
2026-02-21 02:30:55,https://github.com/page98,github.com,learning,edge
2026-02-21 02:32:52,https://medium.com/page30,medium.com,learning,chrome
2026-02-21 02:34:14,https://primevideo.com/page45,primevideo.com,video,edge
2026-02-21 02:35:10,https://facebook.com/page89,facebook.com,social,edge
2026-02-21 02:37:02,https://facebook.com/page68,facebook.com,social,chrome
2026-02-21 02:38:14,https://amazon.com/page80,amazon.com,shopping,edge
2026-02-21 02:39:01,https://primevideo.com/page83,primevideo.com,video,chrome
2026-02-21 02:39:22,https://x.com/page61,x.com,social,chrome
2026-02-21 02:40:35,https://instagram.com/page87,instagram.com,social,edge
2026-02-21 03:16:35,https://facebook.com/page11,facebook.com,social,edge
2026-02-21 03:18:29,https://flipkart.com/page48,flipkart.com,shopping,chrome
2026-02-21 03:20:07,https://instagram.com/page33,instagram.com,social,chrome
2026-02-21 03:21:56,https://reddit.com/page71,reddit.com,social,chrome
2026-02-21 03:22:55,https://instagram.com/page76,instagram.com,social,chrome
2026-02-21 03:23:49,https://coursera.org/page45,coursera.org,learning,edge
2026-02-21 03:25:16,https://hotstar.com/page78,hotstar.com,video,edge
2026-02-21 03:26:15,https://youtube.com/page16,youtube.com,video,edge
2026-02-21 03:26:27,https://wikipedia.org/page78,wikipedia.org,other,edge
2026-02-21 03:27:20,https://medium.com/page3,medium.com,learning,chrome
2026-02-21 03:27:58,https://facebook.com/page66,facebook.com,social,chrome
2026-02-21 03:29:48,https://primevideo.com/page33,primevideo.com,video,edge
2026-02-21 03:30:22,https://hotstar.com/page29,hotstar.com,video,edge
2026-02-21 03:31:26,https://github.com/page64,github.com,learning,edge
2026-02-21 03:32:01,https://kaggle.com/page81,kaggle.com,learning,edge
2026-02-21 03:33:58,https://youtube.com/page51,youtube.com,video,chrome
2026-02-21 03:35:50,https://facebook.com/page18,facebook.com,social,edge
2026-02-21 03:36:29,https://wikipedia.org/page59,wikipedia.org,other,chrome
2026-02-21 03:37:17,https://medium.com/page64,medium.com,learning,chrome
2026-02-21 03:38:34,https://amazon.com/page99,amazon.com,shopping,edge
2026-02-21 03:40:30,https://coursera.org/page82,coursera.org,learning,edge
2026-02-21 03:40:54,https://youtube.com/page20,youtube.com,video,edge
2026-02-21 03:42:29,https://youtube.com/page90,youtube.com,video,edge
2026-02-21 03:42:50,https://coursera.org/page16,coursera.org,learning,edge
2026-02-21 03:43:27,https://x.com/page44,x.com,social,chrome
2026-02-21 03:44:37,https://facebook.com/page47,facebook.com,social,edge
2026-02-21 03:45:46,https://facebook.com/page84,facebook.com,social,edge
2026-02-21 03:47:01,https://netflix.com/page60,netflix.com,video,chrome
2026-02-21 03:48:36,https://stackoverflow.com/page100,stackoverflow.com,learning,edge
2026-02-21 03:49:15,https://stackoverflow.com/page99,stackoverflow.com,learning,chrome
2026-02-21 03:50:02,https://x.com/page26,x.com,social,chrome
2026-02-21 03:51:16,https://medium.com/page73,medium.com,learning,edge
2026-02-21 04:44:16,https://coursera.org/page87,coursera.org,learning,edge
2026-02-21 04:45:07,https://wikipedia.org/page19,wikipedia.org,other,edge
2026-02-21 04:45:33,https://github.com/page85,github.com,learning,chrome
2026-02-21 04:46:00,https://wikipedia.org/page69,wikipedia.org,other,edge
2026-02-21 04:47:39,https://youtube.com/page36,youtube.com,video,edge
2026-02-21 04:48:47,https://reddit.com/page94,reddit.com,social,edge
2026-02-21 04:50:26,https://facebook.com/page12,facebook.com,social,chrome
2026-02-21 04:51:15,https://instagram.com/page51,instagram.com,social,edge
2026-02-21 04:52:01,https://coursera.org/page11,coursera.org,learning,edge
2026-02-21 04:52:46,https://primevideo.com/page7,primevideo.com,video,edge
2026-02-21 04:53:13,https://facebook.com/page63,facebook.com,social,chrome
2026-02-21 04:54:30,https://medium.com/page60,medium.com,learning,chrome
2026-02-21 04:54:57,https://kaggle.com/page39,kaggle.com,learning,chrome
2026-02-21 04:56:25,https://coursera.org/page8,coursera.org,learning,edge
2026-02-21 04:57:41,https://instagram.com/page28,instagram.com,social,chrome
2026-02-21 04:59:32,https://kaggle.com/page23,kaggle.com,learning,chrome
2026-02-21 05:01:12,https://facebook.com/page43,facebook.com,social,edge
2026-02-21 05:01:57,https://wikipedia.org/page49,wikipedia.org,other,edge
2026-02-21 05:03:51,https://medium.com/page8,medium.com,learning,edge
2026-02-21 05:05:17,https://wikipedia.org/page50,wikipedia.org,other,edge
2026-02-21 05:06:21,https://stackoverflow.com/page21,stackoverflow.com,learning,chrome
2026-02-21 05:45:21,https://reddit.com/page84,reddit.com,social,edge
2026-02-21 05:47:11,https://coursera.org/page23,coursera.org,learning,edge
2026-02-21 05:48:17,https://reddit.com/page65,reddit.com,social,edge
2026-02-21 05:49:44,https://flipkart.com/page83,flipkart.com,shopping,edge
2026-02-21 05:50:53,https://youtube.com/page78,youtube.com,video,edge
2026-02-21 05:51:53,https://youtube.com/page34,youtube.com,video,edge
2026-02-21 05:52:34,https://facebook.com/page67,facebook.com,social,chrome
2026-02-21 05:53:00,https://youtube.com/page44,youtube.com,video,chrome
2026-02-21 05:54:17,https://medium.com/page19,medium.com,learning,chrome
2026-02-21 05:55:00,https://facebook.com/page81,facebook.com,social,edge
2026-02-21 05:56:43,https://netflix.com/page98,netflix.com,video,edge
2026-02-21 05:58:11,https://amazon.com/page72,amazon.com,shopping,edge
2026-02-21 05:59:26,https://kaggle.com/page67,kaggle.com,learning,edge
2026-02-21 06:01:25,https://instagram.com/page66,instagram.com,social,edge
2026-02-21 06:01:45,https://netflix.com/page8,netflix.com,video,chrome
2026-02-21 06:51:45,https://amazon.com/page64,amazon.com,shopping,edge
2026-02-21 06:52:47,https://stackoverflow.com/page48,stackoverflow.com,learning,edge
2026-02-21 06:53:40,https://facebook.com/page25,facebook.com,social,edge
2026-02-21 06:55:36,https://wikipedia.org/page72,wikipedia.org,other,edge
2026-02-21 06:55:48,https://github.com/page90,github.com,learning,chrome
2026-02-21 06:56:40,https://github.com/page57,github.com,learning,chrome
2026-02-21 06:58:03,https://instagram.com/page88,instagram.com,social,chrome
2026-02-21 06:58:45,https://reddit.com/page59,reddit.com,social,chrome
2026-02-21 07:37:45,https://amazon.com/page72,amazon.com,shopping,chrome
2026-02-21 07:38:09,https://coursera.org/page20,coursera.org,learning,edge
2026-02-21 07:38:37,https://medium.com/page3,medium.com,learning,edge
2026-02-21 07:40:11,https://wikipedia.org/page95,wikipedia.org,other,chrome
2026-02-21 07:41:05,https://kaggle.com/page17,kaggle.com,learning,chrome
2026-02-21 07:42:55,https://x.com/page5,x.com,social,chrome
2026-02-21 07:43:42,https://facebook.com/page93,facebook.com,social,chrome
2026-02-21 07:44:16,https://primevideo.com/page82,primevideo.com,video,chrome
2026-02-21 07:44:51,https://facebook.com/page8,facebook.com,social,chrome
2026-02-21 08:08:51,https://stackoverflow.com/page89,stackoverflow.com,learning,chrome
2026-02-21 08:09:53,https://instagram.com/page49,instagram.com,social,chrome
2026-02-21 08:10:34,https://youtube.com/page15,youtube.com,video,chrome
2026-02-21 08:11:22,https://instagram.com/page50,instagram.com,social,edge
2026-02-21 08:11:55,https://kaggle.com/page51,kaggle.com,learning,edge
2026-02-21 08:12:58,https://wikipedia.org/page95,wikipedia.org,other,chrome
2026-02-21 08:14:04,https://medium.com/page18,medium.com,learning,chrome
2026-02-21 08:16:01,https://reddit.com/page75,reddit.com,social,edge
2026-02-21 08:17:16,https://instagram.com/page22,instagram.com,social,chrome
2026-02-21 08:18:50,https://wikipedia.org/page69,wikipedia.org,other,chrome
2026-02-21 08:20:01,https://hotstar.com/page95,hotstar.com,video,edge
2026-02-21 08:20:13,https://stackoverflow.com/page29,stackoverflow.com,learning,chrome
2026-02-21 08:21:50,https://primevideo.com/page92,primevideo.com,video,edge
2026-02-21 08:23:13,https://kaggle.com/page100,kaggle.com,learning,chrome
2026-02-21 08:23:46,https://x.com/page77,x.com,social,chrome
2026-02-21 08:25:04,https://github.com/page72,github.com,learning,chrome
2026-02-21 08:26:29,https://youtube.com/page8,youtube.com,video,edge
2026-02-21 08:27:29,https://wikipedia.org/page80,wikipedia.org,other,chrome
2026-02-21 08:27:41,https://x.com/page38,x.com,social,edge
2026-02-21 08:29:38,https://instagram.com/page89,instagram.com,social,edge
2026-02-21 08:30:15,https://reddit.com/page45,reddit.com,social,chrome
2026-02-21 08:30:26,https://kaggle.com/page72,kaggle.com,learning,edge
2026-02-21 08:31:53,https://youtube.com/page29,youtube.com,video,edge
2026-02-21 08:33:49,https://youtube.com/page8,youtube.com,video,chrome
2026-02-21 08:34:17,https://netflix.com/page5,netflix.com,video,edge
2026-02-21 08:35:26,https://amazon.com/page18,amazon.com,shopping,chrome
2026-02-21 08:37:10,https://coursera.org/page93,coursera.org,learning,edge
2026-02-21 08:37:47,https://youtube.com/page3,youtube.com,video,edge
2026-02-21 08:39:47,https://coursera.org/page29,coursera.org,learning,chrome
2026-02-21 08:40:19,https://medium.com/page45,medium.com,learning,chrome
2026-02-21 08:40:34,https://amazon.com/page83,amazon.com,shopping,edge
2026-02-21 08:41:17,https://primevideo.com/page87,primevideo.com,video,edge
2026-02-21 08:41:42,https://instagram.com/page34,instagram.com,social,chrome
2026-02-21 08:42:17,https://netflix.com/page86,netflix.com,video,edge
2026-02-21 08:43:02,https://facebook.com/page18,facebook.com,social,edge
2026-02-21 08:43:35,https://medium.com/page33,medium.com,learning,edge
2026-02-21 08:44:25,https://x.com/page4,x.com,social,edge
2026-02-21 08:44:58,https://youtube.com/page100,youtube.com,video,edge
2026-02-21 08:45:50,https://amazon.com/page5,amazon.com,shopping,edge
2026-02-21 08:46:27,https://flipkart.com/page61,flipkart.com,shopping,edge
2026-02-21 08:47:00,https://youtube.com/page17,youtube.com,video,chrome
2026-02-21 08:48:34,https://x.com/page77,x.com,social,chrome
2026-02-21 08:50:13,https://facebook.com/page91,facebook.com,social,chrome
2026-02-21 09:49:13,https://x.com/page2,x.com,social,edge
2026-02-21 09:49:54,https://facebook.com/page33,facebook.com,social,edge
2026-02-21 09:51:26,https://primevideo.com/page34,primevideo.com,video,edge
2026-02-21 09:51:55,https://flipkart.com/page42,flipkart.com,shopping,chrome
2026-02-21 09:52:11,https://youtube.com/page86,youtube.com,video,edge
2026-02-21 09:54:04,https://flipkart.com/page9,flipkart.com,shopping,chrome
2026-02-21 09:55:54,https://x.com/page27,x.com,social,edge
2026-02-21 10:54:54,https://github.com/page32,github.com,learning,chrome
2026-02-21 10:56:28,https://netflix.com/page40,netflix.com,video,chrome
2026-02-21 10:56:49,https://stackoverflow.com/page23,stackoverflow.com,learning,chrome
